-- MySQL dump 10.13  Distrib 5.1.42, for Win32 (ia32)
--
-- Host: localhost    Database: gestion_clientele
-- ------------------------------------------------------
-- Server version	5.1.42-community

/*!40101 SET @OLD_CHARACTER_SET_CLIENT=@@CHARACTER_SET_CLIENT */;
/*!40101 SET @OLD_CHARACTER_SET_RESULTS=@@CHARACTER_SET_RESULTS */;
/*!40101 SET @OLD_COLLATION_CONNECTION=@@COLLATION_CONNECTION */;
/*!40101 SET NAMES utf8 */;
/*!40103 SET @OLD_TIME_ZONE=@@TIME_ZONE */;
/*!40103 SET TIME_ZONE='+00:00' */;
/*!40014 SET @OLD_UNIQUE_CHECKS=@@UNIQUE_CHECKS, UNIQUE_CHECKS=0 */;
/*!40014 SET @OLD_FOREIGN_KEY_CHECKS=@@FOREIGN_KEY_CHECKS, FOREIGN_KEY_CHECKS=0 */;
/*!40101 SET @OLD_SQL_MODE=@@SQL_MODE, SQL_MODE='NO_AUTO_VALUE_ON_ZERO' */;
/*!40111 SET @OLD_SQL_NOTES=@@SQL_NOTES, SQL_NOTES=0 */;

--
-- Table structure for table `actualiser`
--

DROP TABLE IF EXISTS `actualiser`;
/*!40101 SET @saved_cs_client     = @@character_set_client */;
/*!40101 SET character_set_client = utf8 */;
CREATE TABLE `actualiser` (
  `TableName` varchar(20) NOT NULL,
  `Actualiser` tinyint(1) NOT NULL DEFAULT '0',
  PRIMARY KEY (`TableName`)
) ENGINE=InnoDB DEFAULT CHARSET=latin1;
/*!40101 SET character_set_client = @saved_cs_client */;

--
-- Dumping data for table `actualiser`
--

LOCK TABLES `actualiser` WRITE;
/*!40000 ALTER TABLE `actualiser` DISABLE KEYS */;
INSERT INTO `actualiser` VALUES ('agent',0),('chambre',0),('FGHJJJ',0),('operations_comptable',1),('qrtyuiui',0);
/*!40000 ALTER TABLE `actualiser` ENABLE KEYS */;
UNLOCK TABLES;

--
-- Table structure for table `agent`
--

DROP TABLE IF EXISTS `agent`;
/*!40101 SET @saved_cs_client     = @@character_set_client */;
/*!40101 SET character_set_client = utf8 */;
CREATE TABLE `agent` (
  `MatriculeRecepteur` varchar(50) NOT NULL,
  `Nom` varchar(15) NOT NULL,
  `Prenoms` varchar(30) NOT NULL,
  `SexePrecis` varchar(5) NOT NULL,
  `Login` varchar(15) DEFAULT NULL,
  `Password` varchar(20) DEFAULT NULL,
  `Residence` varchar(25) NOT NULL,
  `NumeroCel` varchar(15) DEFAULT NULL,
  `NumeroTel` varchar(15) DEFAULT NULL,
  `Email` varchar(25) DEFAULT NULL,
  `BoitePostale` varchar(25) DEFAULT NULL,
  `Statut` varchar(10) NOT NULL,
  `idService` int(11) NOT NULL,
  `DateInscription` datetime NOT NULL,
  `DateActivation` datetime DEFAULT NULL,
  `Connecte` tinyint(1) NOT NULL DEFAULT '0',
  `EtatFinConnection` tinyint(1) NOT NULL DEFAULT '1',
  `codeDeSortie` int(11) NOT NULL DEFAULT '0',
  `Activites` tinyint(1) NOT NULL DEFAULT '0',
  PRIMARY KEY (`MatriculeRecepteur`)
) ENGINE=InnoDB DEFAULT CHARSET=latin1;
/*!40101 SET character_set_client = @saved_cs_client */;

--
-- Dumping data for table `agent`
--

LOCK TABLES `agent` WRITE;
/*!40000 ALTER TABLE `agent` DISABLE KEYS */;
INSERT INTO `agent` VALUES ('ADMIN','ADMINISTRATEUR','administrateur','M.','admini','admini','INP CENTRE','44-34-86-57',NULL,NULL,NULL,'Actif',1,'2011-12-14 16:08:05','2011-12-22 16:08:16',0,0,0,0),('ADMIN02','OURA','Olivier Baudouin','M.',NULL,NULL,'KOUMASSI SICOGI 2','34-55-66-77 / 9','---','',NULL,'En attente',1,'2012-06-05 13:26:47','0000-00-00 00:00:00',0,1,0,0),('ADMIN03','N\'GETTA','Yao Rolande','Mlle',NULL,NULL,'Cocody','44556788','','',NULL,'En attente',1,'2012-08-16 10:58:56',NULL,0,1,0,0),('COMPTA','THE ','Irié Donald','M.','compta','compta','Akwaba','11-11-11-11','','hotelmanager@plus.com',NULL,'Actif',2,'2012-01-10 20:32:29','2012-01-10 20:32:29',0,0,0,0),('COMPTA01','GOTHAM','Cédric','M.',NULL,NULL,'COCODY','57-63-34-77 / 3','---','',NULL,'En attente',2,'2012-06-05 13:28:01','0000-00-00 00:00:00',0,1,0,0),('RECEPT01','COMITE','Dia Etien','M.','recept1','recept1','Qt THERESE','45-78-96-31 / -','---','oleand@yahoo.fr','01 BP 3455 Abidjan 01','Actif',3,'2011-12-31 05:14:10','2011-12-31 05:15:11',0,0,0,1),('RECEPT02','TIA','Richard Roland','M.','recept2','recept2','Qt Millionnaire','12-22-55-22 / -','---','',NULL,'Actif',3,'2012-01-10 20:07:42','2012-02-16 00:14:44',0,0,0,0),('RECEPT03','MAGGIE ','Joly','Mme','recept03','recept03','Abobo','09-90-76-55 / 7','---','',NULL,'Actif',3,'2012-06-05 13:28:58','2012-07-10 13:20:12',0,0,0,0),('RESTO01','KOUAME','Jean Phillipe','M.','resto1','resto1','Koumassi SICOGI 2',NULL,NULL,NULL,NULL,'Actif',4,'2012-06-04 00:00:00','2012-06-04 00:00:00',0,0,0,0),('RESTO02','DOURA','Cécile','Mlle','resto2','resto2','Rivéra','56-67-78-89 / 9','---','',NULL,'Actif',4,'2012-06-05 13:30:00','2012-07-10 12:52:41',0,0,0,1);
/*!40000 ALTER TABLE `agent` ENABLE KEYS */;
UNLOCK TABLES;

--
-- Table structure for table `annuler_occup`
--

DROP TABLE IF EXISTS `annuler_occup`;
/*!40101 SET @saved_cs_client     = @@character_set_client */;
/*!40101 SET character_set_client = utf8 */;
CREATE TABLE `annuler_occup` (
  `NumAnnulerOccup` int(11) NOT NULL AUTO_INCREMENT,
  `NumOccupation` int(11) NOT NULL,
  `MatriculeRecepteur` varchar(10) NOT NULL,
  `CodeClient` int(11) NOT NULL,
  `Date` datetime NOT NULL,
  PRIMARY KEY (`NumAnnulerOccup`)
) ENGINE=InnoDB AUTO_INCREMENT=16 DEFAULT CHARSET=latin1;
/*!40101 SET character_set_client = @saved_cs_client */;

--
-- Dumping data for table `annuler_occup`
--

LOCK TABLES `annuler_occup` WRITE;
/*!40000 ALTER TABLE `annuler_occup` DISABLE KEYS */;
INSERT INTO `annuler_occup` VALUES (1,10,'RECEPT01',5,'2012-06-22 08:58:38'),(2,106,'RECEPT01',14,'2012-08-11 18:19:22'),(3,98,'RECEPT01',18,'2012-08-11 18:25:05'),(4,110,'RECEPT01',18,'2012-08-11 18:50:44'),(5,101,'RECEPT01',3,'2012-08-11 18:54:16'),(6,97,'RECEPT01',21,'2012-08-11 19:08:22'),(7,108,'RECEPT01',7,'2012-08-11 19:12:54'),(8,107,'RECEPT01',8,'2012-08-11 19:16:09'),(9,94,'RECEPT01',1,'2012-08-11 19:18:24'),(10,116,'RECEPT01',1,'2012-08-11 19:20:28'),(11,95,'RECEPT01',20,'2012-08-11 19:27:07'),(12,96,'RECEPT01',17,'2012-08-11 19:43:02'),(13,103,'RECEPT01',6,'2012-08-11 21:13:34'),(14,118,'RECEPT01',20,'2012-08-11 21:14:24'),(15,109,'RECEPT01',14,'2012-08-11 21:20:30');
/*!40000 ALTER TABLE `annuler_occup` ENABLE KEYS */;
UNLOCK TABLES;

--
-- Table structure for table `annuler_reserv`
--

DROP TABLE IF EXISTS `annuler_reserv`;
/*!40101 SET @saved_cs_client     = @@character_set_client */;
/*!40101 SET character_set_client = utf8 */;
CREATE TABLE `annuler_reserv` (
  `NumAnnuler` int(11) NOT NULL AUTO_INCREMENT,
  `NumReservation` int(11) NOT NULL,
  `identiteCh` varchar(30) NOT NULL,
  `MatriculeRecepteur` varchar(10) NOT NULL,
  `Date` datetime NOT NULL,
  PRIMARY KEY (`NumAnnuler`)
) ENGINE=InnoDB AUTO_INCREMENT=18 DEFAULT CHARSET=latin1;
/*!40101 SET character_set_client = @saved_cs_client */;

--
-- Dumping data for table `annuler_reserv`
--

LOCK TABLES `annuler_reserv` WRITE;
/*!40000 ALTER TABLE `annuler_reserv` DISABLE KEYS */;
INSERT INTO `annuler_reserv` VALUES (1,1,'CV1','RECEPT01','2012-06-09 19:11:30'),(2,1,'CV1','RECEPT01','2012-06-09 19:11:34'),(3,1,'CV1','RECEPT01','2012-06-09 19:11:56'),(4,2,'CV7','RECEPT01','2012-06-16 12:49:02'),(5,9,'CV9','RECEPT01','2012-06-21 02:35:54'),(8,46,'CC1','RECEPT02','2012-07-12 11:32:34'),(9,45,'CV4','RECEPT02','2012-07-12 11:32:36'),(10,44,'CV3','RECEPT02','2012-07-12 11:32:40'),(11,42,'CV1','RECEPT02','2012-07-12 11:32:43'),(12,43,'CV2','RECEPT02','2012-07-12 11:32:45'),(13,81,'CV14','RECEPT01','2013-10-24 17:02:53'),(14,79,'CV15','RECEPT01','2013-10-24 17:02:55'),(15,80,'CV16','RECEPT01','2013-10-24 17:02:58'),(16,82,'CV17','RECEPT01','2013-10-24 17:03:01'),(17,83,'CV4','RECEPT01','2013-10-24 17:03:06');
/*!40000 ALTER TABLE `annuler_reserv` ENABLE KEYS */;
UNLOCK TABLES;

--
-- Table structure for table `categorie_menu`
--

DROP TABLE IF EXISTS `categorie_menu`;
/*!40101 SET @saved_cs_client     = @@character_set_client */;
/*!40101 SET character_set_client = utf8 */;
CREATE TABLE `categorie_menu` (
  `IdCatMenu` int(11) NOT NULL AUTO_INCREMENT,
  `Libelle` varchar(50) NOT NULL,
  `IdTypeCatMenu` int(11) NOT NULL,
  `Supprimee` tinyint(1) NOT NULL DEFAULT '0',
  PRIMARY KEY (`IdCatMenu`)
) ENGINE=InnoDB AUTO_INCREMENT=6 DEFAULT CHARSET=latin1;
/*!40101 SET character_set_client = @saved_cs_client */;

--
-- Dumping data for table `categorie_menu`
--

LOCK TABLES `categorie_menu` WRITE;
/*!40000 ALTER TABLE `categorie_menu` DISABLE KEYS */;
INSERT INTO `categorie_menu` VALUES (1,'Plat de Résistance',1,0),(2,'Dessert',1,0),(3,'Sucrerie',2,0),(4,'Entrée',1,0),(5,'Liqueur',2,0);
/*!40000 ALTER TABLE `categorie_menu` ENABLE KEYS */;
UNLOCK TABLES;

--
-- Table structure for table `chambre`
--

DROP TABLE IF EXISTS `chambre`;
/*!40101 SET @saved_cs_client     = @@character_set_client */;
/*!40101 SET character_set_client = utf8 */;
CREATE TABLE `chambre` (
  `IdentiteCh` varchar(30) NOT NULL,
  `HS` tinyint(1) NOT NULL DEFAULT '0',
  `occupee` tinyint(1) NOT NULL DEFAULT '0',
  `idTypeChambre` int(11) NOT NULL,
  `IdEtage` int(11) NOT NULL DEFAULT '1',
  PRIMARY KEY (`IdentiteCh`)
) ENGINE=InnoDB DEFAULT CHARSET=latin1;
/*!40101 SET character_set_client = @saved_cs_client */;

--
-- Dumping data for table `chambre`
--

LOCK TABLES `chambre` WRITE;
/*!40000 ALTER TABLE `chambre` DISABLE KEYS */;
INSERT INTO `chambre` VALUES ('CC1',0,1,2,2),('CC2',0,1,2,2),('CC3',0,1,2,2),('CC4',0,0,2,2),('CJ1',0,0,4,4),('CJ2',0,0,4,4),('CV1',0,0,1,1),('CV10',0,0,1,1),('CV11',0,0,1,1),('CV12',0,0,1,1),('CV13',0,0,1,1),('CV14',0,0,1,1),('CV15',0,0,1,1),('CV16',0,0,1,1),('CV17',0,0,1,1),('CV18',0,1,1,1),('CV19',0,0,1,1),('CV2',0,0,1,1),('CV20',0,0,1,1),('CV3',0,0,1,1),('CV4',0,0,1,1),('CV5',0,0,1,1),('CV6',0,0,1,1),('CV7',0,0,1,1),('CV8',0,0,1,1),('CV9',0,1,1,1),('S1',0,1,3,3),('S2',0,1,3,3),('S3',0,1,3,3),('S4',0,0,3,3),('S5',0,0,3,3);
/*!40000 ALTER TABLE `chambre` ENABLE KEYS */;
UNLOCK TABLES;

--
-- Table structure for table `chambres_reservees`
--

DROP TABLE IF EXISTS `chambres_reservees`;
/*!40101 SET @saved_cs_client     = @@character_set_client */;
/*!40101 SET character_set_client = utf8 */;
CREATE TABLE `chambres_reservees` (
  `idChambreReservee` int(11) NOT NULL AUTO_INCREMENT,
  `identiteCh` varchar(30) NOT NULL,
  `Cout` int(11) NOT NULL DEFAULT '0',
  `Avance` int(11) NOT NULL DEFAULT '0',
  `NumReservation` int(11) NOT NULL,
  `Terminee` tinyint(1) NOT NULL DEFAULT '0',
  PRIMARY KEY (`idChambreReservee`)
) ENGINE=InnoDB AUTO_INCREMENT=112 DEFAULT CHARSET=latin1;
/*!40101 SET character_set_client = @saved_cs_client */;

--
-- Dumping data for table `chambres_reservees`
--

LOCK TABLES `chambres_reservees` WRITE;
/*!40000 ALTER TABLE `chambres_reservees` DISABLE KEYS */;
INSERT INTO `chambres_reservees` VALUES (1,'CV1',10000,10000,1,1),(2,'CV2',10000,0,1,0),(3,'CV7',30000,0,2,1),(4,'CV5',30000,0,2,0),(5,'CV8',30000,0,3,0),(6,'CV17',18000,0,4,0),(7,'CV18',18000,0,4,0),(8,'CV19',18000,0,4,0),(17,'CV6',-120000,0,7,0),(18,'CV7',-200000,0,8,0),(19,'CV8',30000,0,9,1),(20,'CV9',50000,0,9,1),(21,'CV12',40000,0,11,0),(22,'CV13',40000,0,12,0),(23,'CV6',40000,0,13,0),(24,'CV1',20000,0,14,0),(25,'CV3',20000,20000,15,1),(27,'CV11',30000,0,16,0),(28,'S1',200000,0,17,0),(29,'CV3',50000,0,18,0),(30,'CC2',30000,10000,19,0),(31,'CV9',30000,10000,20,1),(32,'CJ1',0,0,21,1),(34,'S1',100000,0,23,1),(35,'S3',120000,0,24,1),(36,'CC3',30000,0,25,1),(37,'CV5',20000,0,26,1),(38,'CV12',20000,0,27,1),(39,'CV14',30000,0,28,1),(40,'CV16',20000,0,29,1),(41,'S2',150000,0,30,1),(42,'CV5',40000,0,31,1),(43,'CV6',40000,0,32,1),(44,'CV7',24000,0,33,1),(45,'CV8',40000,0,34,1),(46,'CV11',24000,0,35,1),(47,'CV12',160000,0,36,1),(48,'CV13',24000,0,37,1),(49,'CV14',40000,0,38,1),(50,'CV14',18000,0,39,0),(51,'CV16',18000,0,40,0),(52,'CV19',12000,0,41,1),(53,'CV1',0,0,42,1),(54,'CV2',18000,0,43,1),(55,'CV3',18000,0,44,1),(56,'CV4',18000,0,45,1),(57,'CC1',33000,0,46,1),(58,'CV1',0,0,47,0),(59,'CV2',18000,0,48,0),(60,'CV3',18000,0,49,0),(61,'CV4',18000,0,50,0),(62,'CV5',18000,0,51,0),(63,'CV6',18000,0,52,0),(64,'CV17',220000,0,53,0),(65,'CV20',18000,0,54,0),(66,'CV8',18000,0,55,0),(67,'CV7',18000,0,56,0),(68,'CV6',18000,0,57,0),(69,'CV5',18000,0,58,0),(70,'CV17',30000,0,59,1),(71,'CV10',120000,0,60,1),(72,'CV4',110000,60000,61,1),(73,'CV10',120000,0,62,1),(74,'CV1',120000,0,63,1),(75,'CV7',120000,0,64,1),(76,'CV6',120000,0,65,1),(77,'CV8',120000,0,66,1),(78,'CV9',120000,0,67,1),(79,'CV15',80000,0,68,1),(80,'CV18',30000,20000,69,0),(81,'CV19',30000,20000,70,0),(82,'CV20',30000,20000,71,0),(83,'CV6',30000,0,72,0),(84,'CV4',20000,20000,73,0),(85,'CV18',30000,15000,74,1),(86,'CV19',30000,0,75,0),(87,'CV13',18000,9000,76,0),(88,'CV7',0,0,77,0),(89,'CV1',18000,9000,78,1),(90,'CV15',120000,0,79,1),(91,'CV16',120000,0,80,1),(92,'CV14',120000,0,81,1),(93,'CV17',120000,0,82,1),(94,'CV4',120000,0,83,1),(101,'CV15',120000,0,90,1),(102,'CV16',120000,0,91,1),(103,'CV17',120000,0,92,1),(104,'CV4',120000,0,93,1),(105,'CV19',120000,0,94,1),(106,'CC1',210000,0,95,1),(107,'CC2',210000,0,96,1),(108,'CC3',210000,0,97,1),(109,'S1',240000,0,98,1),(110,'S2',240000,0,99,1),(111,'S3',240000,0,100,1);
/*!40000 ALTER TABLE `chambres_reservees` ENABLE KEYS */;
UNLOCK TABLES;

--
-- Table structure for table `client`
--

DROP TABLE IF EXISTS `client`;
/*!40101 SET @saved_cs_client     = @@character_set_client */;
/*!40101 SET character_set_client = utf8 */;
CREATE TABLE `client` (
  `CodeClient` int(11) NOT NULL AUTO_INCREMENT,
  `Nom` varchar(20) DEFAULT NULL,
  `Prenoms` varchar(50) DEFAULT NULL,
  `Homme` tinyint(1) NOT NULL DEFAULT '1',
  `DateDeNaissance` date DEFAULT NULL,
  `LieuDeNaissance` varchar(160) DEFAULT NULL,
  `Pere` varchar(160) DEFAULT NULL,
  `Mere` varchar(160) DEFAULT NULL,
  `Profession` varchar(160) DEFAULT NULL,
  `DomicileHabituel` varchar(160) DEFAULT NULL,
  `Nationalite` varchar(70) DEFAULT NULL,
  `NumeroCel` varchar(50) DEFAULT NULL,
  `NumeroTel` varchar(50) DEFAULT NULL,
  `Email` varchar(50) DEFAULT NULL,
  `BoitePostale` varchar(50) DEFAULT NULL,
  PRIMARY KEY (`CodeClient`)
) ENGINE=InnoDB AUTO_INCREMENT=40 DEFAULT CHARSET=latin1;
/*!40101 SET character_set_client = @saved_cs_client */;

--
-- Dumping data for table `client`
--

LOCK TABLES `client` WRITE;
/*!40000 ALTER TABLE `client` DISABLE KEYS */;
INSERT INTO `client` VALUES (1,'OURA','Olivier B.',1,'2000-01-01','','','','','','Ivoirienne','67-77-75-54 / ---','---','',NULL),(2,'YEO','Sylvain',1,'2000-01-01','','','','Comptable','','','33-44-55-66 / ---','---','',NULL),(3,'GOME','PATE',1,'2000-01-01','','','','Elève','','','33-44-55-66 / ---','---','',NULL),(4,'KALOU','Bois',1,NULL,NULL,NULL,NULL,NULL,NULL,NULL,'22-34-45-56 / ---','---','',NULL),(5,'FADE','Goural',1,'2000-01-01','','','','','','','33-44-55-66 / ---','---','',NULL),(6,'TUO','Rudolphe',1,NULL,NULL,NULL,NULL,NULL,NULL,NULL,'13-33-44-46 / 66-66-66-79','---','',NULL),(7,'TOURE','Mariam',0,'2000-01-01','','','','Commerçante','','','54-56-67-78 / 88-99-90-07','---','',NULL),(8,'RESA','Obrea',0,NULL,NULL,NULL,NULL,'Femme d\'affaires',NULL,NULL,'23-43-54-56 / 65-76-45-32','---','','01 BP 1909 Abidjan 01'),(9,'KALOU','Ange',1,NULL,NULL,NULL,NULL,NULL,NULL,NULL,'33-45-56-66 / 77-70-00-00','---','',NULL),(10,'KINKELA','Sara',0,'1967-01-20','Djakro','Mémin Ange','Akissi Adjoua','Artiste','Plateau Dokui','Ivoirienne','45-32-45-77 / ---','---','',NULL),(12,'DIMITRI','Alexandre',1,'1986-07-03','Grand-Lahou','DIMITRI Konan','MELEDJE Ahou','Homme d\'affaires','Cocody Rivera Palmeraie','Ivoirienne','34-43-45-66 / 43-55-66-77','---','',NULL),(13,'KPAN','Rufus',1,'1981-04-02','Bingerville','KPAN Yacinthe','Dékaneh Ange','Banquier','Marcory','Ghanéen','34-45-56-66 / 55-44-33-32','---','',NULL),(14,'ADJALE','Dofus',1,'1978-05-04','Dabou','KOFFI Hemerson','YAPI Doroté','Mécanicien','Yopougon','Ivoirien','55-66-55-44 / 33-55-66-77','---','',NULL),(15,'GBEKE','Romuald Teny',1,'1979-04-02','Agnibilékro','TRAORE Teny','N\'Guessan Akissi','Banquier','Sari (Man)','Ivoirienne','34-55-66-77 / ---','---','',NULL),(16,'YAO','Kouassi',1,'1989-09-02','Duékoué','ZOMBI Maxime','KASSI Kouadio Clémentine','Planteur','Morofê','Ivoirienne','74-45-77-99 / 11-22-33-44','22-33-44-55','yaokouassi@yahoo.fr','01 BP 1245 Yamoussoukro 01'),(17,'CALE','Thierry',1,'1985-09-07','Katiola','CALE Franck','CALE Rosine','Cuisinier','II Plateaux SOCOCE','Ivoirienne','44-55-44-55 / 33-44-53-33','22-55-66-77','calethierry@yahoo.fr','01 BP 2345 Abidjan 01'),(18,'Nadio','Jean',1,'1987-09-09','Adzopé','','','Informaticien','Koumassi','Ivoirienne','57-14-23-33 / ---','---','nadio.jean@yahoo.fr',NULL),(19,'KOUA','Rosine Richemond',0,'1850-06-02','Tiébissou','KOUA Kouamé','KOUA Akissi Valence','Comptable','Koumassi','Ghannéene','34-43-34-44 / 23-33-33-33','---','',NULL),(20,'HIE','Donatien Thierry',1,'1979-01-01','Monrovia','HIE Yamien','HIE Elisabeth','Homme d\'affaires','Cocody Angré','Libérien','01-34-53-44 / 02-33-44-46','23-34-44-55','',NULL),(21,'BELEMO','Cédric',1,'1974-11-11','','','','','','','0045677889900','','',NULL),(22,'GAN','Christophe',1,'1970-03-01','Duékoué','','','','','Ivoirienne','23456789','','',NULL),(23,'KOUMAN','Azaël',1,'1967-01-01','Dabou','','','','','Ivoirienne','34562389','','',NULL),(24,'GODOME','Patrick',1,'2000-01-01','','','','','','','34556677','','',NULL),(25,'pasteur','tym',1,'2000-01-01','','','','','','','45459529','','aiglemando@gmail.com',NULL),(26,'SEA','Paul',1,'2000-01-01','','','','','','','23456689','','',NULL),(27,'GOUROU','Yop',1,'2000-01-01','','','','','','','344555566','','',NULL),(28,'THIP','Oureto',1,'2000-01-01','','','','','','','23455666','','',NULL),(29,'GRAH','Firmin',1,'1983-05-02','','','','','','','34568909','','',NULL),(30,'GER','Odylé',1,'1994-01-01','','','','','','','23567889','','',NULL),(31,'TRE','Tylité',1,'2000-01-01','','','','','','','35678999','','',NULL),(32,'ZTR','Poltron',1,'2000-01-01','','','','','','','56456778','','',NULL),(33,'YUO','Gat',1,'2000-01-01','','','','','','','23678890','','',NULL),(34,'KOFFI','Léandre',1,'2000-01-01','','','','','','','09444333','','',NULL),(35,'LOKOURI','Julie',0,'2000-01-01','','','','','','','22344556','','',NULL),(36,'KRA','Mathieu',1,'2000-01-01','','','','','','','0909909','','',NULL),(37,'GUO','Olivier',1,'2000-01-01','','','','','','','12345678','','',NULL),(38,'KAME','Sébastien',1,'2000-01-01','','','','','','','1234456','','',NULL),(39,'GADJI','Celi',1,'2000-01-01','','','','','','','123456677','','',NULL);
/*!40000 ALTER TABLE `client` ENABLE KEYS */;
UNLOCK TABLES;

--
-- Table structure for table `clotures_service`
--

DROP TABLE IF EXISTS `clotures_service`;
/*!40101 SET @saved_cs_client     = @@character_set_client */;
/*!40101 SET character_set_client = utf8 */;
CREATE TABLE `clotures_service` (
  `IdClotureService` int(11) NOT NULL AUTO_INCREMENT,
  `Date` date NOT NULL,
  `DepotSurCompteClient` int(11) NOT NULL DEFAULT '0',
  `MontantEncaisse` int(11) NOT NULL DEFAULT '0',
  `MontantRetire` int(11) NOT NULL DEFAULT '0',
  `MontantRestant` int(11) NOT NULL DEFAULT '0',
  `ReglementEspece` int(11) NOT NULL DEFAULT '0',
  `ReglementCheque` int(11) NOT NULL DEFAULT '0',
  `ReglementCarteDeCredit` int(11) NOT NULL DEFAULT '0',
  `ReglementCompteClient` int(11) NOT NULL DEFAULT '0',
  `MatriculeAgent` varchar(50) NOT NULL,
  `Depouille` tinyint(1) NOT NULL DEFAULT '0',
  PRIMARY KEY (`IdClotureService`)
) ENGINE=InnoDB AUTO_INCREMENT=14 DEFAULT CHARSET=latin1;
/*!40101 SET character_set_client = @saved_cs_client */;

--
-- Dumping data for table `clotures_service`
--

LOCK TABLES `clotures_service` WRITE;
/*!40000 ALTER TABLE `clotures_service` DISABLE KEYS */;
INSERT INTO `clotures_service` VALUES (1,'2012-06-13',0,13500,0,0,8500,5000,0,0,'RESTO01',1),(2,'2012-06-14',0,4500,0,0,4500,0,0,0,'RESTO01',1),(3,'2012-06-15',0,4500,0,0,4500,0,0,0,'RESTO01',1),(4,'2012-06-17',0,13700,0,4200,9500,0,4200,0,'RESTO01',1),(5,'2012-06-24',0,283500,0,43000,253500,0,30000,0,'RECEPT01',0),(6,'2012-06-26',0,28200,0,0,23700,0,4500,0,'RESTO01',0),(7,'2012-07-02',900000,2690500,0,0,1739000,170000,384000,397500,'RECEPT01',0),(8,'2012-07-10',0,92650,0,0,47600,0,19000,26050,'RESTO01',0),(9,'2012-07-16',0,95500,0,6200,89600,0,0,5900,'RESTO01',0),(10,'2012-07-16',0,10000,0,2000,10000,0,0,0,'RECEPT02',0),(11,'2012-07-18',25000,952250,0,60000,815700,12000,61850,62700,'RECEPT01',0),(12,'2012-08-03',0,1439900,0,580000,1397900,0,0,42000,'RECEPT01',0),(13,'2012-08-15',37000,876000,96000,70000,402000,570000,0,0,'RECEPT01',0);
/*!40000 ALTER TABLE `clotures_service` ENABLE KEYS */;
UNLOCK TABLES;

--
-- Table structure for table `comptes_client`
--

DROP TABLE IF EXISTS `comptes_client`;
/*!40101 SET @saved_cs_client     = @@character_set_client */;
/*!40101 SET character_set_client = utf8 */;
CREATE TABLE `comptes_client` (
  `IdCompteClient` int(11) NOT NULL AUTO_INCREMENT,
  `Libelle` varchar(50) NOT NULL,
  `CodeClient` int(11) NOT NULL,
  `Solde` int(11) NOT NULL,
  PRIMARY KEY (`IdCompteClient`)
) ENGINE=InnoDB AUTO_INCREMENT=6 DEFAULT CHARSET=latin1;
/*!40101 SET character_set_client = @saved_cs_client */;

--
-- Dumping data for table `comptes_client`
--

LOCK TABLES `comptes_client` WRITE;
/*!40000 ALTER TABLE `comptes_client` DISABLE KEYS */;
INSERT INTO `comptes_client` VALUES (1,'Compte hotel',1,188150),(2,'hotel',5,414200),(3,'hotel',9,288000),(4,'hotel',4,0),(5,'89065E',3,0);
/*!40000 ALTER TABLE `comptes_client` ENABLE KEYS */;
UNLOCK TABLES;

--
-- Table structure for table `config_service_compta`
--

DROP TABLE IF EXISTS `config_service_compta`;
/*!40101 SET @saved_cs_client     = @@character_set_client */;
/*!40101 SET character_set_client = utf8 */;
CREATE TABLE `config_service_compta` (
  `Id_csc` int(11) NOT NULL AUTO_INCREMENT,
  `Action` varchar(50) NOT NULL,
  `compteAssocie` int(11) NOT NULL DEFAULT '0',
  `Id_se` int(11) NOT NULL,
  PRIMARY KEY (`Id_csc`)
) ENGINE=InnoDB AUTO_INCREMENT=11 DEFAULT CHARSET=latin1;
/*!40101 SET character_set_client = @saved_cs_client */;

--
-- Dumping data for table `config_service_compta`
--

LOCK TABLES `config_service_compta` WRITE;
/*!40000 ALTER TABLE `config_service_compta` DISABLE KEYS */;
INSERT INTO `config_service_compta` VALUES (1,'Règlement en espèce',57,3),(2,'Règlement par chèque',0,0),(3,'Crédit clientèle',4111,3),(4,'Location de chambre',7073,3),(5,'Avance sur location',167,3),(6,'Vente de nourriture',0,4),(7,'TVA déductible',4441,2),(8,'TVA collectée',4432,2),(9,'Penalité sur retard à la sortie',84,3),(10,'Taxe touristique',4422,2);
/*!40000 ALTER TABLE `config_service_compta` ENABLE KEYS */;
UNLOCK TABLES;

--
-- Table structure for table `conso_resto`
--

DROP TABLE IF EXISTS `conso_resto`;
/*!40101 SET @saved_cs_client     = @@character_set_client */;
/*!40101 SET character_set_client = utf8 */;
CREATE TABLE `conso_resto` (
  `IdConsoResto` int(11) NOT NULL AUTO_INCREMENT,
  `IdMenu` int(11) NOT NULL,
  `NbMenu` int(11) NOT NULL,
  `CoutTotal` int(11) NOT NULL,
  `IdRepasCResto` int(11) NOT NULL,
  PRIMARY KEY (`IdConsoResto`)
) ENGINE=InnoDB AUTO_INCREMENT=225 DEFAULT CHARSET=latin1;
/*!40101 SET character_set_client = @saved_cs_client */;

--
-- Dumping data for table `conso_resto`
--

LOCK TABLES `conso_resto` WRITE;
/*!40000 ALTER TABLE `conso_resto` DISABLE KEYS */;
INSERT INTO `conso_resto` VALUES (1,1,1,4000,1),(2,3,1,500,1),(3,1,1,4000,2),(4,1,1,4000,4),(5,3,2,1000,4),(6,1,1,4000,5),(7,3,1,500,5),(8,1,1,4000,6),(9,3,1,500,6),(10,1,2,8000,7),(11,3,1,500,7),(12,4,1,700,7),(13,1,1,4000,8),(14,3,1,500,8),(15,1,1,4000,10),(16,3,1,500,10),(17,4,1,700,10),(18,2,1,5000,11),(19,1,2,8000,12),(20,3,2,1000,12),(21,1,1,4000,13),(22,3,1,500,13),(23,1,1,4000,14),(24,3,1,500,14),(25,1,1,4000,15),(26,3,1,500,15),(27,2,5,25000,16),(28,3,5,2500,16),(29,1,1,4000,20),(30,5,1,7000,20),(31,8,1,1000,20),(32,9,1,850,20),(33,1,1,4000,21),(34,5,1,7000,21),(35,4,1,700,21),(36,1,1,4000,23),(37,3,1,500,23),(38,1,1,4000,22),(39,3,1,500,22),(40,1,1,4000,25),(41,3,1,500,25),(42,1,1,4000,27),(43,10,2,2000,27),(44,8,2,2000,27),(45,1,1,4000,29),(46,3,1,500,29),(47,4,1,700,29),(48,1,1,4000,30),(49,3,1,500,30),(50,7,2,1200,30),(51,5,1,7000,30),(52,1,1,4000,31),(53,5,1,7000,31),(54,3,1,500,31),(55,4,1,700,31),(56,1,1,4000,32),(57,3,1,500,32),(58,1,1,4000,33),(59,3,1,500,33),(60,7,2,1200,33),(61,1,1,4000,34),(62,3,1,500,34),(63,8,2,2000,34),(64,1,1,4000,35),(65,3,1,500,35),(66,1,1,4000,36),(67,3,1,500,36),(68,7,2,1200,36),(69,1,1,4000,37),(70,1,1,4000,37),(71,1,1,4000,37),(72,1,1,4000,38),(73,3,1,500,38),(74,7,1,600,38),(75,7,1,600,38),(79,1,1,4000,41),(82,2,1,3000,41),(83,5,2,12000,41),(84,1,1,4000,42),(86,1,1,4000,43),(87,7,2,1200,43),(88,3,2,1000,42),(89,1,1,4000,45),(90,5,1,7000,45),(91,3,2,1000,45),(92,8,6,6000,44),(93,2,2,10000,46),(94,7,2,1200,46),(95,1,1,4000,47),(96,8,1,1000,47),(97,1,1,4000,49),(98,4,2,1400,49),(99,4,1,450,49),(100,7,1,600,48),(101,8,2,2000,48),(102,1,1,4000,51),(103,3,2,1000,51),(104,4,1,700,51),(105,1,1,4000,50),(106,3,1,500,50),(107,5,1,7000,52),(108,10,2,2000,52),(109,3,4,2000,52),(110,1,2,8000,53),(111,5,1,7000,53),(112,1,1,4000,54),(113,3,1,500,54),(114,4,1,700,54),(115,1,1,4000,55),(116,3,1,500,55),(117,4,2,1400,55),(118,5,1,7000,56),(119,7,2,1200,56),(120,1,1,4000,57),(121,5,1,7000,57),(122,3,1,500,57),(123,1,1,4000,58),(124,5,1,7000,58),(125,4,1,700,58),(126,1,1,4000,59),(127,10,1,1000,60),(128,12,1,6000,60),(129,14,1,1000,60),(130,3,2,1000,60),(131,11,1,4500,61),(132,13,1,3500,61),(133,7,1,600,61),(134,3,2,1000,62),(135,4,1,700,62),(137,8,1,1000,62),(138,10,2,2000,61),(139,2,1,5000,63),(140,3,1,500,63),(141,13,1,3500,64),(142,14,1,1000,64),(143,8,2,2000,64),(144,10,3,3000,65),(145,1,1,4000,65),(146,4,1,700,65),(147,3,4,2000,65),(148,14,3,3000,66),(149,11,2,9000,66),(150,3,3,1500,66),(151,1,6,24000,67),(152,3,6,3000,67),(153,10,2,2000,68),(154,12,1,6000,68),(155,1,1,4000,68),(156,4,3,2100,68),(157,14,3,3000,69),(158,3,3,1500,69),(159,14,1,1000,70),(160,8,2,2000,70),(161,5,2,14000,71),(162,11,1,4500,71),(163,3,1,500,71),(164,7,2,1200,71),(165,14,2,2000,73),(166,10,1,1000,73),(167,3,1,500,73),(168,10,1,1000,74),(169,2,1,5000,74),(170,13,3,10500,74),(171,3,2,1000,74),(172,10,1,1000,77),(173,2,1,5000,77),(174,12,3,18000,107),(175,16,2,17800,107),(176,1,3,12000,107),(177,8,3,3000,108),(178,14,2,2000,109),(179,14,1,1000,110),(180,7,2,1200,110),(181,14,1,1000,111),(182,12,1,6000,111),(183,18,1,1800,112),(184,2,1,5000,112),(185,15,1,3500,112),(186,18,2,3600,113),(187,19,2,1200,113),(188,1,1,4000,113),(189,20,1,2500,114),(190,15,1,3500,115),(191,14,1,1000,118),(192,20,1,2500,118),(193,14,1,1000,119),(194,10,1,1000,119),(195,3,1,500,119),(196,14,1,1000,120),(197,18,1,1800,120),(198,20,1,2500,120),(199,19,1,600,121),(200,10,1,1000,121),(201,16,1,8900,122),(202,14,1,1000,123),(203,18,1,1800,123),(204,19,2,1200,124),(205,1,1,4000,124),(206,19,2,1200,125),(207,12,1,6000,125),(208,14,1,1000,126),(209,20,1,2500,126),(210,14,2,2000,127),(212,16,1,8900,129),(213,8,2,2000,130),(214,20,2,5000,131),(215,19,2,1200,132),(216,15,1,3500,132),(217,18,1,1800,133),(218,17,1,1400,133),(219,14,1,1000,134),(220,3,1,500,134),(221,2,1,5000,135),(222,18,1,1800,135),(223,8,2,2000,135),(224,14,1,1000,135);
/*!40000 ALTER TABLE `conso_resto` ENABLE KEYS */;
UNLOCK TABLES;

--
-- Table structure for table `effectuer_reserv`
--

DROP TABLE IF EXISTS `effectuer_reserv`;
/*!40101 SET @saved_cs_client     = @@character_set_client */;
/*!40101 SET character_set_client = utf8 */;
CREATE TABLE `effectuer_reserv` (
  `NumEffectuer` int(11) NOT NULL AUTO_INCREMENT,
  `NumReservation` int(11) NOT NULL,
  `identiteCh` varchar(30) NOT NULL,
  `MatriculeRecepteur` varchar(10) NOT NULL,
  `Date` datetime NOT NULL,
  PRIMARY KEY (`NumEffectuer`)
) ENGINE=InnoDB AUTO_INCREMENT=76 DEFAULT CHARSET=latin1;
/*!40101 SET character_set_client = @saved_cs_client */;

--
-- Dumping data for table `effectuer_reserv`
--

LOCK TABLES `effectuer_reserv` WRITE;
/*!40000 ALTER TABLE `effectuer_reserv` DISABLE KEYS */;
INSERT INTO `effectuer_reserv` VALUES (1,9,'CV8','RECEPT01','2012-06-21 02:35:40'),(2,21,'CJ1','RECEPT01','2012-06-23 20:51:59'),(3,20,'CV9','RECEPT01','2012-06-26 20:46:44'),(4,15,'CV3','RECEPT01','2012-06-26 20:46:54'),(5,23,'S1','RECEPT01','2012-06-29 13:06:03'),(6,24,'S3','RECEPT01','2012-06-29 13:23:47'),(7,26,'CV5','RECEPT01','2012-06-29 13:37:25'),(8,25,'CC3','RECEPT01','2012-06-29 13:39:06'),(9,27,'CV12','RECEPT01','2012-06-29 14:14:12'),(10,28,'CV14','RECEPT01','2012-06-29 14:18:55'),(11,29,'CV16','RECEPT01','2012-06-29 14:21:44'),(12,30,'S2','RECEPT01','2012-06-29 17:25:02'),(13,31,'CV5','RECEPT01','2012-07-02 21:17:14'),(14,32,'CV6','RECEPT01','2012-07-02 21:20:11'),(15,33,'CV7','RECEPT01','2012-07-02 21:20:39'),(16,34,'CV8','RECEPT01','2012-07-02 21:20:51'),(17,35,'CV11','RECEPT01','2012-07-02 22:35:45'),(18,36,'CV12','RECEPT01','2012-07-02 22:35:57'),(19,37,'CV13','RECEPT01','2012-07-02 22:36:07'),(20,38,'CV14','RECEPT01','2012-07-02 22:36:22'),(21,41,'CV19','RECEPT01','2012-07-10 16:50:41'),(22,61,'CV4','RECEPT01','2012-08-03 12:31:22'),(23,62,'CV10','RECEPT01','2012-08-04 16:12:31'),(24,63,'CV1','RECEPT01','2012-08-04 16:17:58'),(25,65,'CV6','RECEPT01','2012-08-04 16:19:07'),(26,64,'CV7','RECEPT01','2012-08-04 16:19:29'),(27,66,'CV8','RECEPT01','2012-08-04 16:19:47'),(28,67,'CV9','RECEPT01','2012-08-04 16:19:57'),(29,68,'CV15','RECEPT01','2012-08-18 23:20:49'),(58,78,'CV1','RECEPT01','2013-10-24 16:03:14'),(61,90,'CV15','RECEPT01','2013-10-24 17:32:38'),(62,91,'CV16','RECEPT01','2013-10-24 17:33:46'),(63,92,'CV17','RECEPT01','2013-10-24 17:34:01'),(64,93,'CV4','RECEPT01','2013-10-24 17:34:30'),(65,94,'CV19','RECEPT01','2013-10-24 17:34:36'),(66,74,'CV18','RECEPT01','2013-10-26 14:15:22'),(67,95,'CC1','RECEPT01','2013-10-26 19:37:59'),(68,96,'CC2','RECEPT01','2013-10-26 19:40:47'),(69,97,'CC3','RECEPT01','2013-10-26 19:41:13'),(73,98,'S1','RECEPT01','2013-10-27 22:25:56'),(74,99,'S2','RECEPT01','2013-10-27 22:26:02'),(75,100,'S3','RECEPT01','2013-10-27 22:26:07');
/*!40000 ALTER TABLE `effectuer_reserv` ENABLE KEYS */;
UNLOCK TABLES;

--
-- Table structure for table `emettre_reserv`
--

DROP TABLE IF EXISTS `emettre_reserv`;
/*!40101 SET @saved_cs_client     = @@character_set_client */;
/*!40101 SET character_set_client = utf8 */;
CREATE TABLE `emettre_reserv` (
  `NumEmettre` int(11) NOT NULL AUTO_INCREMENT,
  `NumReservation` int(11) NOT NULL,
  `identiteCh` varchar(30) NOT NULL,
  `MatriculeRecepteur` varchar(10) NOT NULL,
  `Date` datetime NOT NULL,
  PRIMARY KEY (`NumEmettre`),
  KEY `NumReservation` (`NumReservation`),
  KEY `MatriculeRecepteur` (`MatriculeRecepteur`)
) ENGINE=InnoDB AUTO_INCREMENT=109 DEFAULT CHARSET=latin1;
/*!40101 SET character_set_client = @saved_cs_client */;

--
-- Dumping data for table `emettre_reserv`
--

LOCK TABLES `emettre_reserv` WRITE;
/*!40000 ALTER TABLE `emettre_reserv` DISABLE KEYS */;
INSERT INTO `emettre_reserv` VALUES (1,2,'CV4','RECEPT01','2012-06-16 12:02:44'),(2,2,'CV5','RECEPT01','2012-06-16 12:02:44'),(3,3,'CV8','RECEPT01','2012-06-16 12:47:11'),(4,4,'CV17','RECEPT01','2012-06-17 15:22:03'),(5,4,'CV18','RECEPT01','2012-06-17 15:22:03'),(6,4,'CV19','RECEPT01','2012-06-17 15:22:03'),(7,0,'CV8','RECEPT01','2012-06-20 08:05:21'),(8,0,'CV8','RECEPT01','2012-06-20 10:41:15'),(9,0,'CV9','RECEPT01','2012-06-20 10:41:15'),(12,0,'CV9','RECEPT01','2012-06-20 18:53:17'),(13,5,'CV10','RECEPT01','2012-06-20 18:58:32'),(14,6,'S1','RECEPT01','2012-06-20 19:27:51'),(15,7,'CV6','RECEPT01','2012-06-20 19:28:20'),(16,8,'CV7','RECEPT01','2012-06-20 19:28:20'),(17,9,'CV8','RECEPT01','2012-06-20 20:13:43'),(18,9,'CV9','RECEPT01','2012-06-20 20:13:43'),(19,11,'CV12','RECEPT01','2012-06-20 20:14:37'),(20,12,'CV13','RECEPT01','2012-06-20 20:14:37'),(21,13,'CV6','RECEPT01','2012-06-20 21:52:51'),(22,14,'CV1','RECEPT01','2012-06-21 01:37:05'),(23,15,'CV3','RECEPT01','2012-06-21 01:37:05'),(24,16,'CV11','RECEPT01','2012-06-21 01:37:57'),(25,17,'S1','RECEPT01','2012-06-21 02:10:03'),(26,18,'CV3','RECEPT01','2012-06-21 12:12:00'),(27,19,'CC2','RECEPT01','2012-06-21 14:31:43'),(28,20,'CV9','RECEPT01','2012-06-22 09:16:36'),(29,21,'CJ1','RECEPT01','2012-06-22 19:37:14'),(31,23,'S1','RECEPT01','2012-06-29 12:53:59'),(32,24,'S3','RECEPT01','2012-06-29 13:23:33'),(33,25,'CC3','RECEPT01','2012-06-29 13:25:37'),(34,26,'CV5','RECEPT01','2012-06-29 13:36:24'),(35,27,'CV12','RECEPT01','2012-06-29 14:13:58'),(36,28,'CV14','RECEPT01','2012-06-29 14:18:46'),(37,29,'CV16','RECEPT01','2012-06-29 14:21:37'),(38,30,'S2','RECEPT01','2012-06-29 17:24:23'),(39,31,'CV5','RECEPT01','2012-07-02 21:14:47'),(40,32,'CV6','RECEPT01','2012-07-02 21:14:47'),(41,33,'CV7','RECEPT01','2012-07-02 21:14:47'),(42,34,'CV8','RECEPT01','2012-07-02 21:14:47'),(43,35,'CV11','RECEPT01','2012-07-02 22:34:42'),(44,36,'CV12','RECEPT01','2012-07-02 22:34:42'),(45,37,'CV13','RECEPT01','2012-07-02 22:34:42'),(46,38,'CV14','RECEPT01','2012-07-02 22:34:42'),(47,39,'CV14','RECEPT01','2012-07-10 14:41:07'),(48,40,'CV16','RECEPT01','2012-07-10 14:41:07'),(49,41,'CV19','RECEPT01','2012-07-10 14:41:52'),(50,42,'CV1','RECEPT02','2012-07-12 11:28:48'),(51,43,'CV2','RECEPT02','2012-07-12 11:28:48'),(52,44,'CV3','RECEPT02','2012-07-12 11:28:48'),(53,45,'CV4','RECEPT02','2012-07-12 11:28:48'),(54,46,'CC1','RECEPT02','2012-07-12 11:28:48'),(55,47,'CV1','RECEPT02','2012-07-12 20:10:26'),(56,48,'CV2','RECEPT02','2012-07-12 20:10:26'),(57,49,'CV3','RECEPT02','2012-07-12 20:10:26'),(58,50,'CV4','RECEPT02','2012-07-12 20:10:26'),(59,51,'CV5','RECEPT02','2012-07-12 20:11:19'),(60,52,'CV6','RECEPT02','2012-07-12 20:11:19'),(61,53,'CV17','RECEPT02','2012-07-13 21:19:47'),(62,54,'CV20','RECEPT01','2012-07-16 10:24:06'),(63,55,'CV8','RECEPT01','2012-07-16 10:24:06'),(64,56,'CV7','RECEPT01','2012-07-16 10:24:06'),(65,57,'CV6','RECEPT01','2012-07-16 10:24:06'),(66,58,'CV5','RECEPT01','2012-07-16 10:24:06'),(67,59,'CV17','RECEPT01','2012-07-24 13:59:05'),(68,60,'CV10','RECEPT01','2012-08-03 11:39:45'),(69,61,'CV4','RECEPT01','2012-08-03 12:19:22'),(70,62,'CV10','RECEPT01','2012-08-04 16:07:54'),(71,63,'CV1','RECEPT01','2012-08-04 16:09:56'),(72,64,'CV7','RECEPT01','2012-08-04 16:09:56'),(73,65,'CV6','RECEPT01','2012-08-04 16:09:56'),(74,66,'CV8','RECEPT01','2012-08-04 16:09:56'),(75,67,'CV9','RECEPT01','2012-08-04 16:09:56'),(76,68,'CV15','RECEPT01','2012-08-18 23:20:26'),(77,69,'CV18','RECEPT01','2013-05-18 23:01:07'),(78,70,'CV19','RECEPT01','2013-05-23 14:26:06'),(79,71,'CV20','RECEPT01','2013-05-23 14:26:06'),(80,72,'CV6','RECEPT01','2013-05-23 14:26:06'),(81,73,'CV4','RECEPT01','2013-05-24 05:46:51'),(82,74,'CV18','RECEPT01','2013-10-23 12:36:27'),(83,75,'CV19','RECEPT01','2013-10-23 12:37:02'),(84,76,'CV13','RECEPT01','2013-10-23 15:22:18'),(85,77,'CV7','RECEPT01','2013-10-23 15:31:16'),(86,78,'CV1','RECEPT01','2013-10-24 11:39:31'),(87,79,'CV15','RECEPT01','2013-10-24 16:58:14'),(88,80,'CV16','RECEPT01','2013-10-24 16:58:14'),(89,81,'CV14','RECEPT01','2013-10-24 16:58:14'),(90,82,'CV17','RECEPT01','2013-10-24 16:59:23'),(91,83,'CV4','RECEPT01','2013-10-24 16:59:23'),(98,90,'CV15','RECEPT01','2013-10-24 17:17:38'),(99,91,'CV16','RECEPT01','2013-10-24 17:17:38'),(100,92,'CV17','RECEPT01','2013-10-24 17:17:38'),(101,93,'CV4','RECEPT01','2013-10-24 17:17:38'),(102,94,'CV19','RECEPT01','2013-10-24 17:17:38'),(103,95,'CC1','RECEPT01','2013-10-26 19:36:43'),(104,96,'CC2','RECEPT01','2013-10-26 19:36:43'),(105,97,'CC3','RECEPT01','2013-10-26 19:36:43'),(106,98,'S1','RECEPT01','2013-10-27 22:01:40'),(107,99,'S2','RECEPT01','2013-10-27 22:01:40'),(108,100,'S3','RECEPT01','2013-10-27 22:01:40');
/*!40000 ALTER TABLE `emettre_reserv` ENABLE KEYS */;
UNLOCK TABLES;

--
-- Table structure for table `etage`
--

DROP TABLE IF EXISTS `etage`;
/*!40101 SET @saved_cs_client     = @@character_set_client */;
/*!40101 SET character_set_client = utf8 */;
CREATE TABLE `etage` (
  `IdEtage` int(11) NOT NULL AUTO_INCREMENT,
  `Niveau` varchar(20) NOT NULL,
  PRIMARY KEY (`IdEtage`)
) ENGINE=InnoDB AUTO_INCREMENT=14 DEFAULT CHARSET=latin1;
/*!40101 SET character_set_client = @saved_cs_client */;

--
-- Dumping data for table `etage`
--

LOCK TABLES `etage` WRITE;
/*!40000 ALTER TABLE `etage` DISABLE KEYS */;
INSERT INTO `etage` VALUES (1,'R-C'),(2,'Etage 1'),(3,'Etage 2'),(4,'Etage 3'),(5,'Etage 4'),(6,'Etage 5'),(7,'Etage 6'),(8,'Etage 7'),(9,'Etage 8'),(10,'Etage 9'),(11,'Etage 10'),(12,'Etage 11'),(13,'Etage 12');
/*!40000 ALTER TABLE `etage` ENABLE KEYS */;
UNLOCK TABLES;

--
-- Table structure for table `facture_initial`
--

DROP TABLE IF EXISTS `facture_initial`;
/*!40101 SET @saved_cs_client     = @@character_set_client */;
/*!40101 SET character_set_client = utf8 */;
CREATE TABLE `facture_initial` (
  `idFactureInitial` int(11) NOT NULL AUTO_INCREMENT,
  `idService` int(11) NOT NULL,
  `Type` varchar(50) NOT NULL,
  `Initial` varchar(15) NOT NULL,
  `Numero` int(11) NOT NULL,
  PRIMARY KEY (`idFactureInitial`)
) ENGINE=InnoDB AUTO_INCREMENT=4 DEFAULT CHARSET=latin1;
/*!40101 SET character_set_client = @saved_cs_client */;

--
-- Dumping data for table `facture_initial`
--

LOCK TABLES `facture_initial` WRITE;
/*!40000 ALTER TABLE `facture_initial` DISABLE KEYS */;
INSERT INTO `facture_initial` VALUES (1,3,'Facture de location','FREC',169),(2,4,'Facture de restauration','FRES',107),(3,4,'Facture de bar','FBAR',3);
/*!40000 ALTER TABLE `facture_initial` ENABLE KEYS */;
UNLOCK TABLES;

--
-- Table structure for table `groupe`
--

DROP TABLE IF EXISTS `groupe`;
/*!40101 SET @saved_cs_client     = @@character_set_client */;
/*!40101 SET character_set_client = utf8 */;
CREATE TABLE `groupe` (
  `IdGroupe` int(11) NOT NULL AUTO_INCREMENT,
  `Libelle` varchar(50) NOT NULL,
  `IdResponsable` int(11) NOT NULL,
  `NbPersonnesEnreg` int(11) NOT NULL DEFAULT '1',
  `Avance` int(11) NOT NULL DEFAULT '0',
  `FraisLocation` int(11) NOT NULL DEFAULT '0',
  `FraisLocationPayee` int(11) NOT NULL DEFAULT '0',
  `FraisSup` int(11) NOT NULL DEFAULT '0',
  `FraisSupPayee` int(11) NOT NULL DEFAULT '0',
  `DateDemande` datetime NOT NULL,
  `DateOccupation` datetime NOT NULL,
  `DureeOccupation` int(11) NOT NULL,
  `Provenance` varchar(50) DEFAULT NULL,
  `MatriculeAgent` varchar(50) NOT NULL,
  `Terminee` tinyint(1) NOT NULL DEFAULT '0',
  `Facture` varchar(50) NOT NULL DEFAULT '',
  `NumeroTel` varchar(50) DEFAULT '',
  `NumeroCel` varchar(50) DEFAULT '',
  `Email` varchar(50) DEFAULT '',
  `BoitePostale` varchar(50) DEFAULT '',
  `IdProfile` int(11) NOT NULL DEFAULT '0',
  `NbPersonnesPrevu` int(11) NOT NULL DEFAULT '1',
  `IdTypeDeChambreMaj` int(11) NOT NULL DEFAULT '0',
  `AvanceActu` int(11) NOT NULL DEFAULT '0',
  PRIMARY KEY (`IdGroupe`)
) ENGINE=InnoDB AUTO_INCREMENT=17 DEFAULT CHARSET=latin1;
/*!40101 SET character_set_client = @saved_cs_client */;

--
-- Dumping data for table `groupe`
--

LOCK TABLES `groupe` WRITE;
/*!40000 ALTER TABLE `groupe` DISABLE KEYS */;
INSERT INTO `groupe` VALUES (2,'TEMA-CI',1,3,0,26000,26000,13000,13000,'2012-06-24 13:10:01','2012-06-26 12:00:00',4,NULL,'RECEPT01',1,'FREC10','','','','',0,1,0,0),(3,'EDUCA',6,5,0,240000,240000,50000,50000,'2012-06-29 17:26:53','2012-06-29 12:00:00',2,NULL,'RECEPT01',1,'FREC27','','','','',0,1,0,0),(4,'LILLE2012',4,8,190000,392000,392000,160000,160000,'2012-07-02 12:44:56','2012-07-02 12:00:00',4,NULL,'RECEPT01',1,'FREC33','','','','',0,1,0,0),(5,'ECOBANK-CI',16,6,150000,720000,720000,0,0,'2012-07-12 07:03:41','2012-07-12 12:00:00',3,NULL,'RECEPT01',1,'FREC52','22-34-34-78','09-34-34-78/05-56-77-90','','',4,10,2,0),(6,'CAMPING',1,5,0,90000,90000,0,0,'2012-07-16 10:21:41','2012-07-17 12:00:00',3,NULL,'RECEPT01',1,'FREC55','---','23-44-55-66 / 77-77-77-77','',NULL,2,5,1,0),(7,'sept',1,5,0,660000,660000,0,0,'2012-07-18 14:15:47','2012-07-21 12:00:00',3,NULL,'RECEPT01',1,'FREC64','---','34-44-44-44 / 4---','',NULL,8,6,1,0),(8,'dema',5,0,0,0,0,0,0,'2012-07-26 16:34:09','2012-07-26 12:00:00',3,NULL,'RECEPT01',1,'FREC81','---','22-33-44-44 / ---','',NULL,4,6,1,0),(9,'cesam',6,1,0,120000,0,0,0,'2012-07-26 16:35:57','2012-07-26 12:00:00',3,NULL,'RECEPT01',1,'FREC82','---','22-22-22-22 / ---','',NULL,4,3,1,0),(10,'istc',13,1,100000,120000,0,0,0,'2012-07-26 16:36:47','2012-07-26 12:00:00',3,NULL,'RECEPT01',1,'FREC83','---','12-22-22-22 / ---','',NULL,4,4,1,0),(11,'ISTC',20,3,30000,22000,22000,0,0,'2012-08-04 20:47:32','2012-08-04 12:00:00',2,NULL,'RECEPT01',1,'FREC98','','0022589765432','',NULL,2,3,2,0),(12,'SITIFEL',22,5,730000,1800000,1800000,0,0,'2012-08-17 22:13:26','2012-08-17 12:00:00',3,NULL,'RECEPT01',1,'FREC130','','90785643','',NULL,5,5,3,0),(13,'YOUTUBE',24,4,200000,320000,190000,0,0,'2012-08-18 23:09:09','2012-08-18 12:00:00',2,NULL,'RECEPT01',1,'FREC136','','23445566','',NULL,4,4,1,0),(14,'ECOBANK',29,5,300000,600000,0,0,0,'2013-10-24 16:21:36','2013-10-24 12:00:00',3,NULL,'RECEPT01',1,'FREC155','','2345678','',NULL,4,5,1,0),(15,'BAD',34,3,600000,630000,600000,0,0,'2013-10-26 19:34:05','2013-10-26 12:00:00',3,NULL,'RECEPT01',0,'FREC162','','43345555','',NULL,4,3,3,0),(16,'SGBCI',37,3,300000,720000,400000,0,0,'2013-10-27 21:58:55','2013-10-27 12:00:00',2,NULL,'RECEPT01',0,'FREC166','','122222222','',NULL,5,3,3,0);
/*!40000 ALTER TABLE `groupe` ENABLE KEYS */;
UNLOCK TABLES;

--
-- Table structure for table `groupe_liaison`
--

DROP TABLE IF EXISTS `groupe_liaison`;
/*!40101 SET @saved_cs_client     = @@character_set_client */;
/*!40101 SET character_set_client = utf8 */;
CREATE TABLE `groupe_liaison` (
  `IdGroupeLiaison` int(11) NOT NULL AUTO_INCREMENT,
  `IdGroupe` int(11) NOT NULL,
  `CodeClient` int(11) NOT NULL,
  PRIMARY KEY (`IdGroupeLiaison`)
) ENGINE=InnoDB AUTO_INCREMENT=87 DEFAULT CHARSET=latin1;
/*!40101 SET character_set_client = @saved_cs_client */;

--
-- Dumping data for table `groupe_liaison`
--

LOCK TABLES `groupe_liaison` WRITE;
/*!40000 ALTER TABLE `groupe_liaison` DISABLE KEYS */;
INSERT INTO `groupe_liaison` VALUES (2,2,1),(5,2,6),(7,2,9),(8,3,6),(9,3,1),(10,3,2),(11,3,5),(12,3,3),(13,4,4),(14,4,3),(15,4,6),(16,4,9),(17,4,7),(18,4,8),(19,4,10),(20,4,2),(21,5,16),(22,5,15),(23,5,13),(28,5,12),(29,5,14),(49,5,3),(50,6,1),(51,6,4),(52,6,13),(53,6,14),(54,6,15),(55,7,1),(56,7,17),(57,7,6),(58,7,2),(59,7,6),(60,7,5),(61,8,5),(62,9,6),(63,10,13),(64,11,20),(65,11,15),(66,11,9),(67,12,22),(68,12,23),(69,12,3),(70,12,18),(71,12,7),(72,13,24),(73,13,13),(74,13,9),(75,13,1),(76,14,29),(77,14,30),(78,14,31),(79,14,32),(80,14,33),(81,15,34),(82,15,35),(83,15,36),(84,16,37),(85,16,38),(86,16,39);
/*!40000 ALTER TABLE `groupe_liaison` ENABLE KEYS */;
UNLOCK TABLES;

--
-- Table structure for table `heure_bd`
--

DROP TABLE IF EXISTS `heure_bd`;
/*!40101 SET @saved_cs_client     = @@character_set_client */;
/*!40101 SET character_set_client = utf8 */;
CREATE TABLE `heure_bd` (
  `NumHeure` int(11) NOT NULL AUTO_INCREMENT,
  `HeureFinOccupation` time NOT NULL,
  `TempsDeTol` int(11) NOT NULL,
  `TempsLocAnnulation` int(11) NOT NULL,
  `LastHourSys` timestamp NOT NULL DEFAULT CURRENT_TIMESTAMP ON UPDATE CURRENT_TIMESTAMP,
  `DebutActivation` datetime NOT NULL,
  `DureeActivation` int(11) NOT NULL,
  `DureeRestante` int(11) NOT NULL,
  `DureeTolerance` int(11) NOT NULL,
  `Enregistree` tinyint(1) NOT NULL DEFAULT '0',
  `ValeurModifiee` int(11) NOT NULL DEFAULT '0',
  `NumeroInstallation` bigint(20) NOT NULL,
  `DebutActivite` datetime NOT NULL,
  PRIMARY KEY (`NumHeure`)
) ENGINE=InnoDB AUTO_INCREMENT=2 DEFAULT CHARSET=latin1;
/*!40101 SET character_set_client = @saved_cs_client */;

--
-- Dumping data for table `heure_bd`
--

LOCK TABLES `heure_bd` WRITE;
/*!40000 ALTER TABLE `heure_bd` DISABLE KEYS */;
INSERT INTO `heure_bd` VALUES (1,'12:00:00',1,15,'2013-10-27 22:47:14','2013-10-16 10:26:03',0,0,0,1,0,0,'2013-10-16 10:26:03');
/*!40000 ALTER TABLE `heure_bd` ENABLE KEYS */;
UNLOCK TABLES;

--
-- Table structure for table `heures_activites`
--

DROP TABLE IF EXISTS `heures_activites`;
/*!40101 SET @saved_cs_client     = @@character_set_client */;
/*!40101 SET character_set_client = utf8 */;
CREATE TABLE `heures_activites` (
  `NumService` int(11) NOT NULL AUTO_INCREMENT,
  `DateDebut` datetime NOT NULL,
  `DateFin` datetime NOT NULL,
  `MatriculeRecepteur` varchar(10) NOT NULL,
  PRIMARY KEY (`NumService`),
  KEY `MatriculeRecepteur` (`MatriculeRecepteur`)
) ENGINE=InnoDB AUTO_INCREMENT=1790 DEFAULT CHARSET=latin1;
/*!40101 SET character_set_client = @saved_cs_client */;

--
-- Dumping data for table `heures_activites`
--

LOCK TABLES `heures_activites` WRITE;
/*!40000 ALTER TABLE `heures_activites` DISABLE KEYS */;
INSERT INTO `heures_activites` VALUES (1,'2012-06-07 23:09:31','2012-06-07 23:09:56','RECEPT01'),(2,'2012-06-07 23:11:19','2012-06-07 23:12:12','RECEPT01'),(3,'2012-06-07 23:45:22','2012-06-07 23:46:24','RECEPT01'),(4,'2012-06-07 23:53:39','2012-06-08 00:18:15','RECEPT01'),(5,'2012-06-08 01:06:21','2012-06-08 01:12:19','RECEPT01'),(6,'2012-06-08 01:34:29','2012-06-08 01:48:10','RECEPT01'),(7,'2012-06-08 01:51:26','2012-06-08 01:52:14','RECEPT01'),(8,'2012-06-08 02:03:45','2012-06-08 02:06:49','RECEPT01'),(9,'2012-06-08 02:15:55','2012-06-08 02:16:21','RECEPT01'),(10,'2012-06-08 02:17:26','2012-06-08 02:17:49','RECEPT01'),(11,'2012-06-08 02:22:12','2012-06-08 02:23:35','RECEPT01'),(12,'2012-06-08 02:26:12','2012-06-08 02:28:57','RECEPT01'),(13,'2012-06-08 02:31:11','2012-06-08 02:35:21','RECEPT01'),(14,'2012-06-08 02:42:29','2012-06-08 02:48:25','RECEPT01'),(15,'2012-06-08 03:49:08','2012-06-08 03:49:08','RECEPT01'),(16,'2012-06-08 03:55:43','2012-06-08 03:56:22','RECEPT01'),(17,'2012-06-08 04:01:00','2012-06-08 04:03:26','RECEPT01'),(18,'2012-06-08 04:09:17','2012-06-08 04:09:17','RECEPT01'),(19,'2012-06-08 04:15:36','2012-06-08 04:16:00','RECEPT01'),(20,'2012-06-08 04:18:16','2012-06-08 04:19:39','RECEPT01'),(21,'2012-06-08 06:34:24','2012-06-08 06:36:47','RECEPT01'),(22,'2012-06-08 06:37:31','2012-06-08 06:38:14','RECEPT01'),(23,'2012-06-08 06:52:50','2012-06-08 06:53:13','RECEPT01'),(24,'2012-06-08 06:55:42','2012-06-08 06:56:31','RECEPT01'),(25,'2012-06-08 07:03:33','2012-06-08 07:04:13','RECEPT01'),(26,'2012-06-08 07:12:49','2012-06-08 07:13:27','RECEPT01'),(27,'2012-06-08 07:17:43','2012-06-08 07:19:42','RECEPT01'),(28,'2012-06-08 07:33:04','2012-06-08 07:34:23','RECEPT01'),(29,'2012-06-08 07:36:03','2012-06-08 07:36:36','RECEPT01'),(30,'2012-06-08 07:37:26','2012-06-08 07:38:05','RECEPT01'),(31,'2012-06-08 07:42:25','2012-06-08 07:43:33','RECEPT01'),(32,'2012-06-08 07:47:12','2012-06-08 07:47:30','RECEPT01'),(33,'2012-06-09 08:41:21','2012-06-09 09:18:44','RECEPT01'),(34,'2012-06-09 19:09:24','2012-06-09 19:12:34','RECEPT01'),(35,'2012-06-09 19:31:10','2012-06-09 19:54:25','RECEPT01'),(36,'2012-06-11 20:08:34','2012-06-11 22:54:22','RECEPT01'),(37,'2012-06-12 09:27:20','2012-06-12 09:28:00','RECEPT01'),(38,'2012-06-12 09:28:59','2012-06-12 09:29:00','RECEPT01'),(39,'2012-06-12 19:39:41','2012-06-12 20:24:31','RECEPT01'),(40,'2012-06-13 23:09:26','2012-06-13 23:10:01','RECEPT01'),(41,'2012-06-14 09:12:30','2012-06-14 09:13:00','RECEPT01'),(42,'2012-06-14 09:13:37','2012-06-14 11:42:13','RECEPT01'),(43,'2012-06-14 13:31:57','2012-06-14 13:34:55','RECEPT01'),(44,'2012-06-14 14:25:06','2012-06-14 14:25:27','RECEPT01'),(45,'2012-06-14 14:27:32','2012-06-14 14:28:00','RECEPT01'),(46,'2012-06-14 14:30:18','2012-06-14 14:30:36','RECEPT01'),(47,'2012-06-14 14:48:31','2012-06-14 14:49:16','RECEPT01'),(48,'2012-06-14 15:07:01','2012-06-14 15:07:01','RECEPT01'),(49,'2012-06-14 15:09:55','2012-06-14 15:10:00','RECEPT01'),(50,'2012-06-14 15:12:22','2012-06-14 15:12:40','RECEPT01'),(51,'2012-06-14 15:14:11','2012-06-14 15:14:18','RECEPT01'),(52,'2012-06-14 15:15:29','2012-06-14 15:15:33','RECEPT01'),(53,'2012-06-14 15:20:21','2012-06-14 15:20:26','RECEPT01'),(54,'2012-06-14 15:21:23','2012-06-14 15:21:26','RECEPT01'),(55,'2012-06-14 15:25:29','2012-06-14 15:25:34','RECEPT01'),(56,'2012-06-14 15:25:48','2012-06-14 15:27:11','RECEPT01'),(57,'2012-06-14 15:38:31','2012-06-14 15:39:12','RECEPT01'),(58,'2012-06-14 15:40:06','2012-06-14 15:43:25','RECEPT01'),(59,'2012-06-14 15:46:29','2012-06-14 15:52:10','RECEPT01'),(60,'2012-06-14 15:57:49','2012-06-14 15:58:17','RECEPT01'),(61,'2012-06-14 15:58:52','2012-06-14 15:59:12','RECEPT01'),(62,'2012-06-14 15:59:39','2012-06-14 16:09:00','RECEPT01'),(63,'2012-06-14 16:10:03','2012-06-14 16:10:20','RECEPT01'),(64,'2012-06-14 16:28:48','2012-06-14 16:29:01','RECEPT01'),(65,'2012-06-14 16:30:45','2012-06-14 16:30:53','RECEPT01'),(66,'2012-06-14 16:31:17','2012-06-14 16:32:22','RECEPT01'),(67,'2012-06-14 16:33:39','2012-06-14 16:33:52','RECEPT01'),(68,'2012-06-14 16:45:37','2012-06-14 16:45:45','RECEPT01'),(69,'2012-06-14 16:49:56','2012-06-14 16:50:00','RECEPT01'),(70,'2012-06-14 16:52:55','2012-06-14 16:53:06','RECEPT01'),(71,'2012-06-14 16:56:04','2012-06-14 16:56:19','RECEPT01'),(72,'2012-06-14 17:10:55','2012-06-14 17:10:55','RECEPT01'),(73,'2012-06-14 17:12:38','2012-06-14 17:12:38','RECEPT01'),(74,'2012-06-14 17:28:29','2012-06-14 17:28:29','RECEPT01'),(75,'2012-06-14 17:29:09','2012-06-14 17:39:03','RECEPT01'),(76,'2012-06-14 18:12:59','2012-06-14 18:13:42','RECEPT01'),(77,'2012-06-14 18:53:50','2012-06-14 18:54:15','RECEPT01'),(78,'2012-06-14 18:56:19','2012-06-14 18:56:46','RECEPT01'),(79,'2012-06-14 18:57:15','2012-06-14 18:57:21','RECEPT01'),(80,'2012-06-14 19:00:06','2012-06-14 19:00:10','RECEPT01'),(81,'2012-06-14 19:01:55','2012-06-14 19:02:00','RECEPT01'),(82,'2012-06-14 19:02:46','2012-06-14 19:02:59','RECEPT01'),(83,'2012-06-14 19:03:12','2012-06-14 19:03:18','RECEPT01'),(84,'2012-06-14 19:03:34','2012-06-14 19:03:41','RECEPT01'),(85,'2012-06-14 19:04:00','2012-06-14 19:04:10','RECEPT01'),(86,'2012-06-14 19:04:35','2012-06-14 19:04:41','RECEPT01'),(87,'2012-06-14 19:04:59','2012-06-14 19:05:14','RECEPT01'),(88,'2012-06-14 19:06:34','2012-06-14 19:06:42','RECEPT01'),(89,'2012-06-14 19:07:00','2012-06-14 19:07:06','RECEPT01'),(90,'2012-06-14 19:07:23','2012-06-14 19:07:33','RECEPT01'),(91,'2012-06-14 19:15:20','2012-06-14 19:15:27','RECEPT01'),(92,'2012-06-14 19:17:16','2012-06-14 19:17:40','RECEPT01'),(93,'2012-06-14 19:19:19','2012-06-14 19:19:43','RECEPT01'),(94,'2012-06-14 19:27:57','2012-06-14 19:28:21','RECEPT01'),(95,'2012-06-14 19:29:35','2012-06-14 19:30:58','RECEPT01'),(96,'2012-06-14 19:40:45','2012-06-14 19:41:02','RECEPT01'),(97,'2012-06-14 19:45:03','2012-06-14 19:46:03','RECEPT01'),(98,'2012-06-14 20:01:46','2012-06-14 20:13:27','RECEPT01'),(99,'2012-06-14 20:24:07','2012-06-14 21:00:32','RECEPT01'),(100,'2012-06-14 21:14:01','2012-06-14 21:15:04','RECEPT01'),(101,'2012-06-14 21:22:41','2012-06-14 21:22:57','RECEPT01'),(102,'2012-06-14 21:24:04','2012-06-14 21:24:25','RECEPT01'),(103,'2012-06-14 22:09:19','2012-06-14 22:10:23','RECEPT01'),(104,'2012-06-14 22:21:26','2012-06-14 22:24:17','RECEPT01'),(105,'2012-06-14 22:27:19','2012-06-14 22:29:10','RECEPT01'),(106,'2012-06-14 22:38:44','2012-06-14 22:39:05','RECEPT01'),(107,'2012-06-14 22:39:25','2012-06-14 22:43:03','RECEPT01'),(108,'2012-06-14 22:43:42','2012-06-14 22:44:59','RECEPT01'),(109,'2012-06-14 23:03:22','2012-06-14 23:08:31','RECEPT01'),(110,'2012-06-14 23:14:17','2012-06-14 23:14:31','RECEPT01'),(111,'2012-06-14 23:14:57','2012-06-14 23:15:23','RECEPT01'),(112,'2012-06-14 23:25:47','2012-06-14 23:29:26','RECEPT01'),(113,'2012-06-14 23:31:29','2012-06-14 23:32:01','RECEPT01'),(114,'2012-06-14 23:47:46','2012-06-14 23:48:00','RECEPT01'),(115,'2012-06-14 23:50:11','2012-06-14 23:50:47','RECEPT01'),(116,'2012-06-14 23:51:58','2012-06-14 23:52:21','RECEPT01'),(117,'2012-06-14 23:53:38','2012-06-14 23:54:16','RECEPT01'),(118,'2012-06-14 23:56:48','2012-06-14 23:57:11','RECEPT01'),(119,'2012-06-15 23:59:59','2012-06-16 00:01:07','RECEPT01'),(120,'2012-06-15 00:01:26','2012-06-15 00:01:50','RECEPT01'),(121,'2012-06-15 00:05:02','2012-06-15 00:05:28','RECEPT01'),(122,'2012-06-15 00:05:49','2012-06-15 00:07:07','RECEPT01'),(123,'2012-06-15 00:11:08','2012-06-15 00:12:25','RECEPT01'),(124,'2012-06-15 00:15:00','2012-06-15 00:16:32','RECEPT01'),(125,'2012-06-15 00:16:59','2012-06-15 00:17:14','RECEPT01'),(126,'2012-06-15 00:20:16','2012-06-15 00:20:27','RECEPT01'),(127,'2012-06-15 00:22:30','2012-06-15 00:22:56','RECEPT01'),(128,'2012-06-15 00:24:09','2012-06-15 00:25:42','RECEPT01'),(129,'2012-06-15 00:28:01','2012-06-15 00:28:19','RECEPT01'),(130,'2012-06-15 00:28:59','2012-06-15 00:29:15','RECEPT01'),(131,'2012-06-15 00:29:46','2012-06-15 00:30:10','RECEPT01'),(132,'2012-06-15 00:30:58','2012-06-15 00:31:27','RECEPT01'),(133,'2012-06-15 00:32:42','2012-06-15 00:32:53','RECEPT01'),(134,'2012-06-15 00:36:54','2012-06-15 00:37:09','RECEPT01'),(135,'2012-06-15 00:37:43','2012-06-15 00:38:04','RECEPT01'),(136,'2012-06-15 00:38:28','2012-06-15 00:38:57','RECEPT01'),(137,'2012-06-15 00:43:29','2012-06-15 00:43:41','RECEPT01'),(138,'2012-06-15 00:45:18','2012-06-15 00:45:51','RECEPT01'),(139,'2012-06-15 00:46:08','2012-06-15 00:46:37','RECEPT01'),(140,'2012-06-15 00:52:29','2012-06-15 00:53:25','RECEPT01'),(141,'2012-06-15 01:11:35','2012-06-15 01:12:56','RECEPT01'),(142,'2012-06-15 01:16:51','2012-06-15 01:17:47','RECEPT01'),(143,'2012-06-15 01:23:33','2012-06-15 01:24:05','RECEPT01'),(144,'2012-06-15 01:33:03','2012-06-15 01:34:00','RECEPT01'),(145,'2012-06-15 01:36:04','2012-06-15 01:37:12','RECEPT01'),(146,'2012-06-15 09:14:09','2012-06-15 09:14:34','RECEPT01'),(147,'2012-06-15 09:16:22','2012-06-15 09:20:41','RECEPT01'),(148,'2012-06-15 09:21:48','2012-06-15 09:22:22','RECEPT01'),(149,'2012-06-15 09:22:38','2012-06-15 09:22:42','RECEPT01'),(150,'2012-06-15 09:23:10','2012-06-15 09:23:15','RECEPT01'),(151,'2012-06-15 09:24:28','2012-06-15 09:24:37','RECEPT01'),(152,'2012-06-15 09:25:10','2012-06-15 09:25:15','RECEPT01'),(153,'2012-06-15 09:27:50','2012-06-15 09:28:09','RECEPT01'),(154,'2012-06-15 09:28:39','2012-06-15 09:28:39','RECEPT01'),(155,'2012-06-15 09:30:56','2012-06-15 09:31:01','RECEPT01'),(156,'2012-06-15 09:31:30','2012-06-15 09:31:36','RECEPT01'),(157,'2012-06-15 09:33:39','2012-06-15 09:33:53','RECEPT01'),(158,'2012-06-15 09:37:59','2012-06-15 09:38:47','RECEPT01'),(159,'2012-06-15 09:39:26','2012-06-15 09:40:00','RECEPT01'),(160,'2012-06-15 09:49:48','2012-06-15 09:50:58','RECEPT01'),(161,'2012-06-15 10:14:18','2012-06-15 10:15:16','RECEPT01'),(162,'2012-06-15 10:20:42','2012-06-15 10:21:47','RECEPT01'),(163,'2012-06-15 10:23:17','2012-06-15 10:24:14','RECEPT01'),(164,'2012-06-15 10:31:30','2012-06-15 10:32:11','RECEPT01'),(165,'2012-06-15 10:44:43','2012-06-15 10:45:37','RECEPT01'),(166,'2012-06-15 10:48:20','2012-06-15 10:48:59','RECEPT01'),(167,'2012-06-15 10:49:39','2012-06-15 10:50:44','RECEPT01'),(168,'2012-06-15 10:51:52','2012-06-15 10:52:38','RECEPT01'),(169,'2012-06-15 10:53:04','2012-06-15 10:53:29','RECEPT01'),(170,'2012-06-15 10:55:28','2012-06-15 10:55:28','RECEPT01'),(171,'2012-06-15 10:59:49','2012-06-15 11:00:00','RECEPT01'),(172,'2012-06-15 11:01:49','2012-06-15 11:02:14','RECEPT01'),(173,'2012-06-15 11:02:34','2012-06-15 11:03:45','RECEPT01'),(174,'2012-06-15 11:25:32','2012-06-15 11:28:15','RECEPT01'),(175,'2012-06-15 11:32:22','2012-06-15 11:33:12','RECEPT01'),(176,'2012-06-15 11:35:15','2012-06-15 11:35:37','RECEPT01'),(177,'2012-06-15 11:36:20','2012-06-15 11:36:58','RECEPT01'),(178,'2012-06-15 11:39:48','2012-06-15 11:40:26','RECEPT01'),(179,'2012-06-15 11:40:53','2012-06-15 11:41:52','RECEPT01'),(180,'2012-06-15 11:48:42','2012-06-15 11:50:15','RECEPT01'),(181,'2012-06-15 11:59:29','2012-06-15 12:00:45','RECEPT01'),(182,'2012-06-15 12:01:21','2012-06-15 12:37:03','RECEPT01'),(183,'2012-06-15 12:38:59','2012-06-15 12:39:06','RECEPT01'),(184,'2012-06-15 12:40:20','2012-06-15 12:46:41','RECEPT01'),(185,'2012-06-15 12:52:41','2012-06-15 12:54:04','RECEPT01'),(186,'2012-06-15 13:32:09','2012-06-15 13:32:09','RECEPT01'),(187,'2012-06-15 13:34:57','2012-06-15 13:36:10','RECEPT01'),(188,'2012-06-15 14:16:12','2012-06-15 14:16:22','RECEPT01'),(189,'2012-06-15 16:00:09','2012-06-15 16:00:26','RECEPT01'),(190,'2012-06-15 16:00:57','2012-06-15 16:01:13','RECEPT01'),(191,'2012-06-15 16:02:58','2012-06-15 16:03:15','RECEPT01'),(192,'2012-06-15 16:04:50','2012-06-15 16:05:39','RECEPT01'),(193,'2012-06-15 16:09:25','2012-06-15 16:10:23','RECEPT01'),(194,'2012-06-15 16:13:43','2012-06-15 16:15:49','RECEPT01'),(195,'2012-06-15 16:24:06','2012-06-15 16:24:57','RECEPT01'),(196,'2012-06-15 16:27:41','2012-06-15 16:30:26','RECEPT01'),(197,'2012-06-15 16:37:11','2012-06-15 16:37:42','RECEPT01'),(198,'2012-06-15 16:39:49','2012-06-15 16:41:40','RECEPT01'),(199,'2012-06-15 16:44:17','2012-06-15 16:48:44','RECEPT01'),(200,'2012-06-15 16:55:29','2012-06-15 16:56:02','RECEPT01'),(201,'2012-06-15 17:15:10','2012-06-15 17:15:10','RECEPT01'),(202,'2012-06-15 17:18:49','2012-06-15 17:19:13','RECEPT01'),(203,'2012-06-15 17:25:16','2012-06-15 17:25:38','RECEPT01'),(204,'2012-06-15 17:27:25','2012-06-15 17:28:50','RECEPT01'),(205,'2012-06-15 17:33:29','2012-06-15 17:33:47','RECEPT01'),(206,'2012-06-15 17:36:54','2012-06-15 17:47:12','RECEPT01'),(207,'2012-06-15 17:50:50','2012-06-15 17:52:30','RECEPT01'),(208,'2012-06-15 17:53:44','2012-06-15 17:55:56','RECEPT01'),(209,'2012-06-15 17:56:48','2012-06-15 17:57:51','RECEPT01'),(210,'2012-06-15 17:58:29','2012-06-15 17:58:48','RECEPT01'),(211,'2012-06-15 17:59:18','2012-06-15 18:16:32','RECEPT01'),(212,'2012-06-15 18:17:28','2012-06-15 18:18:25','RECEPT01'),(213,'2012-06-15 18:19:03','2012-06-15 18:20:28','RECEPT01'),(214,'2012-06-15 18:33:19','2012-06-15 18:34:32','RECEPT01'),(215,'2012-06-15 18:34:40','2012-06-15 18:34:48','RECEPT01'),(216,'2012-06-15 18:50:59','2012-06-15 18:51:58','RECEPT01'),(217,'2012-06-15 19:05:09','2012-06-15 19:06:05','RECEPT01'),(218,'2012-06-15 19:10:06','2012-06-15 19:17:09','RECEPT01'),(219,'2012-06-15 19:25:09','2012-06-15 19:27:32','RECEPT01'),(220,'2012-06-15 19:30:47','2012-06-15 19:32:05','RECEPT01'),(221,'2012-06-15 19:44:59','2012-06-15 19:48:21','RECEPT01'),(222,'2012-06-15 19:56:56','2012-06-15 19:57:28','RECEPT01'),(223,'2012-06-15 20:00:49','2012-06-15 20:04:39','RECEPT01'),(224,'2012-06-15 20:07:58','2012-06-15 20:09:11','RECEPT01'),(225,'2012-06-15 20:09:38','2012-06-15 20:10:56','RECEPT01'),(226,'2012-06-15 20:12:20','2012-06-15 20:13:02','RECEPT01'),(227,'2012-06-15 20:15:01','2012-06-15 20:15:31','RECEPT01'),(228,'2012-06-15 20:15:55','2012-06-15 20:17:27','RECEPT01'),(229,'2012-06-15 20:27:05','2012-06-15 20:42:43','RECEPT01'),(230,'2012-06-15 20:43:55','2012-06-15 20:57:01','RECEPT01'),(231,'2012-06-15 22:32:47','2012-06-15 22:51:00','RECEPT01'),(232,'2012-06-15 22:53:48','2012-06-15 23:01:59','RECEPT01'),(233,'2012-06-15 23:17:38','2012-06-15 23:18:21','RECEPT01'),(234,'2012-06-15 23:18:48','2012-06-15 23:20:04','RECEPT01'),(235,'2012-06-15 23:34:17','2012-06-15 23:35:09','RECEPT01'),(236,'2012-06-15 23:35:49','2012-06-15 23:36:13','RECEPT01'),(237,'2012-06-15 23:47:17','2012-06-15 23:49:41','RECEPT01'),(238,'2012-06-15 23:57:49','2012-06-15 23:58:35','RECEPT01'),(239,'2012-06-16 00:10:25','2012-06-16 00:11:15','RECEPT01'),(240,'2012-06-16 00:13:39','2012-06-16 00:15:32','RECEPT01'),(241,'2012-06-16 00:22:35','2012-06-16 00:24:33','RECEPT01'),(242,'2012-06-16 00:26:37','2012-06-16 00:30:13','RECEPT01'),(243,'2012-06-16 00:39:06','2012-06-16 00:50:05','RECEPT01'),(244,'2012-06-16 00:52:26','2012-06-16 00:52:32','RECEPT01'),(245,'2012-06-16 00:52:50','2012-06-16 01:14:30','RECEPT01'),(246,'2012-06-16 01:17:06','2012-06-16 01:41:48','RECEPT01'),(247,'2012-06-16 01:42:37','2012-06-16 01:43:15','RECEPT01'),(248,'2012-06-16 01:43:49','2012-06-16 01:55:13','RECEPT01'),(249,'2012-06-16 01:59:07','2012-06-16 02:00:10','RECEPT01'),(250,'2012-06-16 02:06:18','2012-06-16 02:06:35','RECEPT01'),(251,'2012-06-16 02:08:33','2012-06-16 02:09:00','RECEPT01'),(252,'2012-06-16 02:13:44','2012-06-16 02:14:25','RECEPT01'),(253,'2012-06-16 02:16:03','2012-06-16 07:42:45','RECEPT01'),(254,'2012-06-16 07:53:25','2012-06-16 07:54:55','RECEPT01'),(255,'2012-06-16 07:56:23','2012-06-16 08:06:41','RECEPT01'),(256,'2012-06-16 08:26:49','2012-06-16 08:32:22','RECEPT01'),(257,'2012-06-16 08:47:48','2012-06-16 08:51:26','RECEPT01'),(258,'2012-06-16 08:57:51','2012-06-16 08:58:10','RECEPT01'),(259,'2012-06-16 09:02:17','2012-06-16 09:03:44','RECEPT01'),(260,'2012-06-16 09:28:57','2012-06-16 09:29:27','RECEPT01'),(261,'2012-06-16 09:30:00','2012-06-16 09:30:38','RECEPT01'),(262,'2012-06-16 09:36:57','2012-06-16 09:37:12','RECEPT01'),(263,'2012-06-16 09:40:07','2012-06-16 09:40:18','RECEPT01'),(264,'2012-06-16 09:41:32','2012-06-16 09:41:41','RECEPT01'),(265,'2012-06-16 09:43:56','2012-06-16 09:45:26','RECEPT01'),(266,'2012-06-16 09:45:34','2012-06-16 09:47:25','RECEPT01'),(267,'2012-06-16 09:48:51','2012-06-16 09:48:59','RECEPT01'),(268,'2012-06-16 09:49:09','2012-06-16 09:49:36','RECEPT01'),(269,'2012-06-16 09:50:10','2012-06-16 09:51:55','RECEPT01'),(270,'2012-06-16 09:53:10','2012-06-16 09:55:22','RECEPT01'),(271,'2012-06-16 09:55:40','2012-06-16 09:58:03','RECEPT01'),(272,'2012-06-16 10:15:58','2012-06-16 10:16:17','RECEPT01'),(273,'2012-06-16 10:17:26','2012-06-16 10:18:48','RECEPT01'),(274,'2012-06-16 10:29:43','2012-06-16 10:46:00','RECEPT01'),(275,'2012-06-16 10:47:20','2012-06-16 10:47:36','RECEPT01'),(276,'2012-06-16 10:48:19','2012-06-16 10:54:54','RECEPT01'),(277,'2012-06-16 10:56:36','2012-06-16 10:57:39','RECEPT01'),(278,'2012-06-16 10:58:47','2012-06-16 10:59:09','RECEPT01'),(279,'2012-06-16 11:00:09','2012-06-16 11:01:20','RECEPT01'),(280,'2012-06-16 11:06:00','2012-06-16 11:08:43','RECEPT01'),(281,'2012-06-16 11:33:19','2012-06-16 11:34:38','RECEPT01'),(282,'2012-06-16 11:45:24','2012-06-16 11:47:24','RECEPT01'),(283,'2012-06-16 11:49:26','2012-06-16 11:52:16','RECEPT01'),(284,'2012-06-16 11:57:16','2012-06-16 11:57:33','RECEPT01'),(285,'2012-06-16 11:58:30','2012-06-16 11:59:10','RECEPT01'),(286,'2012-06-16 11:59:46','2012-06-16 12:04:46','RECEPT01'),(287,'2012-06-16 12:05:27','2012-06-16 12:20:31','RECEPT01'),(288,'2012-06-16 12:33:43','2012-06-16 12:34:04','RECEPT01'),(289,'2012-06-16 12:34:30','2012-06-16 12:40:20','RECEPT01'),(290,'2012-06-16 12:41:28','2012-06-16 12:54:37','RECEPT01'),(291,'2012-06-16 12:56:22','2012-06-16 12:57:51','RECEPT01'),(292,'2012-06-16 13:25:00','2012-06-16 13:25:26','RECEPT01'),(293,'2012-06-16 13:27:47','2012-06-16 13:27:56','RECEPT01'),(294,'2012-06-16 13:30:36','2012-06-16 14:09:26','RECEPT01'),(295,'2012-06-16 14:11:58','2012-06-16 14:12:18','RECEPT01'),(296,'2012-06-16 14:13:17','2012-06-16 14:18:43','RECEPT01'),(297,'2012-06-16 14:22:30','2012-06-16 14:34:00','RECEPT01'),(298,'2012-06-16 14:34:49','2012-06-16 14:35:19','RECEPT01'),(299,'2012-06-16 14:42:06','2012-06-16 14:45:02','RECEPT01'),(300,'2012-06-16 14:52:59','2012-06-16 14:56:52','RECEPT01'),(301,'2012-06-16 14:59:22','2012-06-16 15:00:33','RECEPT01'),(302,'2012-06-16 15:04:29','2012-06-16 15:13:12','RECEPT01'),(303,'2012-06-16 15:14:40','2012-06-16 15:17:24','RECEPT01'),(304,'2012-06-16 15:31:47','2012-06-16 15:33:51','RECEPT01'),(305,'2012-06-16 17:01:33','2012-06-16 17:16:11','RECEPT01'),(306,'2012-06-16 17:22:52','2012-06-16 17:22:52','RECEPT01'),(307,'2012-06-16 17:26:50','2012-06-16 19:04:00','RECEPT01'),(308,'2012-06-16 19:05:10','2012-06-16 19:08:57','RECEPT01'),(309,'2012-06-16 19:09:29','2012-06-16 19:12:12','RECEPT01'),(310,'2012-06-16 19:12:58','2012-06-16 19:23:25','RECEPT01'),(311,'2012-06-16 19:27:05','2012-06-16 19:27:30','RECEPT01'),(312,'2012-06-16 19:47:42','2012-06-16 19:49:37','RECEPT01'),(313,'2012-06-16 19:51:02','2012-06-16 19:53:28','RECEPT01'),(314,'2012-06-16 20:03:25','2012-06-16 20:04:31','RECEPT01'),(315,'2012-06-16 20:06:05','2012-06-16 20:06:39','RECEPT01'),(316,'2012-06-16 20:37:06','2012-06-16 20:38:37','RECEPT01'),(317,'2012-06-16 20:38:50','2012-06-16 20:39:29','RECEPT01'),(318,'2012-06-16 20:39:59','2012-06-16 20:51:23','RECEPT01'),(319,'2012-06-16 21:02:56','2012-06-16 21:03:14','RECEPT01'),(320,'2012-06-16 21:07:48','2012-06-16 21:09:55','RECEPT01'),(321,'2012-06-16 21:16:09','2012-06-16 21:16:28','RECEPT01'),(322,'2012-06-16 21:27:07','2012-06-16 21:49:00','RECEPT01'),(323,'2012-06-16 21:49:19','2012-06-16 21:49:39','RECEPT01'),(324,'2012-06-16 21:50:15','2012-06-16 21:50:54','RECEPT01'),(325,'2012-06-16 21:51:10','2012-06-16 21:51:19','RECEPT01'),(326,'2012-06-16 21:52:49','2012-06-16 21:53:43','RECEPT01'),(327,'2012-06-16 22:00:16','2012-06-16 22:28:56','RECEPT01'),(328,'2012-06-16 22:32:04','2012-06-16 22:36:27','RECEPT01'),(329,'2012-06-16 22:43:40','2012-06-16 22:44:12','RECEPT01'),(330,'2012-06-16 22:45:29','2012-06-16 22:46:17','RECEPT01'),(331,'2012-06-16 22:54:31','2012-06-16 22:58:29','RECEPT01'),(332,'2012-06-16 23:16:38','2012-06-16 23:20:59','RECEPT01'),(333,'2012-06-16 23:31:35','2012-06-16 23:31:55','RECEPT01'),(334,'2012-06-16 23:34:26','2012-06-16 23:35:22','RECEPT01'),(335,'2012-06-16 23:40:59','2012-06-16 23:41:21','RECEPT01'),(336,'2012-06-16 23:43:23','2012-06-16 23:45:51','RECEPT01'),(337,'2012-06-16 23:49:22','2012-06-16 23:51:22','RECEPT01'),(338,'2012-06-17 00:06:20','2012-06-17 00:07:49','RECEPT01'),(339,'2012-06-17 00:08:54','2012-06-17 00:12:14','RECEPT01'),(340,'2012-06-17 00:41:36','2012-06-17 00:42:41','RECEPT01'),(341,'2012-06-17 14:47:20','2012-06-17 14:48:18','RECEPT01'),(342,'2012-06-17 15:07:43','2012-06-17 16:18:25','RECEPT01'),(343,'2012-06-18 09:01:54','2012-06-18 09:02:59','RECEPT01'),(344,'2012-06-18 09:09:19','2012-06-18 09:22:10','RECEPT01'),(345,'2012-06-18 10:21:32','2012-06-18 10:44:54','RECEPT01'),(346,'2012-06-18 10:47:28','2012-06-18 10:49:34','RECEPT01'),(347,'2012-06-18 11:19:14','2012-06-18 11:21:32','RECEPT01'),(348,'2012-06-18 11:22:05','2012-06-18 11:22:40','RECEPT01'),(349,'2012-06-18 11:23:39','2012-06-18 11:24:17','RECEPT01'),(350,'2012-06-18 11:25:35','2012-06-18 11:26:06','RECEPT01'),(351,'2012-06-18 11:30:29','2012-06-18 11:30:48','RECEPT01'),(352,'2012-06-18 11:32:45','2012-06-18 11:33:18','RECEPT01'),(353,'2012-06-18 11:34:08','2012-06-18 11:38:52','RECEPT01'),(354,'2012-06-18 11:43:27','2012-06-18 11:45:06','RECEPT01'),(355,'2012-06-18 12:14:01','2012-06-18 12:17:33','RECEPT01'),(356,'2012-06-18 16:23:22','2012-06-18 16:23:35','RECEPT01'),(357,'2012-06-18 16:43:14','2012-06-18 16:43:14','RECEPT01'),(358,'2012-06-18 16:44:31','2012-06-18 16:44:31','RECEPT01'),(359,'2012-06-18 16:45:34','2012-06-18 16:45:34','RECEPT01'),(360,'2012-06-18 16:48:55','2012-06-18 16:48:55','RECEPT01'),(361,'2012-06-18 16:49:57','2012-06-18 16:49:57','RECEPT01'),(362,'2012-06-18 16:50:43','2012-06-18 16:50:43','RECEPT01'),(363,'2012-06-18 16:52:46','2012-06-18 16:52:52','RECEPT01'),(364,'2012-06-18 16:53:10','2012-06-18 16:53:10','RECEPT01'),(365,'2012-06-18 16:54:04','2012-06-18 16:54:04','RECEPT01'),(366,'2012-06-18 16:55:07','2012-06-18 16:55:07','RECEPT01'),(367,'2012-06-18 16:55:59','2012-06-18 16:56:07','RECEPT01'),(368,'2012-06-18 16:56:57','2012-06-18 16:57:15','RECEPT01'),(369,'2012-06-18 17:02:55','2012-06-18 17:03:06','RECEPT01'),(370,'2012-06-18 17:04:19','2012-06-18 17:04:42','RECEPT01'),(371,'2012-06-18 17:05:39','2012-06-18 17:05:47','RECEPT01'),(372,'2012-06-18 17:06:24','2012-06-18 17:06:59','RECEPT01'),(373,'2012-06-18 17:12:54','2012-06-18 17:13:32','RECEPT01'),(374,'2012-06-18 17:16:55','2012-06-18 17:17:29','RECEPT01'),(375,'2012-06-18 17:19:39','2012-06-18 17:19:47','RECEPT01'),(376,'2012-06-18 17:20:26','2012-06-18 17:21:00','RECEPT01'),(377,'2012-06-18 17:21:36','2012-06-18 17:27:59','RECEPT01'),(378,'2012-06-18 17:29:19','2012-06-18 17:29:19','RECEPT01'),(379,'2012-06-18 17:32:23','2012-06-18 17:32:52','RECEPT01'),(380,'2012-06-18 17:36:02','2012-06-18 17:36:34','RECEPT01'),(381,'2012-06-18 17:38:47','2012-06-18 17:39:00','RECEPT01'),(382,'2012-06-18 17:40:10','2012-06-18 17:40:10','RECEPT01'),(383,'2012-06-18 17:41:27','2012-06-18 17:41:27','RECEPT01'),(384,'2012-06-18 17:46:10','2012-06-18 17:46:10','RECEPT01'),(385,'2012-06-18 17:47:22','2012-06-18 17:47:22','RECEPT01'),(386,'2012-06-18 17:48:19','2012-06-18 17:48:19','RECEPT01'),(387,'2012-06-18 17:48:42','2012-06-18 17:48:42','RECEPT01'),(388,'2012-06-18 17:49:31','2012-06-18 17:50:00','RECEPT01'),(389,'2012-06-18 17:50:15','2012-06-18 17:50:59','RECEPT01'),(390,'2012-06-18 17:53:04','2012-06-18 17:53:45','RECEPT01'),(391,'2012-06-18 17:55:09','2012-06-18 17:55:09','RECEPT01'),(392,'2012-06-18 17:57:11','2012-06-18 17:57:11','RECEPT01'),(393,'2012-06-18 18:07:59','2012-06-18 18:08:00','RECEPT01'),(394,'2012-06-18 18:09:32','2012-06-18 18:10:12','RECEPT01'),(395,'2012-06-18 18:20:00','2012-06-18 18:20:46','RECEPT01'),(396,'2012-06-18 18:25:02','2012-06-18 18:25:36','RECEPT01'),(397,'2012-06-18 18:26:50','2012-06-18 18:27:10','RECEPT01'),(398,'2012-06-18 18:28:05','2012-06-18 18:28:05','RECEPT01'),(399,'2012-06-18 18:28:40','2012-06-18 18:29:44','RECEPT01'),(400,'2012-06-18 18:30:56','2012-06-18 18:31:13','RECEPT01'),(401,'2012-06-18 18:32:58','2012-06-18 18:33:06','RECEPT01'),(402,'2012-06-18 18:39:29','2012-06-18 18:39:29','RECEPT01'),(403,'2012-06-18 18:44:36','2012-06-18 18:45:06','RECEPT01'),(404,'2012-06-18 18:46:08','2012-06-18 18:46:26','RECEPT01'),(405,'2012-06-18 18:48:29','2012-06-18 18:48:49','RECEPT01'),(406,'2012-06-18 18:49:48','2012-06-18 18:50:03','RECEPT01'),(407,'2012-06-18 18:50:33','2012-06-18 18:50:52','RECEPT01'),(408,'2012-06-18 18:53:08','2012-06-18 18:53:08','RECEPT01'),(409,'2012-06-18 18:55:28','2012-06-18 18:55:40','RECEPT01'),(410,'2012-06-18 18:56:25','2012-06-18 18:56:34','RECEPT01'),(411,'2012-06-18 19:00:21','2012-06-18 19:00:37','RECEPT01'),(412,'2012-06-18 19:01:30','2012-06-18 19:01:37','RECEPT01'),(413,'2012-06-18 19:03:43','2012-06-18 19:04:00','RECEPT01'),(414,'2012-06-18 19:04:22','2012-06-18 19:04:22','RECEPT01'),(415,'2012-06-18 19:10:00','2012-06-18 19:13:44','RECEPT01'),(416,'2012-06-18 19:16:52','2012-06-18 19:17:24','RECEPT01'),(417,'2012-06-18 19:19:00','2012-06-18 19:19:29','RECEPT01'),(418,'2012-06-19 08:46:50','2012-06-19 09:03:33','RECEPT01'),(419,'2012-06-19 09:19:29','2012-06-19 09:23:44','RECEPT01'),(420,'2012-06-19 09:35:22','2012-06-19 09:36:00','RECEPT01'),(421,'2012-06-19 09:45:30','2012-06-19 09:46:00','RECEPT01'),(422,'2012-06-19 09:48:01','2012-06-19 09:49:01','RECEPT01'),(423,'2012-06-19 09:53:09','2012-06-19 09:55:23','RECEPT01'),(424,'2012-06-19 10:00:29','2012-06-19 10:01:59','RECEPT01'),(425,'2012-06-19 10:06:13','2012-06-19 10:07:43','RECEPT01'),(426,'2012-06-19 10:14:45','2012-06-19 10:15:30','RECEPT01'),(427,'2012-06-19 10:19:18','2012-06-19 10:19:56','RECEPT01'),(428,'2012-06-19 10:21:58','2012-06-19 10:22:56','RECEPT01'),(429,'2012-06-19 10:24:19','2012-06-19 10:24:35','RECEPT01'),(430,'2012-06-19 10:25:22','2012-06-19 10:25:39','RECEPT01'),(431,'2012-06-19 10:26:03','2012-06-19 10:26:23','RECEPT01'),(432,'2012-06-19 10:27:24','2012-06-19 10:28:23','RECEPT01'),(433,'2012-06-19 10:53:49','2012-06-19 10:54:09','RECEPT01'),(434,'2012-06-19 10:58:05','2012-06-19 10:58:38','RECEPT01'),(435,'2012-06-19 10:58:45','2012-06-19 10:59:08','RECEPT01'),(436,'2012-06-19 11:00:07','2012-06-19 11:00:32','RECEPT01'),(437,'2012-06-19 11:01:37','2012-06-19 11:02:24','RECEPT01'),(438,'2012-06-19 11:04:56','2012-06-19 11:05:53','RECEPT01'),(439,'2012-06-19 11:06:43','2012-06-19 11:07:14','RECEPT01'),(440,'2012-06-19 11:30:34','2012-06-19 11:31:31','RECEPT01'),(441,'2012-06-19 11:32:46','2012-06-19 11:33:22','RECEPT01'),(442,'2012-06-19 11:38:59','2012-06-19 11:39:26','RECEPT01'),(443,'2012-06-19 11:46:12','2012-06-19 11:46:36','RECEPT01'),(444,'2012-06-19 11:48:03','2012-06-19 11:48:32','RECEPT01'),(445,'2012-06-19 11:52:17','2012-06-19 11:53:05','RECEPT01'),(446,'2012-06-19 11:59:11','2012-06-19 11:59:57','RECEPT01'),(447,'2012-06-19 12:01:28','2012-06-19 12:01:46','RECEPT01'),(448,'2012-06-19 12:03:12','2012-06-19 12:03:37','RECEPT01'),(449,'2012-06-19 12:15:26','2012-06-19 12:16:00','RECEPT01'),(450,'2012-06-19 12:17:01','2012-06-19 12:17:39','RECEPT01'),(451,'2012-06-19 12:18:15','2012-06-19 12:20:01','RECEPT01'),(452,'2012-06-19 12:25:59','2012-06-19 12:29:36','RECEPT01'),(453,'2012-06-19 12:50:47','2012-06-19 12:51:54','RECEPT01'),(454,'2012-06-19 12:57:45','2012-06-19 13:01:06','RECEPT01'),(455,'2012-06-19 13:07:34','2012-06-19 13:08:54','RECEPT01'),(456,'2012-06-19 13:11:05','2012-06-19 13:13:42','RECEPT01'),(457,'2012-06-19 13:30:18','2012-06-19 13:30:29','RECEPT01'),(458,'2012-06-19 13:31:00','2012-06-19 13:31:24','RECEPT01'),(459,'2012-06-19 13:33:51','2012-06-19 14:05:58','RECEPT01'),(460,'2012-06-19 14:10:30','2012-06-19 14:15:08','RECEPT01'),(461,'2012-06-19 14:15:57','2012-06-19 14:16:11','RECEPT01'),(462,'2012-06-19 14:16:36','2012-06-19 14:25:19','RECEPT01'),(463,'2012-06-19 14:30:37','2012-06-19 14:30:52','RECEPT01'),(464,'2012-06-19 14:33:13','2012-06-19 14:55:57','RECEPT01'),(465,'2012-06-19 14:59:37','2012-06-19 15:02:18','RECEPT01'),(466,'2012-06-19 15:29:17','2012-06-19 15:29:57','RECEPT01'),(467,'2012-06-19 16:02:55','2012-06-19 16:03:18','RECEPT01'),(468,'2012-06-19 16:03:58','2012-06-19 16:04:17','RECEPT01'),(469,'2012-06-19 16:04:22','2012-06-19 16:04:53','RECEPT01'),(470,'2012-06-19 16:14:59','2012-06-19 16:15:14','RECEPT01'),(471,'2012-06-19 16:16:38','2012-06-19 16:16:54','RECEPT01'),(472,'2012-06-19 16:18:32','2012-06-19 16:18:52','RECEPT01'),(473,'2012-06-19 16:20:17','2012-06-19 16:20:39','RECEPT01'),(474,'2012-06-19 16:22:23','2012-06-19 16:22:57','RECEPT01'),(475,'2012-06-19 16:23:36','2012-06-19 16:24:29','RECEPT01'),(476,'2012-06-19 16:26:24','2012-06-19 16:26:40','RECEPT01'),(477,'2012-06-19 16:28:24','2012-06-19 16:29:04','RECEPT01'),(478,'2012-06-19 16:32:10','2012-06-19 16:32:44','RECEPT01'),(479,'2012-06-19 16:34:38','2012-06-19 16:42:21','RECEPT01'),(480,'2012-06-19 17:04:28','2012-06-19 17:04:54','RECEPT01'),(481,'2012-06-19 17:05:25','2012-06-19 17:05:56','RECEPT01'),(482,'2012-06-19 21:11:03','2012-06-19 21:11:42','RECEPT01'),(483,'2012-06-19 21:12:32','2012-06-19 21:13:00','RECEPT01'),(484,'2012-06-20 06:29:50','2012-06-20 06:31:11','RECEPT01'),(485,'2012-06-20 06:35:44','2012-06-20 06:37:11','RECEPT01'),(486,'2012-06-20 06:56:45','2012-06-20 06:59:34','RECEPT01'),(487,'2012-06-20 07:03:48','2012-06-20 07:05:49','RECEPT01'),(488,'2012-06-20 08:02:14','2012-06-20 08:03:00','RECEPT01'),(489,'2012-06-20 08:04:42','2012-06-20 08:05:30','RECEPT01'),(490,'2012-06-20 10:38:01','2012-06-20 18:36:31','RECEPT01'),(491,'2012-06-20 18:36:36','2012-06-20 18:36:59','RECEPT01'),(492,'2012-06-20 18:38:30','2012-06-20 18:39:14','RECEPT01'),(493,'2012-06-20 18:41:02','2012-06-20 18:41:02','RECEPT01'),(494,'2012-06-20 18:45:19','2012-06-20 18:47:24','RECEPT01'),(495,'2012-06-20 18:48:33','2012-06-20 18:48:43','RECEPT01'),(496,'2012-06-20 18:51:53','2012-06-20 18:55:07','RECEPT01'),(497,'2012-06-20 18:58:02','2012-06-20 19:00:59','RECEPT01'),(498,'2012-06-20 19:02:39','2012-06-20 19:03:33','RECEPT01'),(499,'2012-06-20 19:04:23','2012-06-20 19:04:35','RECEPT01'),(500,'2012-06-20 19:06:25','2012-06-20 19:07:03','RECEPT01'),(501,'2012-06-20 19:24:12','2012-06-20 20:03:54','RECEPT01'),(502,'2012-06-20 20:08:57','2012-06-20 20:09:48','RECEPT01'),(503,'2012-06-20 20:12:17','2012-06-20 20:15:37','RECEPT01'),(504,'2012-06-20 20:19:05','2012-06-20 20:23:28','RECEPT01'),(505,'2012-06-20 20:33:36','2012-06-20 21:16:32','RECEPT01'),(506,'2012-06-20 21:18:53','2012-06-20 21:20:14','RECEPT01'),(507,'2012-06-20 21:22:10','2012-06-20 21:23:41','RECEPT01'),(508,'2012-06-20 21:38:57','2012-06-20 21:39:08','RECEPT01'),(509,'2012-06-20 21:42:09','2012-06-20 21:47:06','RECEPT01'),(510,'2012-06-20 21:50:23','2012-06-20 21:50:23','RECEPT01'),(511,'2012-06-20 21:51:16','2012-06-20 21:51:32','RECEPT01'),(512,'2012-06-20 21:52:30','2012-06-20 21:53:35','RECEPT01'),(513,'2012-06-20 21:58:20','2012-06-20 22:00:26','RECEPT01'),(514,'2012-06-20 22:05:10','2012-06-20 22:05:10','RECEPT01'),(515,'2012-06-20 22:05:42','2012-06-20 22:06:25','RECEPT01'),(516,'2012-06-20 22:13:00','2012-06-20 22:13:00','RECEPT01'),(517,'2012-06-20 22:13:54','2012-06-20 22:14:26','RECEPT01'),(518,'2012-06-20 22:21:46','2012-06-20 22:23:03','RECEPT01'),(519,'2012-06-20 22:27:26','2012-06-20 22:27:49','RECEPT01'),(520,'2012-06-20 22:28:53','2012-06-20 22:29:32','RECEPT01'),(521,'2012-06-20 22:33:16','2012-06-20 22:33:41','RECEPT01'),(522,'2012-06-20 22:35:12','2012-06-20 22:39:04','RECEPT01'),(523,'2012-06-21 00:22:20','2012-06-21 00:23:35','RECEPT01'),(524,'2012-06-21 00:24:29','2012-06-21 00:24:57','RECEPT01'),(525,'2012-06-21 00:26:14','2012-06-21 00:27:57','RECEPT01'),(526,'2012-06-21 00:30:16','2012-06-21 00:31:54','RECEPT01'),(527,'2012-06-21 00:34:46','2012-06-21 00:37:34','RECEPT01'),(528,'2012-06-21 00:39:39','2012-06-21 00:42:50','RECEPT01'),(529,'2012-06-21 00:49:33','2012-06-21 00:50:27','RECEPT01'),(530,'2012-06-21 01:06:28','2012-06-21 01:07:55','RECEPT01'),(531,'2012-06-21 01:09:01','2012-06-21 01:10:18','RECEPT01'),(532,'2012-06-21 01:11:59','2012-06-21 01:13:57','RECEPT01'),(533,'2012-06-21 01:20:20','2012-06-21 01:21:32','RECEPT01'),(534,'2012-06-21 01:32:47','2012-06-21 01:33:42','RECEPT01'),(535,'2012-06-21 01:35:54','2012-06-21 01:40:53','RECEPT01'),(536,'2012-06-21 02:03:36','2012-06-21 02:05:05','RECEPT01'),(537,'2012-06-21 02:06:58','2012-06-21 02:15:35','RECEPT01'),(538,'2012-06-21 02:34:39','2012-06-21 07:23:42','RECEPT01'),(539,'2012-06-21 07:30:55','2012-06-21 07:31:37','RECEPT01'),(540,'2012-06-21 07:32:22','2012-06-21 07:34:05','RECEPT01'),(541,'2012-06-21 07:39:16','2012-06-21 07:40:12','RECEPT01'),(542,'2012-06-21 07:44:18','2012-06-21 07:45:10','RECEPT01'),(543,'2012-06-21 07:45:57','2012-06-21 07:46:23','RECEPT01'),(544,'2012-06-21 07:47:41','2012-06-21 07:48:31','RECEPT01'),(545,'2012-06-21 08:14:15','2012-06-21 08:15:44','RECEPT01'),(546,'2012-06-21 08:22:24','2012-06-21 08:25:25','RECEPT01'),(547,'2012-06-21 08:39:25','2012-06-21 08:40:38','RECEPT01'),(548,'2012-06-21 08:43:59','2012-06-21 09:14:19','RECEPT01'),(549,'2012-06-21 09:22:39','2012-06-21 09:23:00','RECEPT01'),(550,'2012-06-21 09:25:24','2012-06-21 09:29:29','RECEPT01'),(551,'2012-06-21 10:59:40','2012-06-21 10:59:40','RECEPT01'),(552,'2012-06-21 11:01:49','2012-06-21 11:02:29','RECEPT01'),(553,'2012-06-21 11:03:33','2012-06-21 11:04:44','RECEPT01'),(554,'2012-06-21 11:06:27','2012-06-21 11:09:16','RECEPT01'),(555,'2012-06-21 11:15:18','2012-06-21 11:15:47','RECEPT01'),(556,'2012-06-21 11:16:55','2012-06-21 11:17:42','RECEPT01'),(557,'2012-06-21 11:21:19','2012-06-21 11:21:54','RECEPT01'),(558,'2012-06-21 11:28:45','2012-06-21 11:28:52','RECEPT01'),(559,'2012-06-21 11:29:35','2012-06-21 11:29:52','RECEPT01'),(560,'2012-06-21 11:30:39','2012-06-21 11:31:04','RECEPT01'),(561,'2012-06-21 11:32:56','2012-06-21 11:37:17','RECEPT01'),(562,'2012-06-21 12:06:00','2012-06-21 12:15:17','RECEPT01'),(563,'2012-06-21 12:19:25','2012-06-21 12:19:54','RECEPT01'),(564,'2012-06-21 12:20:16','2012-06-21 12:20:39','RECEPT01'),(565,'2012-06-21 12:22:29','2012-06-21 12:29:33','RECEPT01'),(566,'2012-06-21 12:32:29','2012-06-21 12:33:39','RECEPT01'),(567,'2012-06-21 14:27:35','2012-06-21 14:33:40','RECEPT01'),(568,'2012-06-21 14:34:27','2012-06-21 14:34:45','RECEPT01'),(569,'2012-06-21 14:36:05','2012-06-21 14:36:26','RECEPT01'),(570,'2012-06-21 14:37:25','2012-06-21 14:37:52','RECEPT01'),(571,'2012-06-21 14:46:30','2012-06-21 14:48:10','RECEPT01'),(572,'2012-06-21 14:52:29','2012-06-21 14:53:13','RECEPT01'),(573,'2012-06-21 15:02:53','2012-06-21 15:03:39','RECEPT01'),(574,'2012-06-21 15:09:19','2012-06-21 15:10:44','RECEPT01'),(575,'2012-06-21 15:38:40','2012-06-21 15:40:23','RECEPT01'),(576,'2012-06-21 15:41:10','2012-06-21 15:41:43','RECEPT01'),(577,'2012-06-21 15:45:11','2012-06-21 15:45:34','RECEPT01'),(578,'2012-06-21 15:49:56','2012-06-21 15:51:16','RECEPT01'),(579,'2012-06-21 15:52:57','2012-06-21 15:54:39','RECEPT01'),(580,'2012-06-21 16:03:29','2012-06-21 16:04:57','RECEPT01'),(581,'2012-06-21 16:07:07','2012-06-21 16:09:35','RECEPT01'),(582,'2012-06-21 16:16:07','2012-06-21 16:35:06','RECEPT01'),(583,'2012-06-21 16:37:19','2012-06-21 17:28:30','RECEPT01'),(584,'2012-06-21 17:28:38','2012-06-21 18:33:38','RECEPT01'),(585,'2012-06-21 18:41:33','2012-06-21 18:41:35','RECEPT01'),(586,'2012-06-21 18:45:07','2012-06-21 18:47:38','RECEPT01'),(587,'2012-06-21 20:01:08','2012-06-21 20:04:13','RECEPT01'),(588,'2012-06-21 20:27:42','2012-06-21 20:31:00','RECEPT01'),(589,'2012-06-21 20:33:33','2012-06-21 20:33:33','RECEPT01'),(590,'2012-06-21 20:34:47','2012-06-21 20:35:00','RECEPT01'),(591,'2012-06-21 20:37:35','2012-06-21 20:37:35','RECEPT01'),(592,'2012-06-21 20:38:27','2012-06-21 20:38:47','RECEPT01'),(593,'2012-06-21 20:42:27','2012-06-21 20:43:33','RECEPT01'),(594,'2012-06-21 20:44:27','2012-06-21 20:44:27','RECEPT01'),(595,'2012-06-21 20:45:21','2012-06-21 20:46:21','RECEPT01'),(596,'2012-06-21 20:48:31','2012-06-21 20:50:00','RECEPT01'),(597,'2012-06-21 20:52:29','2012-06-21 20:54:03','RECEPT01'),(598,'2012-06-21 20:56:09','2012-06-21 20:57:07','RECEPT01'),(599,'2012-06-21 21:03:14','2012-06-21 21:03:58','RECEPT01'),(600,'2012-06-21 21:13:06','2012-06-21 21:14:08','RECEPT01'),(601,'2012-06-21 21:28:20','2012-06-21 21:28:52','RECEPT01'),(602,'2012-06-21 21:29:51','2012-06-21 21:31:13','RECEPT01'),(603,'2012-06-21 23:01:24','2012-06-21 23:02:04','RECEPT01'),(604,'2012-06-21 23:08:59','2012-06-21 23:09:52','RECEPT01'),(605,'2012-06-22 07:30:46','2012-06-22 07:33:14','RECEPT01'),(606,'2012-06-22 07:36:10','2012-06-22 07:40:30','RECEPT01'),(607,'2012-06-22 07:46:22','2012-06-22 07:59:46','RECEPT01'),(608,'2012-06-22 08:00:09','2012-06-22 08:01:49','RECEPT01'),(609,'2012-06-22 08:03:36','2012-06-22 08:54:58','RECEPT01'),(610,'2012-06-22 08:57:36','2012-06-22 09:12:00','RECEPT01'),(611,'2012-06-22 09:12:59','2012-06-22 09:48:30','RECEPT01'),(612,'2012-06-22 10:04:53','2012-06-22 10:05:16','RECEPT01'),(613,'2012-06-22 10:11:40','2012-06-22 10:12:31','RECEPT01'),(614,'2012-06-22 10:16:28','2012-06-22 11:45:50','RECEPT01'),(615,'2012-06-22 12:06:29','2012-06-22 12:07:17','RECEPT01'),(616,'2012-06-22 12:10:09','2012-06-22 12:10:19','RECEPT01'),(617,'2012-06-22 12:11:16','2012-06-22 12:11:28','RECEPT01'),(618,'2012-06-22 12:11:59','2012-06-22 12:12:33','RECEPT01'),(619,'2012-06-22 14:53:43','2012-06-22 15:39:07','RECEPT01'),(620,'2012-06-22 15:39:16','2012-06-22 15:39:52','RECEPT01'),(621,'2012-06-22 15:42:15','2012-06-22 15:44:49','RECEPT01'),(622,'2012-06-22 15:48:49','2012-06-22 15:48:57','RECEPT01'),(623,'2012-06-22 15:49:29','2012-06-22 15:53:53','RECEPT01'),(624,'2012-06-22 16:03:23','2012-06-22 16:19:38','RECEPT01'),(625,'2012-06-22 16:26:47','2012-06-22 16:33:24','RECEPT01'),(626,'2012-06-22 16:35:18','2012-06-22 16:40:51','RECEPT01'),(627,'2012-06-22 16:45:03','2012-06-22 19:04:41','RECEPT01'),(628,'2012-06-22 19:22:16','2012-06-22 19:22:54','RECEPT01'),(629,'2012-06-22 19:28:06','2012-06-22 19:28:39','RECEPT01'),(630,'2012-06-22 19:32:23','2012-06-22 19:33:26','RECEPT01'),(631,'2012-06-22 19:33:49','2012-06-22 19:38:11','RECEPT01'),(632,'2012-06-22 19:39:49','2012-06-22 19:41:01','RECEPT01'),(633,'2012-06-22 19:50:39','2012-06-22 19:54:11','RECEPT01'),(634,'2012-06-22 19:55:37','2012-06-22 19:56:05','RECEPT01'),(635,'2012-06-22 19:58:13','2012-06-22 19:58:34','RECEPT01'),(636,'2012-06-22 19:59:03','2012-06-22 19:59:17','RECEPT01'),(637,'2012-06-22 19:59:57','2012-06-22 20:06:19','RECEPT01'),(638,'2012-06-22 20:07:57','2012-06-22 20:24:59','RECEPT01'),(639,'2012-06-22 21:43:19','2012-06-22 21:58:45','RECEPT01'),(640,'2012-06-23 08:06:11','2012-06-23 08:10:49','RECEPT01'),(641,'2012-06-23 09:23:47','2012-06-23 09:53:10','RECEPT01'),(642,'2012-06-23 18:02:59','2012-06-23 18:11:19','RECEPT01'),(643,'2012-06-23 18:17:24','2012-06-23 18:17:42','RECEPT01'),(644,'2012-06-23 20:49:25','2012-06-23 20:53:53','RECEPT01'),(645,'2012-06-23 20:57:08','2012-06-23 20:59:58','RECEPT01'),(646,'2012-06-23 21:19:38','2012-06-23 21:24:38','RECEPT01'),(647,'2012-06-23 21:25:56','2012-06-23 21:27:35','RECEPT01'),(648,'2012-06-23 21:54:34','2012-06-23 22:02:11','RECEPT01'),(649,'2012-06-23 22:24:49','2012-06-23 22:30:38','RECEPT01'),(650,'2012-06-23 22:31:35','2012-06-23 22:48:12','RECEPT01'),(651,'2012-06-23 22:48:22','2012-06-23 23:25:07','RECEPT01'),(652,'2012-06-23 23:17:19','2012-06-23 23:18:42','RECEPT01'),(653,'2012-06-23 23:28:51','2012-06-23 23:28:57','RECEPT01'),(654,'2012-06-24 10:15:23','2012-06-24 10:18:42','RECEPT01'),(655,'2012-06-24 12:08:47','2012-06-24 12:15:48','RECEPT01'),(656,'2012-06-24 12:21:29','2012-06-24 12:24:03','RECEPT01'),(657,'2012-06-24 12:29:19','2012-06-24 12:30:14','RECEPT01'),(658,'2012-06-24 12:31:20','2012-06-24 12:33:16','RECEPT01'),(659,'2012-06-24 12:34:55','2012-06-24 12:39:53','RECEPT01'),(660,'2012-06-24 12:41:54','2012-06-24 12:42:24','RECEPT01'),(661,'2012-06-24 13:09:25','2012-06-24 13:10:46','RECEPT01'),(662,'2012-06-24 13:48:45','2012-06-24 13:49:05','RECEPT01'),(663,'2012-06-24 13:51:50','2012-06-24 13:52:39','RECEPT01'),(664,'2012-06-24 14:33:24','2012-06-24 14:33:24','RECEPT01'),(665,'2012-06-24 14:38:09','2012-06-24 14:38:09','RECEPT01'),(666,'2012-06-24 14:40:50','2012-06-24 14:41:00','RECEPT01'),(667,'2012-06-24 14:48:32','2012-06-24 14:48:32','RECEPT01'),(668,'2012-06-24 14:50:36','2012-06-24 14:50:36','RECEPT01'),(669,'2012-06-24 14:51:15','2012-06-24 14:51:15','RECEPT01'),(670,'2012-06-24 14:56:29','2012-06-24 14:56:29','RECEPT01'),(671,'2012-06-24 14:57:42','2012-06-24 14:57:42','RECEPT01'),(672,'2012-06-24 14:59:56','2012-06-24 15:00:07','RECEPT01'),(673,'2012-06-24 15:03:29','2012-06-24 15:03:51','RECEPT01'),(674,'2012-06-24 15:10:29','2012-06-24 15:10:51','RECEPT01'),(675,'2012-06-24 15:11:48','2012-06-24 15:12:00','RECEPT01'),(676,'2012-06-24 15:13:29','2012-06-24 15:14:42','RECEPT01'),(677,'2012-06-24 15:19:29','2012-06-24 15:19:37','RECEPT01'),(678,'2012-06-24 15:19:57','2012-06-24 15:20:05','RECEPT01'),(679,'2012-06-24 15:21:15','2012-06-24 15:21:39','RECEPT01'),(680,'2012-06-24 15:24:08','2012-06-24 15:24:58','RECEPT01'),(681,'2012-06-24 15:26:13','2012-06-24 15:26:37','RECEPT01'),(682,'2012-06-24 15:27:34','2012-06-24 15:34:40','RECEPT01'),(683,'2012-06-24 17:34:39','2012-06-24 17:37:00','RECEPT01'),(684,'2012-06-24 17:37:56','2012-06-24 17:39:48','RECEPT01'),(685,'2012-06-25 05:49:05','2012-06-25 05:50:00','RECEPT01'),(686,'2012-06-25 05:56:27','2012-06-25 05:58:00','RECEPT01'),(687,'2012-06-25 05:59:30','2012-06-25 05:59:55','RECEPT01'),(688,'2012-06-25 06:54:45','2012-06-25 06:56:16','RECEPT01'),(689,'2012-06-25 07:04:08','2012-06-25 07:04:37','RECEPT01'),(690,'2012-06-25 07:08:29','2012-06-25 07:09:49','RECEPT01'),(691,'2012-06-25 10:33:23','2012-06-25 10:37:48','RECEPT01'),(692,'2012-06-25 10:47:39','2012-06-25 10:56:04','RECEPT01'),(693,'2012-06-25 11:27:34','2012-06-25 11:28:00','RECEPT01'),(694,'2012-06-25 11:29:48','2012-06-25 11:30:00','RECEPT01'),(695,'2012-06-25 11:31:26','2012-06-25 11:31:26','RECEPT01'),(696,'2012-06-25 11:32:55','2012-06-25 11:33:50','RECEPT01'),(697,'2012-06-25 11:36:09','2012-06-25 11:37:00','RECEPT01'),(698,'2012-06-25 11:38:59','2012-06-25 11:39:00','RECEPT01'),(699,'2012-06-25 11:40:02','2012-06-25 11:40:02','RECEPT01'),(700,'2012-06-25 11:41:16','2012-06-25 11:42:24','RECEPT01'),(701,'2012-06-25 11:43:39','2012-06-25 11:44:00','RECEPT01'),(702,'2012-06-25 11:45:05','2012-06-25 11:45:24','RECEPT01'),(703,'2012-06-25 11:46:46','2012-06-25 11:47:00','RECEPT01'),(704,'2012-06-25 11:48:06','2012-06-25 11:48:06','RECEPT01'),(705,'2012-06-25 11:48:30','2012-06-25 11:49:00','RECEPT01'),(706,'2012-06-25 11:51:16','2012-06-25 11:51:16','RECEPT01'),(707,'2012-06-25 11:51:39','2012-06-25 11:52:00','RECEPT01'),(708,'2012-06-25 11:53:28','2012-06-25 11:53:28','RECEPT01'),(709,'2012-06-25 11:56:12','2012-06-25 11:56:12','RECEPT01'),(710,'2012-06-25 11:57:17','2012-06-25 11:57:17','RECEPT01'),(711,'2012-06-25 11:58:23','2012-06-25 11:58:23','RECEPT01'),(712,'2012-06-25 12:00:01','2012-06-25 12:00:01','RECEPT01'),(713,'2012-06-25 12:01:38','2012-06-25 12:01:49','RECEPT01'),(714,'2012-06-25 12:03:18','2012-06-25 12:03:18','RECEPT01'),(715,'2012-06-25 12:06:58','2012-06-25 12:07:00','RECEPT01'),(716,'2012-06-25 12:11:15','2012-06-25 12:11:15','RECEPT01'),(717,'2012-06-25 12:13:13','2012-06-25 12:13:46','RECEPT01'),(718,'2012-06-25 12:17:14','2012-06-25 12:18:06','RECEPT01'),(719,'2012-06-25 12:21:33','2012-06-25 12:23:54','RECEPT01'),(720,'2012-06-25 12:56:56','2012-06-25 12:58:59','RECEPT01'),(721,'2012-06-25 13:39:57','2012-06-25 13:40:33','RECEPT01'),(722,'2012-06-25 17:04:13','2012-06-25 17:08:07','RECEPT01'),(723,'2012-06-25 20:57:45','2012-06-25 21:56:34','RECEPT01'),(724,'2012-06-26 11:45:13','2012-06-26 11:48:59','RESTO01'),(725,'2012-06-26 11:50:13','2012-06-26 11:50:17','RESTO01'),(726,'2012-06-26 11:50:25','2012-06-26 11:50:28','RESTO01'),(727,'2012-06-26 20:40:02','2012-06-26 20:44:32','RESTO01'),(728,'2012-06-26 20:46:17','2012-06-26 20:49:53','RECEPT01'),(729,'2012-06-26 21:26:15','2012-06-26 21:27:40','RESTO01'),(730,'2012-06-27 07:28:52','2012-06-27 07:29:13','RECEPT01'),(731,'2012-06-27 07:29:39','2012-06-27 07:29:48','RESTO01'),(732,'2012-06-28 13:33:20','2012-06-28 13:41:17','RECEPT01'),(733,'2012-06-28 13:50:38','2012-06-28 13:50:38','RECEPT01'),(734,'2012-06-28 14:03:50','2012-06-28 14:04:04','RECEPT01'),(735,'2012-06-28 14:05:48','2012-06-28 14:06:03','RECEPT01'),(736,'2012-06-28 14:07:19','2012-06-28 14:07:54','RECEPT01'),(737,'2012-06-28 14:08:21','2012-06-28 14:09:45','RECEPT01'),(738,'2012-06-28 14:11:40','2012-06-28 14:11:49','RECEPT01'),(739,'2012-06-28 14:13:04','2012-06-28 14:13:27','RECEPT01'),(740,'2012-06-28 14:14:39','2012-06-28 14:14:48','RECEPT01'),(741,'2012-06-28 14:15:30','2012-06-28 14:19:19','RECEPT01'),(742,'2012-06-29 05:24:18','2012-06-29 05:30:51','RECEPT01'),(743,'2012-06-29 05:44:00','2012-06-29 05:44:35','RECEPT01'),(744,'2012-06-29 05:50:15','2012-06-29 06:03:18','RECEPT01'),(745,'2012-06-29 06:14:17','2012-06-29 06:15:48','RECEPT01'),(746,'2012-06-29 06:21:31','2012-06-29 06:22:47','RECEPT01'),(747,'2012-06-29 06:31:04','2012-06-29 06:34:19','RECEPT01'),(748,'2012-06-29 06:58:16','2012-06-29 07:04:38','RECEPT01'),(749,'2012-06-29 07:14:03','2012-06-29 07:18:58','RECEPT01'),(750,'2012-06-29 07:22:31','2012-06-29 07:23:42','RECEPT01'),(751,'2012-06-29 07:24:53','2012-06-29 07:26:42','RECEPT01'),(752,'2012-06-29 07:29:29','2012-06-29 07:33:48','RECEPT01'),(753,'2012-06-29 07:34:05','2012-06-29 07:35:23','RECEPT01'),(754,'2012-06-29 07:37:08','2012-06-29 07:39:02','RECEPT01'),(755,'2012-06-29 07:43:21','2012-06-29 07:50:14','RECEPT01'),(756,'2012-06-29 07:57:29','2012-06-29 07:58:39','RECEPT01'),(757,'2012-06-29 07:59:13','2012-06-29 07:59:51','RECEPT01'),(758,'2012-06-29 08:01:47','2012-06-29 08:03:10','RECEPT01'),(759,'2012-06-29 08:04:35','2012-06-29 08:12:43','RECEPT01'),(760,'2012-06-29 08:18:17','2012-06-29 08:23:13','RECEPT01'),(761,'2012-06-29 08:48:14','2012-06-29 08:49:44','RECEPT01'),(762,'2012-06-29 08:52:09','2012-06-29 08:53:06','RECEPT01'),(763,'2012-06-29 08:56:19','2012-06-29 08:56:42','RECEPT01'),(764,'2012-06-29 08:57:38','2012-06-29 08:58:23','RECEPT01'),(765,'2012-06-29 09:10:13','2012-06-29 09:11:15','RECEPT01'),(766,'2012-06-29 09:12:08','2012-06-29 09:14:37','RECEPT01'),(767,'2012-06-29 09:16:57','2012-06-29 09:18:51','RECEPT01'),(768,'2012-06-29 09:21:57','2012-06-29 09:28:15','RECEPT01'),(769,'2012-06-29 10:11:15','2012-06-29 10:13:39','RECEPT01'),(770,'2012-06-29 10:31:48','2012-06-29 10:33:41','RECEPT01'),(771,'2012-06-29 10:35:59','2012-06-29 10:36:38','RECEPT01'),(772,'2012-06-29 10:37:47','2012-06-29 10:43:13','RECEPT01'),(773,'2012-06-29 10:44:46','2012-06-29 10:45:25','RECEPT01'),(774,'2012-06-29 10:46:37','2012-06-29 10:47:49','RECEPT01'),(775,'2012-06-29 10:49:45','2012-06-29 10:50:39','RECEPT01'),(776,'2012-06-29 10:51:55','2012-06-29 10:52:44','RECEPT01'),(777,'2012-06-29 10:56:29','2012-06-29 10:57:01','RECEPT01'),(778,'2012-06-29 10:58:34','2012-06-29 10:59:18','RECEPT01'),(779,'2012-06-29 11:00:44','2012-06-29 11:01:12','RECEPT01'),(780,'2012-06-29 11:04:07','2012-06-29 11:19:06','RECEPT01'),(781,'2012-06-29 11:20:45','2012-06-29 11:23:24','RECEPT01'),(782,'2012-06-29 11:27:35','2012-06-29 11:30:30','RECEPT01'),(783,'2012-06-29 11:50:15','2012-06-29 11:51:05','RECEPT01'),(784,'2012-06-29 11:52:22','2012-06-29 12:11:21','RECEPT01'),(785,'2012-06-29 12:27:00','2012-06-29 12:27:53','RECEPT01'),(786,'2012-06-29 12:29:09','2012-06-29 12:29:40','RECEPT01'),(787,'2012-06-29 12:30:16','2012-06-29 12:30:44','RECEPT01'),(788,'2012-06-29 12:31:52','2012-06-29 12:32:14','RECEPT01'),(789,'2012-06-29 12:35:16','2012-06-29 12:36:10','RECEPT01'),(790,'2012-06-29 12:53:09','2012-06-29 12:54:11','RECEPT01'),(791,'2012-06-29 13:03:21','2012-06-29 13:07:17','RECEPT01'),(792,'2012-06-29 13:22:58','2012-06-29 13:26:30','RECEPT01'),(793,'2012-06-29 13:35:53','2012-06-29 13:44:47','RECEPT01'),(794,'2012-06-29 14:13:01','2012-06-29 14:14:29','RECEPT01'),(795,'2012-06-29 14:18:09','2012-06-29 14:19:47','RECEPT01'),(796,'2012-06-29 14:20:58','2012-06-29 14:22:14','RECEPT01'),(797,'2012-06-29 14:32:02','2012-06-29 14:40:43','RECEPT01'),(798,'2012-06-29 14:47:07','2012-06-29 14:49:27','RECEPT01'),(799,'2012-06-29 15:04:56','2012-06-29 15:05:43','RECEPT01'),(800,'2012-06-29 15:10:21','2012-06-29 15:15:05','RECEPT01'),(801,'2012-06-29 15:20:30','2012-06-29 15:21:03','RECEPT01'),(802,'2012-06-29 15:26:34','2012-06-29 15:26:58','RECEPT01'),(803,'2012-06-29 15:28:40','2012-06-29 15:29:40','RECEPT01'),(804,'2012-06-29 15:32:09','2012-06-29 15:37:18','RECEPT01'),(805,'2012-06-29 15:38:46','2012-06-29 15:43:00','RECEPT01'),(806,'2012-06-29 15:43:37','2012-06-29 17:28:00','RECEPT01'),(807,'2012-06-29 17:28:19','2012-06-29 17:28:19','RECEPT01'),(808,'2012-06-29 17:28:49','2012-06-29 17:34:00','RECEPT01'),(809,'2012-06-29 17:42:55','2012-06-29 17:47:00','RECEPT01'),(810,'2012-06-29 17:48:02','2012-06-29 17:49:25','RESTO01'),(811,'2012-06-29 17:56:24','2012-06-29 18:08:15','RECEPT01'),(812,'2012-06-30 19:08:22','2012-06-30 19:13:42','RECEPT01'),(813,'2012-06-30 19:14:07','2012-06-30 19:16:00','RECEPT01'),(814,'2012-06-30 19:22:29','2012-06-30 19:22:29','RECEPT01'),(815,'2012-06-30 19:23:10','2012-06-30 19:23:10','RECEPT01'),(816,'2012-06-30 19:26:55','2012-06-30 19:27:00','RECEPT01'),(817,'2012-06-30 19:31:00','2012-06-30 19:31:00','RECEPT01'),(818,'2012-06-30 19:31:49','2012-06-30 19:43:06','RECEPT01'),(819,'2012-06-30 19:50:47','2012-06-30 19:52:49','RECEPT01'),(820,'2012-06-30 20:21:12','2012-06-30 20:26:51','RECEPT01'),(821,'2012-07-02 03:47:52','2012-07-02 03:53:57','RECEPT01'),(822,'2012-07-02 04:04:35','2012-07-02 04:05:47','RECEPT01'),(823,'2012-07-02 04:07:24','2012-07-02 04:08:28','RECEPT01'),(824,'2012-07-02 04:10:11','2012-07-02 04:28:45','RECEPT01'),(825,'2012-07-02 04:30:06','2012-07-02 04:41:57','RECEPT01'),(826,'2012-07-02 04:42:23','2012-07-02 04:51:06','RESTO01'),(827,'2012-07-02 04:53:35','2012-07-02 04:55:43','RESTO01'),(828,'2012-07-02 04:56:16','2012-07-02 04:57:32','RESTO01'),(829,'2012-07-02 04:58:08','2012-07-02 05:00:05','RECEPT01'),(830,'2012-07-02 05:01:52','2012-07-02 05:02:53','RECEPT01'),(831,'2012-07-02 05:04:28','2012-07-02 05:05:21','RECEPT01'),(832,'2012-07-02 05:07:27','2012-07-02 05:13:18','RECEPT01'),(833,'2012-07-02 05:13:45','2012-07-02 05:22:06','RECEPT01'),(834,'2012-07-02 05:22:40','2012-07-02 05:30:42','RECEPT01'),(835,'2012-07-02 05:37:36','2012-07-02 05:38:06','RECEPT01'),(836,'2012-07-02 05:41:13','2012-07-02 05:45:44','RECEPT01'),(837,'2012-07-02 05:52:25','2012-07-02 05:53:47','RECEPT01'),(838,'2012-07-02 06:04:24','2012-07-02 06:12:04','RECEPT01'),(839,'2012-07-02 06:17:26','2012-07-02 06:18:41','RECEPT01'),(840,'2012-07-02 06:20:28','2012-07-02 06:21:42','RECEPT01'),(841,'2012-07-02 06:27:33','2012-07-02 06:35:45','RECEPT01'),(842,'2012-07-02 06:36:10','2012-07-02 06:41:24','RECEPT01'),(843,'2012-07-02 06:41:47','2012-07-02 10:18:31','RECEPT01'),(844,'2012-07-02 10:22:35','2012-07-02 10:25:09','RECEPT01'),(845,'2012-07-02 10:25:39','2012-07-02 10:55:36','RECEPT01'),(846,'2012-07-02 11:47:56','2012-07-02 11:48:39','RECEPT01'),(847,'2012-07-02 11:53:29','2012-07-02 11:58:28','RECEPT01'),(848,'2012-07-02 12:01:00','2012-07-02 12:01:25','RECEPT01'),(849,'2012-07-02 12:12:07','2012-07-02 12:16:47','RECEPT01'),(850,'2012-07-02 12:18:14','2012-07-02 12:37:15','RECEPT01'),(851,'2012-07-02 12:37:43','2012-07-02 12:38:25','RECEPT01'),(852,'2012-07-02 12:38:54','2012-07-02 12:58:30','RECEPT01'),(853,'2012-07-02 12:59:10','2012-07-02 13:11:21','RECEPT01'),(854,'2012-07-02 13:12:09','2012-07-02 13:13:44','RECEPT01'),(855,'2012-07-02 13:13:50','2012-07-02 13:20:56','RECEPT01'),(856,'2012-07-02 13:21:34','2012-07-02 13:22:51','RECEPT01'),(857,'2012-07-02 13:23:46','2012-07-02 13:25:26','RECEPT01'),(858,'2012-07-02 13:28:00','2012-07-02 13:31:49','RECEPT01'),(859,'2012-07-02 13:34:29','2012-07-02 13:37:58','RECEPT01'),(860,'2012-07-02 13:38:33','2012-07-02 13:39:05','RECEPT01'),(861,'2012-07-02 13:40:07','2012-07-02 13:42:33','RECEPT01'),(862,'2012-07-02 13:42:45','2012-07-02 13:42:59','RECEPT01'),(863,'2012-07-02 13:45:30','2012-07-02 13:51:42','RECEPT01'),(864,'2012-07-02 13:52:49','2012-07-02 13:53:27','RECEPT01'),(865,'2012-07-02 13:57:50','2012-07-02 14:01:07','RECEPT01'),(866,'2012-07-02 14:01:33','2012-07-02 14:03:56','RECEPT01'),(867,'2012-07-02 14:04:27','2012-07-02 14:05:41','RECEPT01'),(868,'2012-07-02 14:12:59','2012-07-02 14:14:26','RECEPT01'),(869,'2012-07-02 14:15:24','2012-07-02 15:42:59','RECEPT01'),(870,'2012-07-02 15:43:29','2012-07-02 15:46:45','RECEPT01'),(871,'2012-07-02 15:50:54','2012-07-02 15:58:06','RECEPT01'),(872,'2012-07-02 15:58:16','2012-07-02 16:02:43','RECEPT01'),(873,'2012-07-02 16:30:25','2012-07-02 16:37:28','RECEPT01'),(874,'2012-07-02 16:48:50','2012-07-02 16:49:10','RECEPT01'),(875,'2012-07-02 16:52:56','2012-07-02 16:54:19','RECEPT01'),(876,'2012-07-02 17:00:55','2012-07-02 17:19:03','RECEPT01'),(877,'2012-07-02 17:27:49','2012-07-02 17:27:54','RECEPT01'),(878,'2012-07-02 17:53:40','2012-07-02 17:54:28','RECEPT01'),(879,'2012-07-02 18:18:26','2012-07-02 21:22:00','RECEPT01'),(880,'2012-07-02 22:23:00','2012-07-02 22:58:45','RECEPT01'),(881,'2012-07-04 07:07:29','2012-07-04 07:22:56','RECEPT01'),(882,'2012-07-04 08:22:22','2012-07-04 08:23:00','RECEPT01'),(883,'2012-07-04 08:26:53','2012-07-04 08:27:00','RECEPT01'),(884,'2012-07-04 08:28:37','2012-07-04 08:28:37','RECEPT01'),(885,'2012-07-04 08:30:12','2012-07-04 08:30:12','RECEPT01'),(886,'2012-07-04 08:31:26','2012-07-04 08:31:26','RECEPT01'),(887,'2012-07-04 08:35:14','2012-07-04 08:35:14','RECEPT01'),(888,'2012-07-04 08:38:32','2012-07-04 08:39:00','RECEPT01'),(889,'2012-07-04 08:43:18','2012-07-04 08:43:18','RECEPT01'),(890,'2012-07-04 08:46:17','2012-07-04 08:47:02','RECEPT01'),(891,'2012-07-04 08:48:07','2012-07-04 08:50:34','RECEPT01'),(892,'2012-07-04 09:00:04','2012-07-04 09:01:00','RECEPT01'),(893,'2012-07-04 09:05:18','2012-07-04 09:10:42','RECEPT01'),(894,'2012-07-04 09:14:04','2012-07-04 09:14:47','RECEPT01'),(895,'2012-07-04 09:19:32','2012-07-04 09:20:14','RECEPT01'),(896,'2012-07-04 09:21:48','2012-07-04 09:22:21','RECEPT01'),(897,'2012-07-04 09:33:52','2012-07-04 09:34:43','RECEPT01'),(898,'2012-07-04 09:57:23','2012-07-04 10:01:03','RESTO01'),(899,'2012-07-04 10:12:05','2012-07-04 10:12:45','RECEPT01'),(900,'2012-07-04 10:13:04','2012-07-04 10:13:14','RESTO01'),(901,'2012-07-04 10:13:19','2012-07-04 10:14:42','RECEPT01'),(902,'2012-07-04 10:15:04','2012-07-04 10:16:15','RESTO01'),(903,'2012-07-04 10:16:35','2012-07-04 10:17:00','RECEPT01'),(904,'2012-07-04 10:22:56','2012-07-04 10:23:00','RECEPT01'),(905,'2012-07-04 10:29:24','2012-07-04 10:30:17','RECEPT01'),(906,'2012-07-04 10:32:08','2012-07-04 10:35:13','RECEPT01'),(907,'2012-07-04 10:45:37','2012-07-04 10:56:01','RECEPT01'),(908,'2012-07-04 10:56:25','2012-07-04 10:56:54','RESTO01'),(909,'2012-07-04 10:57:15','2012-07-04 10:57:22','RESTO01'),(910,'2012-07-04 10:57:30','2012-07-04 10:58:46','RECEPT01'),(911,'2012-07-04 10:58:59','2012-07-04 10:59:42','RESTO01'),(912,'2012-07-04 10:59:52','2012-07-04 11:00:42','RECEPT01'),(913,'2012-07-04 11:07:34','2012-07-04 11:09:20','RECEPT01'),(914,'2012-07-04 11:13:32','2012-07-04 11:13:51','RECEPT01'),(915,'2012-07-04 11:17:01','2012-07-04 11:17:06','RECEPT01'),(916,'2012-07-04 11:20:05','2012-07-04 11:20:24','RECEPT01'),(917,'2012-07-04 11:22:33','2012-07-04 11:24:58','RECEPT01'),(918,'2012-07-04 11:25:49','2012-07-04 11:25:53','RESTO01'),(919,'2012-07-04 11:39:09','2012-07-04 11:39:27','RECEPT01'),(920,'2012-07-04 11:42:52','2012-07-04 11:43:18','RECEPT01'),(921,'2012-07-04 11:43:50','2012-07-04 11:44:13','RECEPT01'),(922,'2012-07-04 11:44:24','2012-07-04 11:44:45','RECEPT01'),(923,'2012-07-04 11:47:02','2012-07-04 11:47:36','RECEPT01'),(924,'2012-07-04 12:03:37','2012-07-04 12:03:37','RECEPT01'),(925,'2012-07-04 12:05:07','2012-07-04 12:05:07','RECEPT01'),(926,'2012-07-04 12:07:03','2012-07-04 12:07:03','RECEPT01'),(927,'2012-07-04 12:09:15','2012-07-04 12:09:15','RECEPT01'),(928,'2012-07-04 12:11:46','2012-07-04 12:11:46','RECEPT01'),(929,'2012-07-04 12:12:56','2012-07-04 12:12:56','RECEPT01'),(930,'2012-07-04 12:13:56','2012-07-04 12:13:56','RECEPT01'),(931,'2012-07-04 12:14:32','2012-07-04 12:14:35','RECEPT01'),(932,'2012-07-04 12:15:08','2012-07-04 12:15:08','RECEPT01'),(933,'2012-07-04 12:19:27','2012-07-04 12:21:55','RECEPT01'),(934,'2012-07-04 12:22:46','2012-07-04 12:23:09','RECEPT01'),(935,'2012-07-04 12:23:34','2012-07-04 12:23:59','RECEPT01'),(936,'2012-07-04 12:28:03','2012-07-04 12:29:10','RECEPT01'),(937,'2012-07-04 12:29:17','2012-07-04 12:29:31','RECEPT01'),(938,'2012-07-04 12:29:38','2012-07-04 12:30:59','RECEPT01'),(939,'2012-07-05 09:07:07','2012-07-05 09:11:36','RESTO01'),(940,'2012-07-05 09:14:12','2012-07-05 09:17:28','RESTO01'),(941,'2012-07-05 09:36:42','2012-07-05 09:48:28','RECEPT01'),(942,'2012-07-05 09:53:08','2012-07-05 09:56:31','RECEPT01'),(943,'2012-07-05 09:56:50','2012-07-05 09:57:53','RECEPT01'),(944,'2012-07-05 09:58:29','2012-07-05 09:59:15','RECEPT01'),(945,'2012-07-05 09:59:52','2012-07-05 13:08:07','RECEPT01'),(946,'2012-07-07 07:48:32','2012-07-07 08:04:44','RECEPT01'),(947,'2012-07-07 15:11:56','2012-07-07 15:12:41','RECEPT01'),(948,'2012-07-07 15:15:11','2012-07-07 15:18:11','RECEPT01'),(949,'2012-07-07 15:20:15','2012-07-07 15:21:13','RECEPT01'),(950,'2012-07-07 15:28:20','2012-07-07 15:35:03','RECEPT01'),(951,'2012-07-07 21:29:25','2012-07-07 21:30:18','RECEPT01'),(952,'2012-07-09 16:30:02','2012-07-09 16:34:00','RECEPT01'),(953,'2012-07-09 16:46:09','2012-07-09 16:48:42','RECEPT01'),(954,'2012-07-09 16:50:58','2012-07-09 16:52:02','RECEPT01'),(955,'2012-07-09 16:53:59','2012-07-09 16:54:55','RECEPT01'),(956,'2012-07-09 16:58:04','2012-07-09 17:03:26','RECEPT01'),(957,'2012-07-09 17:04:03','2012-07-09 17:04:36','RECEPT01'),(958,'2012-07-09 17:44:51','2012-07-09 17:44:51','RECEPT01'),(959,'2012-07-09 17:45:53','2012-07-09 17:47:01','RECEPT01'),(960,'2012-07-09 17:48:31','2012-07-09 17:49:07','RECEPT01'),(961,'2012-07-09 17:51:02','2012-07-09 17:53:00','RECEPT01'),(962,'2012-07-09 17:54:13','2012-07-09 17:54:13','RECEPT01'),(963,'2012-07-09 17:54:57','2012-07-09 17:56:27','RECEPT01'),(964,'2012-07-09 17:58:29','2012-07-09 18:00:00','RECEPT01'),(965,'2012-07-09 18:07:01','2012-07-09 18:07:04','RECEPT01'),(966,'2012-07-09 19:32:00','2012-07-09 19:33:22','RECEPT01'),(967,'2012-07-09 19:38:54','2012-07-09 19:39:52','RESTO01'),(968,'2012-07-09 19:40:00','2012-07-09 19:41:16','RESTO01'),(969,'2012-07-09 19:51:03','2012-07-09 19:56:22','RESTO01'),(970,'2012-07-09 19:56:49','2012-07-09 19:58:29','RECEPT01'),(971,'2012-07-09 22:46:10','2012-07-09 22:50:28','RECEPT01'),(972,'2012-07-09 22:55:34','2012-07-09 22:56:19','RECEPT01'),(973,'2012-07-09 22:57:40','2012-07-09 23:00:04','RECEPT01'),(974,'2012-07-09 23:01:06','2012-07-09 23:01:34','RECEPT01'),(975,'2012-07-09 23:04:00','2012-07-09 23:04:24','RECEPT01'),(976,'2012-07-09 23:05:22','2012-07-09 23:06:11','RECEPT01'),(977,'2012-07-09 23:11:47','2012-07-09 23:12:53','RECEPT01'),(978,'2012-07-09 23:16:04','2012-07-09 23:23:51','RECEPT01'),(979,'2012-07-09 23:42:39','2012-07-09 23:42:39','RECEPT01'),(980,'2012-07-09 23:44:55','2012-07-09 23:44:55','RECEPT01'),(981,'2012-07-09 23:46:09','2012-07-09 23:46:20','RECEPT01'),(982,'2012-07-09 23:46:43','2012-07-09 23:46:43','RECEPT01'),(983,'2012-07-09 23:48:23','2012-07-09 23:48:29','RECEPT01'),(984,'2012-07-09 23:50:08','2012-07-10 00:05:33','RECEPT01'),(985,'2012-07-09 23:54:42','2012-07-09 23:55:19','RESTO01'),(986,'2012-07-10 00:29:43','2012-07-10 00:33:13','RESTO01'),(987,'2012-07-10 00:38:17','2012-07-10 00:40:05','RESTO01'),(988,'2012-07-10 00:46:48','2012-07-10 00:49:30','RESTO01'),(989,'2012-07-10 00:59:04','2012-07-10 00:59:31','RECEPT01'),(990,'2012-07-10 01:00:54','2012-07-10 01:01:34','RESTO01'),(991,'2012-07-10 08:49:16','2012-07-10 10:23:54','RECEPT02'),(992,'2012-07-10 08:50:43','2012-07-10 09:49:59','RESTO01'),(993,'2012-07-10 09:52:24','2012-07-10 09:58:34','RESTO01'),(994,'2012-07-10 10:01:16','2012-07-10 10:01:30','RESTO01'),(995,'2012-07-10 10:01:44','2012-07-10 10:01:54','RESTO01'),(996,'2012-07-10 10:07:28','2012-07-10 10:07:36','RESTO01'),(997,'2012-07-10 10:09:32','2012-07-10 10:09:42','RESTO01'),(998,'2012-07-10 10:11:07','2012-07-10 10:14:41','RESTO01'),(999,'2012-07-10 10:14:56','2012-07-10 10:15:08','RESTO01'),(1000,'2012-07-10 10:29:52','2012-07-10 12:06:36','RECEPT01'),(1001,'2012-07-10 10:30:35','2012-07-10 10:50:49','RESTO01'),(1002,'2012-07-10 10:51:24','2012-07-10 10:57:42','RESTO01'),(1003,'2012-07-10 10:59:46','2012-07-10 11:44:43','RESTO01'),(1004,'2012-07-10 11:46:31','2012-07-10 11:47:06','RESTO01'),(1005,'2012-07-10 11:48:23','2012-07-10 11:49:57','RESTO01'),(1006,'2012-07-10 11:51:53','2012-07-10 11:52:42','RESTO01'),(1007,'2012-07-10 11:58:33','2012-07-10 11:59:28','RESTO01'),(1008,'2012-07-10 12:00:02','2012-07-10 12:00:22','RESTO01'),(1009,'2012-07-10 12:01:29','2012-07-10 12:01:45','RESTO01'),(1010,'2012-07-10 12:03:40','2012-07-10 12:04:07','RESTO01'),(1011,'2012-07-10 12:05:06','2012-07-10 12:06:22','RESTO01'),(1012,'2012-07-10 12:14:15','2012-07-10 13:10:27','RECEPT01'),(1013,'2012-07-10 12:15:32','2012-07-10 12:51:37','RESTO01'),(1014,'2012-07-10 12:53:01','2012-07-10 13:22:54','RESTO02'),(1015,'2012-07-10 13:13:57','2012-07-10 13:14:16','RECEPT01'),(1016,'2012-07-10 13:18:36','2012-07-10 13:18:52','RECEPT01'),(1017,'2012-07-10 13:20:39','2012-07-10 13:22:46','RECEPT03'),(1018,'2012-07-10 14:35:58','2012-07-10 17:57:58','RECEPT01'),(1019,'2012-07-10 14:37:12','2012-07-10 17:58:08','RESTO01'),(1020,'2012-07-11 10:53:12','2012-07-11 11:18:13','RECEPT01'),(1021,'2012-07-11 11:10:48','2012-07-11 11:18:19','RESTO01'),(1022,'2012-07-11 11:19:06','2012-07-11 11:20:01','RESTO01'),(1023,'2012-07-11 11:20:46','2012-07-11 18:37:57','RESTO01'),(1024,'2012-07-11 11:21:42','2012-07-11 11:53:46','RECEPT01'),(1025,'2012-07-11 12:03:16','2012-07-11 18:38:18','RECEPT01'),(1026,'2012-07-11 12:27:48','2012-07-11 12:34:02','RECEPT02'),(1027,'2012-07-11 12:35:03','2012-07-11 12:35:52','RECEPT01'),(1028,'2012-07-11 12:41:47','2012-07-11 12:45:11','RECEPT02'),(1029,'2012-07-11 12:49:52','2012-07-11 12:51:52','RECEPT02'),(1030,'2012-07-11 14:47:44','2012-07-11 14:47:44','RECEPT02'),(1031,'2012-07-11 14:49:36','2012-07-11 14:53:47','RECEPT02'),(1032,'2012-07-11 15:15:05','2012-07-11 15:42:22','RECEPT02'),(1033,'2012-07-11 16:04:12','2012-07-11 16:08:25','RECEPT02'),(1034,'2012-07-11 16:09:11','2012-07-11 16:09:45','RECEPT02'),(1035,'2012-07-11 16:12:13','2012-07-11 16:16:45','RECEPT02'),(1036,'2012-07-11 16:17:39','2012-07-11 16:19:45','RECEPT02'),(1037,'2012-07-11 16:24:15','2012-07-11 16:27:09','RECEPT02'),(1038,'2012-07-11 16:29:07','2012-07-11 16:31:26','RECEPT02'),(1039,'2012-07-11 16:57:46','2012-07-11 16:58:11','RECEPT02'),(1040,'2012-07-11 16:59:56','2012-07-11 17:01:14','RECEPT02'),(1041,'2012-07-11 17:19:27','2012-07-11 17:20:46','RECEPT02'),(1042,'2012-07-11 17:28:54','2012-07-11 17:29:51','RECEPT02'),(1043,'2012-07-11 17:32:20','2012-07-11 17:32:52','RECEPT02'),(1044,'2012-07-11 17:38:29','2012-07-11 17:39:19','RECEPT02'),(1045,'2012-07-11 17:41:19','2012-07-11 17:42:37','RECEPT02'),(1046,'2012-07-11 17:43:39','2012-07-11 17:45:54','RECEPT02'),(1047,'2012-07-11 17:48:11','2012-07-11 17:48:44','RECEPT02'),(1048,'2012-07-11 17:52:02','2012-07-11 18:00:00','RECEPT02'),(1049,'2012-07-11 18:03:06','2012-07-11 18:04:17','RECEPT02'),(1050,'2012-07-11 18:06:22','2012-07-11 18:07:14','RECEPT02'),(1051,'2012-07-11 18:09:19','2012-07-11 18:16:32','RECEPT02'),(1052,'2012-07-11 18:25:53','2012-07-11 18:29:43','RECEPT02'),(1053,'2012-07-11 19:31:49','2012-07-11 19:32:10','RECEPT02'),(1054,'2012-07-11 19:33:12','2012-07-11 19:33:17','RECEPT02'),(1055,'2012-07-11 19:36:08','2012-07-11 19:36:51','RECEPT02'),(1056,'2012-07-11 19:42:36','2012-07-11 19:46:19','RECEPT02'),(1057,'2012-07-11 19:43:36','2012-07-11 19:46:38','RESTO01'),(1058,'2012-07-11 19:57:34','2012-07-11 19:59:36','RECEPT02'),(1059,'2012-07-11 19:58:21','2012-07-11 22:32:16','RESTO01'),(1060,'2012-07-11 20:01:56','2012-07-11 20:02:20','RECEPT02'),(1061,'2012-07-11 20:03:22','2012-07-11 20:03:46','RECEPT02'),(1062,'2012-07-11 20:06:39','2012-07-11 20:07:05','RECEPT02'),(1063,'2012-07-11 20:09:11','2012-07-11 20:10:10','RECEPT02'),(1064,'2012-07-11 20:11:45','2012-07-11 20:11:48','RECEPT01'),(1065,'2012-07-11 20:14:10','2012-07-11 20:15:06','RECEPT02'),(1066,'2012-07-11 20:22:10','2012-07-11 20:22:59','RECEPT02'),(1067,'2012-07-11 20:27:09','2012-07-11 20:27:34','RECEPT02'),(1068,'2012-07-11 20:37:07','2012-07-11 20:37:37','RECEPT01'),(1069,'2012-07-11 20:40:20','2012-07-11 20:41:57','RECEPT01'),(1070,'2012-07-11 20:45:21','2012-07-11 20:46:04','RECEPT02'),(1071,'2012-07-11 20:50:16','2012-07-11 20:50:58','RECEPT02'),(1072,'2012-07-11 20:54:22','2012-07-11 20:55:12','RECEPT02'),(1073,'2012-07-11 20:57:55','2012-07-11 22:23:19','RECEPT02'),(1074,'2012-07-11 22:24:10','2012-07-11 22:24:18','RECEPT01'),(1075,'2012-07-11 22:25:24','2012-07-11 22:26:26','RECEPT01'),(1076,'2012-07-11 22:27:18','2012-07-11 22:28:10','RECEPT01'),(1077,'2012-07-11 22:29:21','2012-07-11 22:30:17','RECEPT01'),(1078,'2012-07-11 22:30:54','2012-07-11 22:31:43','RECEPT01'),(1079,'2012-07-11 22:35:10','2012-07-11 22:36:13','RECEPT01'),(1080,'2012-07-11 22:43:18','2012-07-11 23:01:10','RECEPT01'),(1081,'2012-07-11 23:11:24','2012-07-11 23:23:41','RECEPT02'),(1082,'2012-07-11 23:29:00','2012-07-11 23:29:09','RECEPT01'),(1083,'2012-07-11 23:36:26','2012-07-11 23:39:56','RECEPT01'),(1084,'2012-07-12 00:17:58','2012-07-12 00:19:42','RECEPT01'),(1085,'2012-07-12 06:03:49','2012-07-12 06:04:25','RECEPT01'),(1086,'2012-07-12 06:14:34','2012-07-12 06:15:32','RECEPT01'),(1087,'2012-07-12 06:19:03','2012-07-12 06:19:53','RECEPT01'),(1088,'2012-07-12 06:22:09','2012-07-12 06:22:57','RECEPT01'),(1089,'2012-07-12 06:25:32','2012-07-12 06:26:44','RECEPT02'),(1090,'2012-07-12 06:34:49','2012-07-12 06:36:43','RECEPT02'),(1091,'2012-07-12 06:55:41','2012-07-12 06:56:23','RECEPT01'),(1092,'2012-07-12 06:58:11','2012-07-12 07:00:03','RECEPT01'),(1093,'2012-07-12 07:01:13','2012-07-12 07:05:48','RECEPT01'),(1094,'2012-07-12 07:12:53','2012-07-12 07:15:21','RECEPT02'),(1095,'2012-07-12 07:25:20','2012-07-12 07:25:54','RECEPT02'),(1096,'2012-07-12 07:28:12','2012-07-12 07:29:42','RECEPT02'),(1097,'2012-07-12 07:42:34','2012-07-12 07:43:14','RECEPT01'),(1098,'2012-07-12 07:49:04','2012-07-12 07:50:03','RECEPT02'),(1099,'2012-07-12 07:58:45','2012-07-12 07:58:45','RECEPT02'),(1100,'2012-07-12 08:09:19','2012-07-12 08:11:07','RECEPT02'),(1101,'2012-07-12 08:17:48','2012-07-12 08:18:00','RECEPT02'),(1102,'2012-07-12 08:21:46','2012-07-12 08:22:53','RECEPT02'),(1103,'2012-07-12 08:24:02','2012-07-12 08:24:02','RECEPT02'),(1104,'2012-07-12 08:26:58','2012-07-12 08:27:37','RECEPT01'),(1105,'2012-07-12 08:28:44','2012-07-12 08:29:00','RECEPT02'),(1106,'2012-07-12 08:35:50','2012-07-12 08:36:00','RECEPT02'),(1107,'2012-07-12 08:37:46','2012-07-12 08:38:25','RECEPT02'),(1108,'2012-07-12 08:48:43','2012-07-12 08:49:19','RECEPT02'),(1109,'2012-07-12 08:51:14','2012-07-12 08:52:29','RECEPT02'),(1110,'2012-07-12 08:54:37','2012-07-12 08:55:00','RECEPT02'),(1111,'2012-07-12 08:57:50','2012-07-12 08:58:00','RECEPT02'),(1112,'2012-07-12 09:00:24','2012-07-12 09:00:24','RECEPT02'),(1113,'2012-07-12 09:04:44','2012-07-12 09:05:17','RECEPT02'),(1114,'2012-07-12 09:11:29','2012-07-12 09:11:29','RECEPT02'),(1115,'2012-07-12 09:14:01','2012-07-12 09:14:49','RECEPT02'),(1116,'2012-07-12 09:18:06','2012-07-12 09:18:06','RECEPT02'),(1117,'2012-07-12 09:20:50','2012-07-12 09:21:00','RECEPT02'),(1118,'2012-07-12 09:23:50','2012-07-12 09:24:26','RECEPT02'),(1119,'2012-07-12 09:25:03','2012-07-12 09:25:44','RECEPT02'),(1120,'2012-07-12 09:33:23','2012-07-12 09:34:38','RECEPT01'),(1121,'2012-07-12 09:35:41','2012-07-12 09:35:41','RECEPT02'),(1122,'2012-07-12 09:36:29','2012-07-12 09:36:56','RECEPT02'),(1123,'2012-07-12 09:39:52','2012-07-12 09:40:21','RECEPT02'),(1124,'2012-07-12 09:42:08','2012-07-12 09:43:22','RECEPT02'),(1125,'2012-07-12 09:43:53','2012-07-12 09:44:00','RECEPT02'),(1126,'2012-07-12 09:44:43','2012-07-12 09:45:23','RECEPT02'),(1127,'2012-07-12 09:48:03','2012-07-12 09:48:03','RECEPT02'),(1128,'2012-07-12 09:50:18','2012-07-12 09:51:38','RECEPT02'),(1129,'2012-07-12 09:54:49','2012-07-12 09:54:49','RECEPT02'),(1130,'2012-07-12 09:55:28','2012-07-12 09:56:08','RECEPT02'),(1131,'2012-07-12 10:00:32','2012-07-12 10:02:00','RECEPT02'),(1132,'2012-07-12 10:04:37','2012-07-12 10:05:00','RECEPT01'),(1133,'2012-07-12 10:06:03','2012-07-12 10:06:03','RECEPT02'),(1134,'2012-07-12 10:08:58','2012-07-12 10:09:33','RECEPT02'),(1135,'2012-07-12 10:10:30','2012-07-12 10:11:00','RECEPT02'),(1136,'2012-07-12 10:14:02','2012-07-12 10:14:02','RECEPT02'),(1137,'2012-07-12 10:15:37','2012-07-12 10:15:37','RECEPT02'),(1138,'2012-07-12 10:16:59','2012-07-12 10:18:00','RECEPT02'),(1139,'2012-07-12 10:19:15','2012-07-12 10:19:15','RECEPT02'),(1140,'2012-07-12 10:22:18','2012-07-12 10:23:00','RECEPT02'),(1141,'2012-07-12 10:26:14','2012-07-12 10:26:43','RECEPT02'),(1142,'2012-07-12 10:28:25','2012-07-12 10:29:52','RECEPT02'),(1143,'2012-07-12 10:33:55','2012-07-12 10:39:01','RECEPT02'),(1144,'2012-07-12 10:43:28','2012-07-12 10:44:38','RECEPT02'),(1145,'2012-07-12 10:49:00','2012-07-12 10:49:41','RECEPT02'),(1146,'2012-07-12 10:52:58','2012-07-12 10:53:35','RECEPT02'),(1147,'2012-07-12 10:57:01','2012-07-12 10:58:06','RECEPT02'),(1148,'2012-07-12 11:18:50','2012-07-12 11:19:35','RECEPT02'),(1149,'2012-07-12 11:22:31','2012-07-12 11:29:09','RECEPT02'),(1150,'2012-07-12 11:23:05','2012-07-12 14:36:00','RECEPT01'),(1151,'2012-07-12 11:30:20','2012-07-12 11:34:46','RECEPT02'),(1152,'2012-07-12 11:39:13','2012-07-12 11:41:37','RECEPT02'),(1153,'2012-07-12 12:48:47','2012-07-12 13:27:41','RECEPT02'),(1154,'2012-07-12 13:38:47','2012-07-12 13:43:24','RECEPT02'),(1155,'2012-07-12 13:55:39','2012-07-12 13:58:49','RECEPT02'),(1156,'2012-07-12 14:12:19','2012-07-12 06:54:04','RESTO01'),(1157,'2012-07-12 14:50:24','2012-07-12 14:50:58','RECEPT02'),(1158,'2012-07-12 14:52:19','2012-07-12 14:57:16','RECEPT02'),(1159,'2012-07-12 14:57:30','2012-07-12 17:14:28','RECEPT01'),(1160,'2012-07-12 15:00:43','2012-07-12 15:00:46','RESTO02'),(1161,'2012-07-12 17:15:11','2012-07-12 17:19:15','RECEPT01'),(1162,'2012-07-12 17:31:54','2012-07-12 17:33:20','RECEPT02'),(1163,'2012-07-12 17:48:34','2012-07-12 17:49:00','RECEPT02'),(1164,'2012-07-12 17:51:15','2012-07-12 17:51:15','RECEPT02'),(1165,'2012-07-12 17:52:59','2012-07-12 17:53:00','RECEPT02'),(1166,'2012-07-12 17:54:05','2012-07-12 17:54:05','RECEPT02'),(1167,'2012-07-12 17:57:59','2012-07-12 17:59:18','RECEPT02'),(1168,'2012-07-12 18:01:07','2012-07-12 18:10:17','RECEPT02'),(1169,'2012-07-12 18:19:07','2012-07-12 18:21:43','RECEPT02'),(1170,'2012-07-12 18:22:33','2012-07-12 18:28:31','RECEPT02'),(1171,'2012-07-12 18:32:20','2012-07-12 18:45:23','RECEPT02'),(1172,'2012-07-12 18:46:00','2012-07-12 18:56:58','RECEPT02'),(1173,'2012-07-12 19:14:03','2012-07-12 19:14:36','RECEPT02'),(1174,'2012-07-12 19:22:07','2012-07-12 19:22:07','RECEPT02'),(1175,'2012-07-12 19:27:35','2012-07-12 19:28:12','RECEPT01'),(1176,'2012-07-12 19:38:38','2012-07-12 19:40:11','RECEPT02'),(1177,'2012-07-12 20:01:47','2012-07-12 20:04:43','RECEPT02'),(1178,'2012-07-12 20:05:25','2012-07-12 20:19:49','RECEPT02'),(1179,'2012-07-12 20:20:46','2012-07-12 20:21:53','RECEPT02'),(1180,'2012-07-12 20:25:11','2012-07-12 20:27:00','RECEPT02'),(1181,'2012-07-12 20:28:01','2012-07-12 20:32:00','RECEPT02'),(1182,'2012-07-12 20:32:30','2012-07-12 20:34:08','RECEPT02'),(1183,'2012-07-12 20:44:10','2012-07-12 03:36:37','RECEPT02'),(1184,'2012-07-13 03:54:17','2012-07-13 04:00:21','RECEPT02'),(1185,'2012-07-13 04:01:42','2012-07-13 04:03:18','RECEPT02'),(1186,'2012-07-13 04:05:16','2012-07-13 04:10:07','RECEPT02'),(1187,'2012-07-13 04:10:59','2012-07-13 04:12:57','RECEPT02'),(1188,'2012-07-13 04:16:47','2012-07-13 04:20:17','RECEPT02'),(1189,'2012-07-13 04:40:09','2012-07-13 04:40:48','RECEPT02'),(1190,'2012-07-13 04:42:49','2012-07-13 04:43:37','RECEPT02'),(1191,'2012-07-13 05:11:20','2012-07-13 05:13:09','RECEPT02'),(1192,'2012-07-13 06:40:58','2012-07-13 06:42:26','RECEPT01'),(1193,'2012-07-13 06:50:53','2012-07-13 06:52:49','RESTO01'),(1194,'2012-07-13 06:53:41','2012-07-13 06:53:48','RESTO01'),(1195,'2012-07-13 07:04:25','2012-07-13 07:04:58','RESTO01'),(1196,'2012-07-13 07:06:42','2012-07-13 07:06:57','RESTO01'),(1197,'2012-07-13 07:07:51','2012-07-13 07:11:17','RESTO01'),(1198,'2012-07-13 09:35:25','2012-07-13 09:36:11','RECEPT02'),(1199,'2012-07-13 09:39:25','2012-07-13 09:40:17','RECEPT02'),(1200,'2012-07-13 09:45:47','2012-07-13 09:47:03','RECEPT02'),(1201,'2012-07-13 10:54:42','2012-07-13 10:54:46','RECEPT02'),(1202,'2012-07-13 12:37:42','2012-07-13 12:38:48','RECEPT02'),(1203,'2012-07-13 13:02:52','2012-07-13 13:03:31','RECEPT02'),(1204,'2012-07-13 13:06:11','2012-07-13 13:08:11','RECEPT02'),(1205,'2012-07-13 13:08:53','2012-07-13 13:14:39','RECEPT01'),(1206,'2012-07-13 13:15:34','2012-07-13 13:27:02','RECEPT02'),(1207,'2012-07-13 13:33:22','2012-07-13 13:36:46','RECEPT02'),(1208,'2012-07-13 13:36:51','2012-07-13 13:39:47','RECEPT02'),(1209,'2012-07-13 13:41:31','2012-07-13 13:41:55','RECEPT02'),(1210,'2012-07-13 13:42:08','2012-07-13 13:42:32','RECEPT02'),(1211,'2012-07-13 13:52:05','2012-07-13 13:52:31','RECEPT02'),(1212,'2012-07-13 13:54:12','2012-07-13 13:54:16','RECEPT02'),(1213,'2012-07-13 13:55:21','2012-07-13 13:55:39','RECEPT02'),(1214,'2012-07-13 13:56:05','2012-07-13 13:56:17','RECEPT02'),(1215,'2012-07-13 13:56:30','2012-07-13 13:57:05','RECEPT02'),(1216,'2012-07-13 14:01:35','2012-07-13 14:01:56','RECEPT01'),(1217,'2012-07-13 14:03:18','2012-07-13 14:03:38','RECEPT02'),(1218,'2012-07-13 14:03:50','2012-07-13 14:03:58','RECEPT02'),(1219,'2012-07-13 14:04:17','2012-07-13 14:04:32','RECEPT02'),(1220,'2012-07-13 14:06:33','2012-07-13 15:19:09','RECEPT02'),(1221,'2012-07-13 21:06:12','2012-07-14 03:46:06','RESTO01'),(1222,'2012-07-13 21:08:02','2012-07-13 21:37:49','RECEPT02'),(1223,'2012-07-13 21:38:36','2012-07-13 21:46:25','RECEPT02'),(1224,'2012-07-13 21:59:41','2012-07-13 22:08:02','RECEPT02'),(1225,'2012-07-13 22:08:31','2012-07-13 22:10:13','RECEPT02'),(1226,'2012-07-13 22:11:33','2012-07-13 22:14:15','RECEPT02'),(1227,'2012-07-13 22:18:48','2012-07-13 22:20:23','RECEPT01'),(1228,'2012-07-13 22:37:10','2012-07-13 22:37:10','RECEPT02'),(1229,'2012-07-13 22:40:21','2012-07-13 22:40:48','RECEPT02'),(1230,'2012-07-13 22:41:06','2012-07-13 22:41:59','RECEPT02'),(1231,'2012-07-13 22:44:51','2012-07-13 22:45:06','RECEPT02'),(1232,'2012-07-13 22:46:22','2012-07-13 22:48:57','RECEPT02'),(1233,'2012-07-13 22:50:47','2012-07-13 22:51:30','RECEPT02'),(1234,'2012-07-13 22:55:31','2012-07-13 22:56:04','RECEPT02'),(1235,'2012-07-13 22:59:41','2012-07-13 23:00:19','RECEPT02'),(1236,'2012-07-13 23:05:01','2012-07-13 23:05:44','RECEPT02'),(1237,'2012-07-13 23:12:42','2012-07-13 23:16:55','RECEPT02'),(1238,'2012-07-13 23:21:57','2012-07-13 23:26:01','RECEPT02'),(1239,'2012-07-13 23:29:32','2012-07-13 23:30:00','RECEPT02'),(1240,'2012-07-13 23:33:49','2012-07-13 23:33:49','RECEPT02'),(1241,'2012-07-13 23:40:22','2012-07-13 23:43:09','RECEPT02'),(1242,'2012-07-13 23:43:54','2012-07-13 23:45:17','RECEPT01'),(1243,'2012-07-13 23:46:30','2012-07-13 23:52:04','RECEPT02'),(1244,'2012-07-13 23:52:49','2012-07-13 23:56:20','RECEPT02'),(1245,'2012-07-14 00:04:24','2012-07-14 00:06:17','RECEPT02'),(1246,'2012-07-14 00:13:55','2012-07-14 00:15:56','RECEPT01'),(1247,'2012-07-14 00:19:35','2012-07-14 00:22:08','RECEPT02'),(1248,'2012-07-14 00:23:18','2012-07-14 00:28:33','RECEPT02'),(1249,'2012-07-14 00:29:32','2012-07-14 00:56:43','RECEPT02'),(1250,'2012-07-14 00:58:02','2012-07-14 00:58:05','RECEPT01'),(1251,'2012-07-14 01:00:59','2012-07-14 01:01:22','RECEPT01'),(1252,'2012-07-14 01:04:15','2012-07-14 01:04:18','RECEPT02'),(1253,'2012-07-14 01:07:43','2012-07-14 01:08:24','RECEPT02'),(1254,'2012-07-14 01:22:08','2012-07-14 01:22:30','RECEPT02'),(1255,'2012-07-14 01:29:20','2012-07-14 01:29:23','RECEPT02'),(1256,'2012-07-14 01:31:12','2012-07-14 01:31:15','RECEPT02'),(1257,'2012-07-14 01:34:50','2012-07-14 01:34:54','RECEPT02'),(1258,'2012-07-14 01:39:11','2012-07-14 01:39:40','RECEPT01'),(1259,'2012-07-14 01:51:40','2012-07-14 01:51:43','RECEPT02'),(1260,'2012-07-14 01:53:20','2012-07-14 01:53:23','RECEPT02'),(1261,'2012-07-14 02:26:14','2012-07-14 02:26:53','RECEPT02'),(1262,'2012-07-14 02:27:56','2012-07-14 02:28:00','RECEPT02'),(1263,'2012-07-14 02:42:52','2012-07-14 02:42:59','RECEPT01'),(1264,'2012-07-14 02:43:45','2012-07-14 02:44:23','RECEPT01'),(1265,'2012-07-14 02:44:46','2012-07-14 02:45:18','RECEPT01'),(1266,'2012-07-14 02:48:24','2012-07-14 02:54:00','RECEPT02'),(1267,'2012-07-14 02:54:40','2012-07-14 02:55:18','RECEPT01'),(1268,'2012-07-14 03:10:36','2012-07-14 03:10:36','RECEPT02'),(1269,'2012-07-14 03:14:34','2012-07-14 03:15:02','RECEPT01'),(1270,'2012-07-14 03:17:02','2012-07-14 03:17:33','RECEPT02'),(1271,'2012-07-14 03:33:25','2012-07-14 03:33:50','RECEPT02'),(1272,'2012-07-14 03:36:03','2012-07-14 03:36:37','RECEPT02'),(1273,'2012-07-14 03:41:16','2012-07-14 03:41:42','RECEPT02'),(1274,'2012-07-14 03:42:52','2012-07-14 03:43:57','RECEPT02'),(1275,'2012-07-14 03:46:14','2012-07-14 03:46:38','RECEPT02'),(1276,'2012-07-14 03:47:12','2012-07-14 03:47:36','RECEPT02'),(1277,'2012-07-14 03:49:03','2012-07-14 03:49:28','RECEPT02'),(1278,'2012-07-14 03:49:59','2012-07-14 03:50:00','RECEPT02'),(1279,'2012-07-14 03:50:45','2012-07-14 03:51:07','RECEPT02'),(1280,'2012-07-14 03:51:48','2012-07-14 03:54:02','RECEPT02'),(1281,'2012-07-14 03:59:00','2012-07-14 03:59:21','RECEPT02'),(1282,'2012-07-14 03:59:58','2012-07-14 04:00:48','RECEPT02'),(1283,'2012-07-14 04:02:52','2012-07-14 04:04:06','RECEPT02'),(1284,'2012-07-14 04:04:13','2012-07-14 04:05:32','RECEPT02'),(1285,'2012-07-14 04:07:52','2012-07-14 04:09:09','RECEPT02'),(1286,'2012-07-14 09:11:50','2012-07-14 09:30:37','RECEPT02'),(1287,'2012-07-14 09:30:44','2012-07-14 09:32:55','RECEPT02'),(1288,'2012-07-14 09:33:21','2012-07-14 09:33:54','RECEPT02'),(1289,'2012-07-14 09:34:03','2012-07-14 09:37:45','RECEPT02'),(1290,'2012-07-16 07:05:49','2012-07-16 07:05:59','RESTO01'),(1291,'2012-07-16 07:48:49','2012-07-16 07:50:06','RESTO01'),(1292,'2012-07-16 07:59:35','2012-07-16 08:00:37','RESTO01'),(1293,'2012-07-16 08:05:54','2012-07-16 08:06:53','RECEPT01'),(1294,'2012-07-16 08:07:26','2012-07-16 08:08:15','RECEPT01'),(1295,'2012-07-16 08:30:05','2012-07-16 08:31:07','RECEPT01'),(1296,'2012-07-16 08:35:25','2012-07-16 08:38:02','RECEPT01'),(1297,'2012-07-16 09:51:34','2012-07-16 09:53:00','RECEPT01'),(1298,'2012-07-16 09:54:47','2012-07-16 09:58:32','RECEPT01'),(1299,'2012-07-16 10:06:57','2012-07-16 10:08:38','RECEPT01'),(1300,'2012-07-16 10:19:53','2012-07-16 10:27:48','RECEPT01'),(1301,'2012-07-16 11:11:33','2012-07-16 11:41:09','RECEPT01'),(1302,'2012-07-16 11:23:08','2012-07-16 11:41:03','RECEPT02'),(1303,'2012-07-16 11:32:30','2012-07-16 11:41:22','RESTO01'),(1304,'2012-07-16 11:43:11','2012-07-16 11:46:37','RECEPT02'),(1305,'2012-07-16 11:50:20','2012-07-16 11:50:25','RESTO01'),(1306,'2012-07-16 12:28:59','2012-07-16 12:29:55','RECEPT01'),(1307,'2012-07-16 12:30:06','2012-07-16 12:52:35','RECEPT02'),(1308,'2012-07-16 12:43:29','2012-07-16 12:48:42','RESTO01'),(1309,'2012-07-16 12:49:49','2012-07-16 12:52:28','RESTO01'),(1310,'2012-07-16 13:45:26','2012-07-16 14:11:58','RECEPT01'),(1311,'2012-07-16 13:54:35','2012-07-16 15:00:58','RESTO01'),(1312,'2012-07-16 15:11:28','2012-07-16 15:29:16','RECEPT01'),(1313,'2012-07-16 15:54:14','2012-07-16 15:54:35','RESTO01'),(1314,'2012-07-16 16:04:38','2012-07-16 16:06:07','RECEPT01'),(1315,'2012-07-16 16:09:44','2012-07-16 16:11:07','RECEPT02'),(1316,'2012-07-16 16:22:49','2012-07-16 16:23:28','RECEPT01'),(1317,'2012-07-16 16:24:08','2012-07-16 16:25:18','RECEPT01'),(1318,'2012-07-16 16:37:26','2012-07-16 16:38:25','RECEPT01'),(1319,'2012-07-16 16:44:51','2012-07-16 16:45:38','RECEPT01'),(1320,'2012-07-16 16:46:22','2012-07-16 16:47:09','RECEPT01'),(1321,'2012-07-16 16:51:53','2012-07-16 16:53:07','RECEPT01'),(1322,'2012-07-16 16:55:57','2012-07-16 16:57:33','RECEPT01'),(1323,'2012-07-16 17:00:06','2012-07-16 17:00:06','RECEPT01'),(1324,'2012-07-16 17:01:15','2012-07-16 17:02:02','RECEPT01'),(1325,'2012-07-16 17:04:39','2012-07-16 17:05:59','RECEPT01'),(1326,'2012-07-16 17:08:02','2012-07-16 17:08:41','RECEPT01'),(1327,'2012-07-16 17:09:22','2012-07-16 17:10:14','RECEPT01'),(1328,'2012-07-16 17:12:01','2012-07-16 17:12:01','RECEPT01'),(1329,'2012-07-16 17:13:00','2012-07-16 17:15:06','RECEPT01'),(1330,'2012-07-16 17:21:27','2012-07-16 17:22:17','RECEPT01'),(1331,'2012-07-16 17:27:31','2012-07-16 17:32:07','RECEPT01'),(1332,'2012-07-16 17:32:51','2012-07-16 17:34:16','RECEPT01'),(1333,'2012-07-16 17:36:24','2012-07-16 17:37:06','RECEPT01'),(1334,'2012-07-16 17:37:54','2012-07-16 17:39:11','RECEPT01'),(1335,'2012-07-16 17:41:49','2012-07-16 17:42:48','RECEPT02'),(1336,'2012-07-16 17:43:17','2012-07-16 17:44:25','RECEPT01'),(1337,'2012-07-17 13:22:19','2012-07-17 13:26:34','RECEPT01'),(1338,'2012-07-17 13:28:47','2012-07-17 13:39:33','RESTO01'),(1339,'2012-07-17 13:40:31','2012-07-17 13:53:43','RESTO01'),(1340,'2012-07-17 13:54:58','2012-07-17 13:56:05','RESTO01'),(1341,'2012-07-17 13:57:09','2012-07-17 13:59:25','RESTO01'),(1342,'2012-07-17 14:00:15','2012-07-17 14:02:46','RESTO01'),(1343,'2012-07-17 14:04:26','2012-07-17 14:08:31','RESTO01'),(1344,'2012-07-17 14:43:04','2012-07-17 14:45:14','RECEPT01'),(1345,'2012-07-17 14:45:45','2012-07-17 14:47:55','RECEPT01'),(1346,'2012-07-17 14:52:54','2012-07-17 14:54:05','RECEPT01'),(1347,'2012-07-17 14:55:47','2012-07-17 14:56:57','RECEPT01'),(1348,'2012-07-17 15:06:02','2012-07-17 15:07:11','RECEPT01'),(1349,'2012-07-17 15:08:01','2012-07-17 15:09:09','RECEPT01'),(1350,'2012-07-17 15:10:23','2012-07-17 15:11:07','RECEPT01'),(1351,'2012-07-17 15:15:46','2012-07-17 15:17:21','RECEPT01'),(1352,'2012-07-17 15:20:13','2012-07-17 15:21:07','RECEPT01'),(1353,'2012-07-17 15:21:31','2012-07-17 15:22:04','RECEPT01'),(1354,'2012-07-17 15:26:51','2012-07-17 15:28:05','RECEPT01'),(1355,'2012-07-17 15:32:27','2012-07-17 15:33:09','RECEPT01'),(1356,'2012-07-17 15:33:42','2012-07-17 15:35:04','RECEPT01'),(1357,'2012-07-17 15:38:11','2012-07-17 15:40:12','RECEPT01'),(1358,'2012-07-17 15:42:34','2012-07-17 15:44:24','RECEPT01'),(1359,'2012-07-17 15:51:15','2012-07-17 15:52:07','RECEPT01'),(1360,'2012-07-17 15:57:46','2012-07-17 15:59:25','RECEPT01'),(1361,'2012-07-17 16:10:13','2012-07-17 16:12:52','RECEPT01'),(1362,'2012-07-17 16:15:31','2012-07-17 16:17:45','RECEPT01'),(1363,'2012-07-18 10:52:57','2012-07-18 18:40:06','RECEPT01'),(1364,'2012-07-18 10:53:17','2012-07-18 18:39:57','RESTO01'),(1365,'2012-07-18 18:29:22','2012-07-18 18:37:00','RECEPT01'),(1366,'2012-07-18 18:45:31','2012-07-18 18:51:16','RECEPT01'),(1367,'2012-07-18 18:45:54','2012-07-18 18:50:54','RECEPT01'),(1368,'2012-07-18 19:28:38','2012-07-18 19:30:09','RESTO01'),(1369,'2012-07-18 19:30:47','2012-07-18 19:31:19','RECEPT01'),(1370,'2012-07-18 21:50:12','2012-07-18 22:10:22','RECEPT01'),(1371,'2012-07-18 22:06:37','2012-07-18 23:15:51','RESTO01'),(1372,'2012-07-18 22:07:51','2012-07-18 22:07:56','RESTO01'),(1373,'2012-07-18 22:10:34','2012-07-18 23:15:40','RECEPT01'),(1374,'2012-07-18 23:18:36','2012-07-18 06:30:32','RESTO01'),(1375,'2012-07-18 23:20:01','2012-07-18 23:20:11','RESTO01'),(1376,'2012-07-18 23:23:02','2012-07-18 23:23:08','RESTO01'),(1377,'2012-07-19 07:17:04','2012-07-19 09:01:33','RESTO01'),(1378,'2012-07-19 07:17:38','2012-07-19 09:11:35','RECEPT01'),(1379,'2012-07-19 22:25:18','2012-07-19 22:34:00','RECEPT01'),(1380,'2012-07-19 22:35:38','2012-07-19 23:04:18','RECEPT01'),(1381,'2012-07-19 22:49:25','2012-07-19 23:04:14','RESTO01'),(1382,'2012-07-23 11:43:54','2012-07-23 11:54:01','RESTO01'),(1383,'2012-07-23 11:54:21','2012-07-23 12:08:00','RESTO01'),(1384,'2012-07-23 23:10:48','2012-07-23 23:12:11','RESTO01'),(1385,'2012-07-23 23:12:49','2012-07-24 06:47:56','RECEPT01'),(1386,'2012-07-24 06:50:06','2012-07-24 06:59:11','RECEPT01'),(1387,'2012-07-24 07:01:42','2012-07-24 07:03:43','RECEPT01'),(1388,'2012-07-24 07:06:36','2012-07-24 07:07:55','RECEPT01'),(1389,'2012-07-24 07:10:11','2012-07-24 07:11:04','RECEPT01'),(1390,'2012-07-24 07:16:34','2012-07-24 07:21:32','RECEPT01'),(1391,'2012-07-24 07:32:24','2012-07-24 07:33:07','RECEPT01'),(1392,'2012-07-24 07:34:42','2012-07-24 07:36:12','RECEPT01'),(1393,'2012-07-24 07:49:44','2012-07-24 07:50:39','RECEPT01'),(1394,'2012-07-24 07:52:42','2012-07-24 07:58:25','RECEPT01'),(1395,'2012-07-24 08:03:47','2012-07-24 08:29:00','RECEPT01'),(1396,'2012-07-24 13:16:40','2012-07-24 13:20:11','RECEPT01'),(1397,'2012-07-24 13:23:25','2012-07-24 13:31:15','RECEPT01'),(1398,'2012-07-24 13:32:11','2012-07-24 13:35:12','RECEPT01'),(1399,'2012-07-24 13:38:50','2012-07-24 13:39:53','RECEPT01'),(1400,'2012-07-24 13:52:59','2012-07-24 13:55:41','RECEPT01'),(1401,'2012-07-24 13:56:59','2012-07-24 14:10:32','RECEPT01'),(1402,'2012-07-24 14:12:53','2012-07-24 14:15:44','RESTO01'),(1403,'2012-07-26 04:03:17','2012-07-26 04:04:09','RESTO01'),(1404,'2012-07-26 04:06:40','2012-07-26 04:06:40','RESTO01'),(1405,'2012-07-26 04:07:56','2012-07-26 04:08:16','RESTO01'),(1406,'2012-07-26 04:09:56','2012-07-26 04:10:16','RESTO01'),(1407,'2012-07-26 04:11:39','2012-07-26 04:11:55','RESTO01'),(1408,'2012-07-26 04:13:48','2012-07-26 04:13:48','RESTO01'),(1409,'2012-07-26 04:15:01','2012-07-26 04:15:01','RESTO01'),(1410,'2012-07-26 04:16:46','2012-07-26 04:16:46','RESTO01'),(1411,'2012-07-26 04:24:56','2012-07-26 04:27:10','RESTO01'),(1412,'2012-07-26 07:53:12','2012-07-26 07:54:49','RECEPT01'),(1413,'2012-07-26 07:57:03','2012-07-26 08:05:00','RECEPT01'),(1414,'2012-07-26 08:11:18','2012-07-26 08:13:00','RECEPT01'),(1415,'2012-07-26 08:18:58','2012-07-26 08:21:00','RECEPT01'),(1416,'2012-07-26 08:22:26','2012-07-26 08:23:02','RESTO01'),(1417,'2012-07-26 08:25:59','2012-07-26 08:27:07','RESTO01'),(1418,'2012-07-26 08:28:13','2012-07-26 08:34:11','RESTO01'),(1419,'2012-07-26 08:35:27','2012-07-26 08:36:04','RESTO01'),(1420,'2012-07-26 08:36:57','2012-07-26 08:38:00','RECEPT01'),(1421,'2012-07-26 09:14:39','2012-07-26 09:15:00','RECEPT01'),(1422,'2012-07-26 09:17:27','2012-07-26 09:19:53','RECEPT01'),(1423,'2012-07-26 09:20:24','2012-07-26 09:21:24','RECEPT01'),(1424,'2012-07-26 13:32:14','2012-07-26 13:34:51','RECEPT01'),(1425,'2012-07-26 13:37:32','2012-07-26 13:40:29','RECEPT01'),(1426,'2012-07-26 16:30:14','2012-07-26 16:37:12','RECEPT01'),(1427,'2012-07-26 16:32:34','2012-07-26 16:33:57','RESTO01'),(1428,'2012-07-26 17:01:36','2012-07-26 17:03:45','RECEPT01'),(1429,'2012-07-26 17:06:15','2012-07-26 17:06:28','RESTO01'),(1430,'2012-07-26 17:09:17','2012-07-26 17:09:54','RESTO01'),(1431,'2012-07-26 19:51:55','2012-07-26 19:54:23','RECEPT01'),(1432,'2012-07-26 19:55:32','2012-07-26 19:56:00','RECEPT01'),(1433,'2012-07-26 19:59:46','2012-07-26 20:00:00','RECEPT01'),(1434,'2012-07-26 20:02:37','2012-07-26 20:03:00','RECEPT01'),(1435,'2012-07-26 20:04:20','2012-07-26 20:04:46','RESTO01'),(1436,'2012-07-26 20:05:04','2012-07-26 20:06:50','RESTO01'),(1437,'2012-07-26 20:33:38','2012-07-26 20:44:00','RECEPT01'),(1438,'2012-07-26 20:52:49','2012-07-26 20:56:52','RECEPT01'),(1439,'2012-07-29 04:05:35','2012-07-29 04:06:39','RECEPT01'),(1440,'2012-07-29 04:19:51','2012-07-29 04:21:42','RECEPT01'),(1441,'2012-07-30 09:16:04','2012-07-30 09:19:55','RESTO01'),(1442,'2012-07-30 09:16:51','2012-07-30 09:20:21','RESTO02'),(1443,'2012-07-30 09:46:33','2012-07-30 09:46:47','RESTO01'),(1444,'2012-07-30 09:47:11','2012-07-30 09:47:35','RESTO01'),(1445,'2012-07-30 09:47:44','2012-07-30 09:48:18','RESTO01'),(1446,'2012-07-30 13:11:13','2012-07-30 13:12:17','RESTO01'),(1447,'2012-07-30 13:15:35','2012-07-30 13:16:13','RESTO01'),(1448,'2012-07-30 13:19:43','2012-07-30 13:23:18','RESTO01'),(1449,'2012-07-30 13:37:44','2012-07-30 13:38:28','RESTO01'),(1450,'2012-07-30 13:42:02','2012-07-30 13:42:02','RESTO01'),(1451,'2012-07-30 13:44:18','2012-07-30 13:54:39','RESTO01'),(1452,'2012-07-30 13:55:20','2012-07-30 13:56:00','RESTO01'),(1453,'2012-07-30 13:56:52','2012-07-30 13:56:52','RESTO01'),(1454,'2012-07-30 14:01:54','2012-07-30 14:02:00','RESTO01'),(1455,'2012-07-30 14:04:11','2012-07-30 14:04:11','RESTO01'),(1456,'2012-07-30 14:07:52','2012-07-30 14:08:54','RESTO01'),(1457,'2012-07-31 16:50:44','2012-07-31 17:33:39','RECEPT01'),(1458,'2012-07-31 17:03:55','2012-07-31 17:33:58','RESTO01'),(1459,'2012-08-01 08:45:42','2012-08-01 09:46:39','RECEPT01'),(1460,'2012-08-03 09:58:35','2012-08-03 10:52:23','RECEPT01'),(1461,'2012-08-03 11:10:48','2012-08-03 12:21:00','RECEPT01'),(1462,'2012-08-03 12:22:27','2012-08-03 12:58:00','RECEPT01'),(1463,'2012-08-03 12:59:36','2012-08-03 13:01:00','RECEPT01'),(1464,'2012-08-03 13:01:58','2012-08-03 13:05:00','RECEPT01'),(1465,'2012-08-03 13:06:12','2012-08-03 13:08:00','RECEPT01'),(1466,'2012-08-03 13:08:53','2012-08-03 13:10:00','RECEPT01'),(1467,'2012-08-04 15:06:31','2012-08-04 17:03:38','RECEPT01'),(1468,'2012-08-04 18:11:20','2012-08-04 20:19:48','RECEPT01'),(1469,'2012-08-04 20:27:34','2012-08-04 20:32:55','RECEPT01'),(1470,'2012-08-04 20:36:36','2012-08-04 20:39:24','RECEPT01'),(1471,'2012-08-04 20:39:38','2012-08-04 22:26:15','RECEPT01'),(1472,'2012-08-04 20:58:24','2012-08-04 21:03:03','RESTO01'),(1473,'2012-08-04 21:03:17','2012-08-04 21:25:56','RESTO01'),(1474,'2012-08-04 21:28:10','2012-08-04 22:39:13','RESTO01'),(1475,'2012-08-04 22:27:14','2012-08-04 22:39:04','RECEPT01'),(1476,'2012-08-05 01:12:57','2012-08-05 02:34:01','RECEPT01'),(1477,'2012-08-05 03:03:59','2012-08-05 03:04:53','RECEPT01'),(1478,'2012-08-05 03:07:21','2012-08-05 03:08:20','RECEPT01'),(1479,'2012-08-05 03:15:22','2012-08-05 03:16:05','RESTO01'),(1480,'2012-08-05 03:19:00','2012-08-05 03:19:07','RESTO01'),(1481,'2012-08-05 03:22:02','2012-08-05 03:22:31','RECEPT01'),(1482,'2012-08-05 03:23:43','2012-08-05 03:24:14','RECEPT01'),(1483,'2012-08-05 03:42:08','2012-08-05 03:44:48','RESTO01'),(1484,'2012-08-05 03:42:37','2012-08-05 03:44:56','RECEPT01'),(1485,'2012-08-05 03:46:18','2012-08-05 03:48:03','RESTO01'),(1486,'2012-08-05 03:46:28','2012-08-05 03:47:59','RECEPT01'),(1487,'2012-08-06 09:27:51','2012-08-06 09:50:11','RECEPT01'),(1488,'2012-08-06 09:32:09','2012-08-06 09:50:13','RESTO01'),(1489,'2012-08-08 09:45:00','2012-08-08 10:04:29','RECEPT01'),(1490,'2012-08-08 09:51:42','2012-08-08 10:04:29','RESTO01'),(1491,'2012-08-08 10:31:49','2012-08-08 10:32:37','RECEPT01'),(1492,'2012-08-08 10:34:15','2012-08-08 10:34:51','RECEPT01'),(1493,'2012-08-08 10:38:35','2012-08-08 10:39:25','RECEPT01'),(1494,'2012-08-08 10:41:01','2012-08-08 10:41:49','RECEPT01'),(1495,'2012-08-08 10:50:57','2012-08-08 10:51:23','RECEPT01'),(1496,'2012-08-08 10:53:31','2012-08-08 10:53:55','RECEPT01'),(1497,'2012-08-11 09:31:41','2012-08-11 11:06:42','RECEPT01'),(1498,'2012-08-11 11:07:21','2012-08-11 11:22:47','RESTO01'),(1499,'2012-08-11 11:10:09','2012-08-11 11:22:43','RECEPT01'),(1500,'2012-08-11 11:28:22','2012-08-11 11:40:54','RECEPT01'),(1501,'2012-08-11 15:03:17','2012-08-11 15:04:30','RECEPT01'),(1502,'2012-08-11 15:06:35','2012-08-11 15:07:35','RECEPT01'),(1503,'2012-08-11 15:09:29','2012-08-11 15:10:29','RECEPT01'),(1504,'2012-08-11 15:13:10','2012-08-11 15:13:59','RECEPT01'),(1505,'2012-08-11 15:16:23','2012-08-11 15:17:26','RECEPT01'),(1506,'2012-08-11 15:19:35','2012-08-11 15:20:31','RECEPT01'),(1507,'2012-08-11 15:23:49','2012-08-11 15:24:32','RECEPT01'),(1508,'2012-08-11 15:29:21','2012-08-11 15:30:06','RECEPT01'),(1509,'2012-08-11 15:32:15','2012-08-11 15:33:23','RECEPT01'),(1510,'2012-08-11 15:37:30','2012-08-11 15:38:41','RECEPT01'),(1511,'2012-08-11 15:41:15','2012-08-11 15:42:17','RECEPT01'),(1512,'2012-08-11 15:44:22','2012-08-11 15:53:53','RECEPT01'),(1513,'2012-08-11 16:08:59','2012-08-11 16:10:17','RECEPT01'),(1514,'2012-08-11 16:11:21','2012-08-11 16:12:50','RECEPT01'),(1515,'2012-08-11 16:20:45','2012-08-11 16:21:41','RECEPT01'),(1516,'2012-08-11 16:22:19','2012-08-11 16:23:07','RECEPT01'),(1517,'2012-08-11 16:23:48','2012-08-11 16:25:02','RECEPT01'),(1518,'2012-08-11 16:28:57','2012-08-11 16:29:58','RECEPT01'),(1519,'2012-08-11 16:55:29','2012-08-11 16:56:54','RECEPT01'),(1520,'2012-08-11 17:03:26','2012-08-11 17:04:00','RECEPT01'),(1521,'2012-08-11 17:06:40','2012-08-11 17:07:00','RECEPT01'),(1522,'2012-08-11 17:12:21','2012-08-11 17:14:00','RECEPT01'),(1523,'2012-08-11 17:26:51','2012-08-11 17:27:00','RECEPT01'),(1524,'2012-08-11 17:30:30','2012-08-11 17:31:00','RECEPT01'),(1525,'2012-08-11 18:18:11','2012-08-11 18:22:40','RECEPT01'),(1526,'2012-08-11 18:24:30','2012-08-11 18:25:46','RECEPT01'),(1527,'2012-08-11 18:31:15','2012-08-11 18:32:18','RECEPT01'),(1528,'2012-08-11 18:33:13','2012-08-11 18:33:52','RECEPT01'),(1529,'2012-08-11 18:35:12','2012-08-11 18:42:16','RECEPT01'),(1530,'2012-08-11 18:43:55','2012-08-11 18:45:03','RECEPT01'),(1531,'2012-08-11 18:46:03','2012-08-11 18:47:36','RECEPT01'),(1532,'2012-08-11 18:50:00','2012-08-11 18:51:38','RECEPT01'),(1533,'2012-08-11 18:53:22','2012-08-11 18:55:25','RECEPT01'),(1534,'2012-08-11 19:07:39','2012-08-11 19:08:57','RECEPT01'),(1535,'2012-08-11 19:12:05','2012-08-11 19:13:27','RECEPT01'),(1536,'2012-08-11 19:15:25','2012-08-11 19:17:03','RECEPT01'),(1537,'2012-08-11 19:17:51','2012-08-11 19:18:55','RECEPT01'),(1538,'2012-08-11 19:19:52','2012-08-11 19:25:36','RECEPT01'),(1539,'2012-08-11 19:26:28','2012-08-11 19:28:07','RECEPT01'),(1540,'2012-08-11 19:42:22','2012-08-11 20:46:16','RECEPT01'),(1541,'2012-08-11 20:54:13','2012-08-11 20:55:29','RECEPT01'),(1542,'2012-08-11 21:00:56','2012-08-11 21:01:47','RECEPT01'),(1543,'2012-08-11 21:03:45','2012-08-11 21:04:32','RECEPT01'),(1544,'2012-08-11 21:06:36','2012-08-11 21:07:46','RECEPT01'),(1545,'2012-08-11 21:09:06','2012-08-11 21:09:49','RECEPT01'),(1546,'2012-08-11 21:10:47','2012-08-11 21:11:28','RECEPT01'),(1547,'2012-08-11 21:12:26','2012-08-11 21:17:20','RECEPT01'),(1548,'2012-08-11 21:19:38','2012-08-11 21:23:18','RECEPT01'),(1549,'2012-08-11 21:26:33','2012-08-12 14:28:49','RECEPT01'),(1550,'2012-08-13 11:07:12','2012-08-13 11:13:22','RECEPT01'),(1551,'2012-08-13 11:13:46','2012-08-13 11:23:17','RECEPT01'),(1552,'2012-08-13 11:26:44','2012-08-13 11:29:57','RECEPT01'),(1553,'2012-08-13 11:33:49','2012-08-13 11:40:15','RECEPT01'),(1554,'2012-08-13 11:50:04','2012-08-13 11:50:41','RECEPT01'),(1555,'2012-08-13 11:58:31','2012-08-13 12:02:57','RECEPT01'),(1556,'2012-08-13 12:08:48','2012-08-13 12:11:44','RECEPT01'),(1557,'2012-08-13 12:49:24','2012-08-13 12:51:44','RECEPT01'),(1558,'2012-08-13 12:54:31','2012-08-13 13:07:28','RECEPT01'),(1559,'2012-08-13 13:11:26','2012-08-13 14:27:17','RECEPT01'),(1560,'2012-08-13 14:29:14','2012-08-13 14:30:54','RECEPT01'),(1561,'2012-08-14 07:24:27','2012-08-14 07:26:58','RECEPT01'),(1562,'2012-08-14 09:18:14','2012-08-14 09:26:00','RECEPT01'),(1563,'2012-08-14 09:34:50','2012-08-14 10:02:47','RECEPT01'),(1564,'2012-08-14 10:03:51','2012-08-14 10:17:54','RECEPT01'),(1565,'2012-08-14 10:21:45','2012-08-14 10:30:02','RECEPT01'),(1566,'2012-08-14 10:30:57','2012-08-14 10:32:10','RECEPT01'),(1567,'2012-08-14 10:35:02','2012-08-14 11:39:39','RECEPT01'),(1568,'2012-08-14 11:41:37','2012-08-14 13:13:07','RECEPT01'),(1569,'2012-08-14 13:16:54','2012-08-14 13:20:08','RECEPT01'),(1570,'2012-08-14 13:36:19','2012-08-14 13:37:44','RECEPT01'),(1571,'2012-08-14 13:39:25','2012-08-14 15:26:30','RECEPT01'),(1572,'2012-08-14 15:46:51','2012-08-14 15:57:20','RECEPT01'),(1573,'2012-08-14 16:01:53','2012-08-14 16:09:44','RECEPT01'),(1574,'2012-08-14 16:10:39','2012-08-14 16:16:37','RECEPT01'),(1575,'2012-08-14 16:24:20','2012-08-14 16:26:38','RECEPT01'),(1576,'2012-08-14 16:29:04','2012-08-14 16:46:35','RECEPT01'),(1577,'2012-08-14 17:17:32','2012-08-14 17:19:40','RECEPT01'),(1578,'2012-08-14 17:30:09','2012-08-14 17:35:10','RECEPT01'),(1579,'2012-08-14 18:51:22','2012-08-14 18:59:41','RECEPT01'),(1580,'2012-08-14 19:00:18','2012-08-14 19:01:42','RECEPT01'),(1581,'2012-08-14 19:03:23','2012-08-14 19:23:35','RECEPT01'),(1582,'2012-08-14 19:12:22','2012-08-14 19:20:39','RESTO01'),(1583,'2012-08-14 21:40:44','2012-08-14 21:44:35','RECEPT01'),(1584,'2012-08-14 22:07:47','2012-08-14 22:12:28','RECEPT01'),(1585,'2012-08-14 22:13:58','2012-08-14 22:44:13','RECEPT01'),(1586,'2012-08-14 23:14:29','2012-08-14 23:19:29','RECEPT01'),(1587,'2012-08-14 23:22:03','2012-08-14 23:27:50','RECEPT01'),(1588,'2012-08-14 23:28:37','2012-08-14 23:29:53','RECEPT01'),(1589,'2012-08-14 23:30:11','2012-08-14 23:35:09','RECEPT01'),(1590,'2012-08-14 23:52:00','2012-08-14 23:54:00','RECEPT01'),(1591,'2012-08-14 23:56:11','2012-08-14 23:56:11','RECEPT01'),(1592,'2012-08-15 00:01:47','2012-08-15 00:03:09','RECEPT01'),(1593,'2012-08-15 00:07:21','2012-08-15 00:23:42','RECEPT01'),(1594,'2012-08-15 00:33:55','2012-08-15 00:36:36','RECEPT01'),(1595,'2012-08-15 00:48:57','2012-08-15 00:50:04','RECEPT01'),(1596,'2012-08-15 00:52:49','2012-08-15 00:55:21','RECEPT01'),(1597,'2012-08-15 00:58:25','2012-08-15 01:02:35','RECEPT01'),(1598,'2012-08-15 01:16:28','2012-08-15 01:19:09','RECEPT01'),(1599,'2012-08-15 01:24:29','2012-08-15 01:26:36','RECEPT01'),(1600,'2012-08-15 07:54:31','2012-08-15 08:02:28','RECEPT01'),(1601,'2012-08-15 08:25:12','2012-08-15 08:27:03','RECEPT01'),(1602,'2012-08-15 08:32:56','2012-08-15 08:35:14','RECEPT01'),(1603,'2012-08-15 08:38:00','2012-08-15 08:41:00','RECEPT01'),(1604,'2012-08-15 08:42:17','2012-08-15 08:51:13','RECEPT01'),(1605,'2012-08-15 19:37:26','2012-08-15 19:40:20','RESTO01'),(1606,'2012-08-15 19:41:56','2012-08-15 19:42:22','RESTO01'),(1607,'2012-08-15 20:50:44','2012-08-15 20:55:17','RECEPT01'),(1608,'2012-08-15 20:58:40','2012-08-15 21:10:16','RECEPT01'),(1609,'2012-08-15 21:21:48','2012-08-15 21:24:19','RESTO01'),(1610,'2012-08-16 11:01:04','2012-08-16 11:03:34','RECEPT01'),(1611,'2012-08-16 11:17:37','2012-08-16 11:19:38','RECEPT01'),(1612,'2012-08-16 11:18:42','2012-08-16 11:19:11','RESTO01'),(1613,'2012-08-16 11:19:17','2012-08-16 11:19:26','RESTO01'),(1614,'2012-08-16 11:19:44','2012-08-16 11:22:04','RECEPT01'),(1615,'2012-08-16 11:22:46','2012-08-16 11:29:05','RECEPT01'),(1616,'2012-08-16 11:24:35','2012-08-16 11:28:53','RESTO01'),(1617,'2012-08-17 09:49:06','2012-08-17 09:49:40','RECEPT01'),(1618,'2012-08-17 10:24:46','2012-08-17 10:25:00','RECEPT01'),(1619,'2012-08-17 10:30:40','2012-08-17 10:31:08','RECEPT01'),(1620,'2012-08-17 10:32:26','2012-08-17 10:32:53','RECEPT01'),(1621,'2012-08-17 10:33:11','2012-08-17 10:33:41','RECEPT01'),(1622,'2012-08-17 10:59:58','2012-08-17 11:00:11','RESTO01'),(1623,'2012-08-17 11:48:03','2012-08-17 11:49:04','RECEPT01'),(1624,'2012-08-17 11:59:46','2012-08-17 12:00:20','RECEPT01'),(1625,'2012-08-17 22:03:08','2012-08-18 02:19:41','RECEPT01'),(1626,'2012-08-18 02:27:06','2012-08-18 09:45:59','RECEPT01'),(1627,'2012-08-18 02:37:50','2012-08-18 09:45:52','RESTO01'),(1628,'2012-08-18 23:01:02','2012-08-18 23:33:35','RECEPT01'),(1629,'2012-08-20 06:18:24','2012-08-20 07:00:58','RECEPT01'),(1630,'2012-08-20 20:10:26','2012-08-20 20:19:00','RECEPT01'),(1631,'2012-08-25 17:49:58','2012-08-25 17:50:23','RESTO01'),(1632,'2012-08-25 18:21:33','2012-08-25 21:03:00','RESTO01'),(1633,'2012-08-27 22:56:13','2012-08-27 22:57:27','RECEPT01'),(1634,'2012-08-27 22:58:06','2012-08-27 23:00:27','RESTO01'),(1635,'2012-08-28 05:09:00','2012-08-28 09:13:33','RECEPT01'),(1636,'2012-08-31 11:47:15','2012-08-31 13:10:44','RECEPT01'),(1637,'2012-12-01 18:52:57','2012-12-01 19:12:12','RESTO01'),(1638,'2012-12-01 18:53:13','2012-12-01 19:12:09','RECEPT01'),(1639,'2012-12-03 13:48:29','2012-12-03 13:48:58','RECEPT01'),(1640,'2012-12-03 13:49:07','2012-12-03 15:33:40','RECEPT01'),(1641,'2012-12-03 13:49:58','2012-12-03 15:33:45','RESTO01'),(1642,'2012-12-04 10:03:56','2012-12-04 10:08:25','RECEPT01'),(1643,'2013-01-25 08:03:58','2013-01-25 09:27:40','RECEPT01'),(1644,'2013-01-25 08:26:22','2013-01-25 09:27:33','RESTO01'),(1645,'2013-01-25 09:39:23','2013-01-25 09:43:17','RECEPT01'),(1646,'2013-01-25 18:16:47','2013-01-25 18:18:21','RESTO01'),(1647,'2013-01-25 18:24:39','2013-01-25 18:25:14','RECEPT01'),(1648,'2013-05-18 22:55:59','2013-05-18 23:37:49','RECEPT01'),(1649,'2013-05-18 23:11:33','2013-05-18 23:37:39','RESTO01'),(1650,'2013-05-23 14:22:28','2013-05-23 14:37:29','RECEPT01'),(1651,'2013-05-23 14:28:45','2013-05-23 14:37:24','RESTO01'),(1652,'2013-05-23 15:13:19','2013-05-23 15:18:47','RECEPT01'),(1653,'2013-05-23 15:15:39','2013-05-23 15:18:39','RESTO01'),(1654,'2013-05-24 05:39:18','2013-05-24 05:48:32','RECEPT01'),(1655,'2013-05-24 05:48:53','2013-05-24 05:51:10','RESTO01'),(1656,'2013-05-24 18:05:26','2013-05-24 22:46:44','RECEPT01'),(1657,'2013-05-27 12:32:20','2013-05-27 12:33:03','RECEPT01'),(1658,'2013-05-30 05:45:06','2013-05-30 06:00:47','RECEPT01'),(1659,'2013-08-03 07:56:06','2013-08-03 08:04:47','RECEPT01'),(1660,'2013-08-03 07:57:36','2013-08-03 08:02:04','RESTO01'),(1661,'2013-08-03 11:29:16','2013-08-03 12:43:13','RECEPT01'),(1662,'2013-08-03 13:40:51','2013-08-03 14:41:39','RESTO01'),(1663,'2013-10-16 10:26:25','2013-10-16 10:29:47','RECEPT01'),(1664,'2013-10-16 10:31:02','2013-10-16 11:56:39','RESTO01'),(1665,'2013-10-23 10:27:03','2013-10-23 12:40:28','RECEPT01'),(1666,'2013-10-23 10:28:45','2013-10-23 21:48:16','RESTO01'),(1667,'2013-10-23 15:18:06','2013-10-23 15:32:00','RECEPT01'),(1668,'2013-10-23 15:33:09','2013-10-23 15:33:09','RECEPT01'),(1669,'2013-10-23 15:33:41','2013-10-23 21:48:11','RECEPT01'),(1670,'2013-10-24 11:21:57','2013-10-24 11:41:00','RECEPT01'),(1671,'2013-10-24 12:55:59','2013-10-24 12:56:00','RECEPT01'),(1672,'2013-10-24 12:59:25','2013-10-24 12:59:25','RECEPT01'),(1673,'2013-10-24 13:00:42','2013-10-24 13:01:00','RECEPT01'),(1674,'2013-10-24 13:18:09','2013-10-24 13:19:00','RECEPT01'),(1675,'2013-10-24 13:20:42','2013-10-24 13:21:00','RECEPT01'),(1676,'2013-10-24 13:22:46','2013-10-24 13:23:00','RECEPT01'),(1677,'2013-10-24 13:37:01','2013-10-24 13:37:01','RECEPT01'),(1678,'2013-10-24 13:47:11','2013-10-24 13:47:11','RECEPT01'),(1679,'2013-10-24 14:20:48','2013-10-24 14:21:00','RECEPT01'),(1680,'2013-10-24 14:23:47','2013-10-24 14:24:00','RECEPT01'),(1681,'2013-10-24 14:26:29','2013-10-24 14:26:29','RECEPT01'),(1682,'2013-10-24 14:27:26','2013-10-24 14:27:26','RECEPT01'),(1683,'2013-10-24 14:28:19','2013-10-24 14:28:19','RECEPT01'),(1684,'2013-10-24 14:30:09','2013-10-24 14:30:09','RECEPT01'),(1685,'2013-10-24 14:31:30','2013-10-24 14:31:30','RECEPT01'),(1686,'2013-10-24 14:35:18','2013-10-24 14:35:18','RECEPT01'),(1687,'2013-10-24 14:36:18','2013-10-24 14:36:18','RECEPT01'),(1688,'2013-10-24 14:37:41','2013-10-24 14:38:09','RECEPT01'),(1689,'2013-10-24 14:38:58','2013-10-24 14:39:39','RECEPT01'),(1690,'2013-10-24 14:40:06','2013-10-24 14:40:06','RECEPT01'),(1691,'2013-10-24 14:42:07','2013-10-24 14:42:07','RECEPT01'),(1692,'2013-10-24 15:08:20','2013-10-24 15:09:00','RECEPT01'),(1693,'2013-10-24 15:10:02','2013-10-24 15:10:02','RECEPT01'),(1694,'2013-10-24 15:13:22','2013-10-24 15:13:22','RECEPT01'),(1695,'2013-10-24 15:14:19','2013-10-24 15:14:19','RECEPT01'),(1696,'2013-10-24 15:21:09','2013-10-24 15:21:35','RECEPT01'),(1697,'2013-10-24 15:23:09','2013-10-24 15:24:05','RECEPT01'),(1698,'2013-10-24 15:26:49','2013-10-24 15:27:00','RECEPT01'),(1699,'2013-10-24 15:32:00','2013-10-24 15:32:00','RECEPT01'),(1700,'2013-10-24 15:33:54','2013-10-24 15:34:47','RECEPT01'),(1701,'2013-10-24 15:35:59','2013-10-24 15:36:00','RECEPT01'),(1702,'2013-10-24 16:03:00','2013-10-24 16:45:13','RECEPT01'),(1703,'2013-10-24 16:47:23','2013-10-24 16:49:58','RECEPT01'),(1704,'2013-10-24 16:51:59','2013-10-24 16:52:20','RECEPT01'),(1705,'2013-10-24 16:53:39','2013-10-24 17:05:30','RECEPT01'),(1706,'2013-10-24 17:07:54','2013-10-24 17:09:00','RECEPT01'),(1707,'2013-10-24 17:13:17','2013-10-24 17:30:45','RECEPT01'),(1708,'2013-10-24 17:32:17','2013-10-24 17:47:27','RECEPT01'),(1709,'2013-10-24 17:50:20','2013-10-24 18:14:44','RECEPT01'),(1710,'2013-10-24 18:29:53','2013-10-24 18:40:04','RECEPT01'),(1711,'2013-10-24 18:40:52','2013-10-24 18:41:33','RECEPT01'),(1712,'2013-10-24 18:46:39','2013-10-24 18:48:19','RECEPT01'),(1713,'2013-10-24 18:58:37','2013-10-24 19:00:20','RECEPT01'),(1714,'2013-10-24 19:02:03','2013-10-24 19:03:38','RECEPT01'),(1715,'2013-10-24 19:06:24','2013-10-24 19:07:45','RESTO01'),(1716,'2013-10-24 19:47:13','2013-10-24 19:47:39','RECEPT01'),(1717,'2013-10-24 19:55:22','2013-10-24 19:56:34','RECEPT01'),(1718,'2013-10-25 03:46:07','2013-10-25 03:47:00','RECEPT01'),(1719,'2013-10-25 03:51:01','2013-10-25 03:51:01','RECEPT01'),(1720,'2013-10-25 03:53:30','2013-10-25 03:56:12','RECEPT01'),(1721,'2013-10-25 04:25:13','2013-10-25 04:25:13','RESTO01'),(1722,'2013-10-25 04:26:27','2013-10-25 04:26:57','RESTO01'),(1723,'2013-10-25 04:42:48','2013-10-25 04:43:16','RECEPT01'),(1724,'2013-10-25 12:43:22','2013-10-25 12:48:41','RECEPT01'),(1725,'2013-10-25 12:56:00','2013-10-25 12:59:40','RECEPT01'),(1726,'2013-10-25 13:06:47','2013-10-25 13:54:37','RECEPT01'),(1727,'2013-10-25 13:54:15','2013-10-25 13:54:57','RECEPT01'),(1728,'2013-10-25 13:59:41','2013-10-25 13:59:57','RECEPT01'),(1729,'2013-10-25 14:03:31','2013-10-25 14:04:50','RECEPT01'),(1730,'2013-10-25 14:07:31','2013-10-25 14:07:44','RECEPT01'),(1731,'2013-10-25 14:07:55','2013-10-25 14:09:12','RECEPT01'),(1732,'2013-10-25 14:11:14','2013-10-25 14:11:39','RECEPT01'),(1733,'2013-10-25 14:19:35','2013-10-25 14:19:56','RECEPT01'),(1734,'2013-10-25 14:25:10','2013-10-25 14:25:21','RECEPT01'),(1735,'2013-10-25 14:27:22','2013-10-25 15:22:18','RECEPT01'),(1736,'2013-10-25 14:32:24','2013-10-25 14:32:42','RECEPT01'),(1737,'2013-10-25 15:13:07','2013-10-25 15:20:54','RECEPT01'),(1738,'2013-10-25 15:42:40','2013-10-25 15:43:38','RECEPT01'),(1739,'2013-10-25 15:50:59','2013-10-25 15:51:50','RECEPT01'),(1740,'2013-10-25 15:56:44','2013-10-25 15:59:43','RECEPT01'),(1741,'2013-10-25 17:20:57','2013-10-25 17:21:21','RECEPT01'),(1742,'2013-10-25 22:03:43','2013-10-25 22:34:17','RECEPT01'),(1743,'2013-10-25 22:08:11','2013-10-25 22:34:20','RESTO01'),(1744,'2013-10-26 11:50:08','2013-10-26 11:51:00','RECEPT01'),(1745,'2013-10-26 11:57:57','2013-10-26 13:37:14','RESTO01'),(1746,'2013-10-26 13:37:32','2013-10-26 13:41:52','RESTO01'),(1747,'2013-10-26 13:45:11','2013-10-26 13:45:38','RESTO01'),(1748,'2013-10-26 13:47:36','2013-10-26 13:48:02','RESTO01'),(1749,'2013-10-26 13:52:16','2013-10-26 13:52:25','RESTO01'),(1750,'2013-10-26 13:53:46','2013-10-26 13:54:03','RESTO01'),(1751,'2013-10-26 13:54:14','2013-10-26 13:54:38','RESTO01'),(1752,'2013-10-26 14:14:15','2013-10-26 14:16:31','RECEPT01'),(1753,'2013-10-26 14:28:18','2013-10-26 14:28:51','RECEPT01'),(1754,'2013-10-26 14:37:48','2013-10-26 14:42:24','RECEPT01'),(1755,'2013-10-26 14:43:40','2013-10-26 14:46:35','RECEPT01'),(1756,'2013-10-26 14:46:42','2013-10-26 14:52:08','RECEPT01'),(1757,'2013-10-26 14:53:00','2013-10-26 14:58:01','RECEPT01'),(1758,'2013-10-26 15:43:00','2013-10-26 15:46:39','RESTO01'),(1759,'2013-10-26 15:47:04','2013-10-26 16:52:04','RECEPT01'),(1760,'2013-10-26 16:51:38','2013-10-26 16:52:09','RECEPT01'),(1761,'2013-10-26 16:53:49','2013-10-26 16:56:35','RECEPT01'),(1762,'2013-10-26 16:55:57','2013-10-26 17:45:13','RESTO01'),(1763,'2013-10-26 16:57:55','2013-10-26 16:58:28','RECEPT01'),(1764,'2013-10-26 17:03:54','2013-10-26 17:05:02','RECEPT01'),(1765,'2013-10-26 17:13:50','2013-10-26 17:18:46','RECEPT01'),(1766,'2013-10-26 17:21:08','2013-10-26 17:24:00','RECEPT01'),(1767,'2013-10-26 17:30:53','2013-10-26 17:35:36','RECEPT01'),(1768,'2013-10-26 17:42:48','2013-10-26 17:45:57','RECEPT01'),(1769,'2013-10-26 18:17:04','2013-10-26 18:17:26','RECEPT01'),(1770,'2013-10-26 18:34:25','2013-10-26 18:35:53','RECEPT01'),(1771,'2013-10-26 18:40:29','2013-10-26 19:02:07','RESTO01'),(1772,'2013-10-26 18:59:49','2013-10-26 19:02:03','RECEPT01'),(1773,'2013-10-26 19:02:46','2013-10-26 19:04:17','RECEPT01'),(1774,'2013-10-26 19:11:12','2013-10-26 19:54:49','RECEPT01'),(1775,'2013-10-26 19:11:49','2013-10-27 19:54:44','RESTO01'),(1776,'2013-10-27 20:10:32','2013-10-27 20:12:49','RECEPT01'),(1777,'2013-10-27 20:13:13','2013-10-27 20:14:10','RECEPT01'),(1778,'2013-10-27 20:16:46','2013-10-27 20:20:00','RECEPT01'),(1779,'2013-10-27 20:22:07','2013-10-27 20:28:54','RECEPT01'),(1780,'2013-10-27 20:29:03','2013-10-27 20:35:02','RECEPT01'),(1781,'2013-10-27 20:35:46','2013-10-27 20:36:00','RECEPT01'),(1782,'2013-10-27 20:42:05','2013-10-27 20:44:25','RECEPT01'),(1783,'2013-10-27 20:46:23','2013-10-27 20:47:00','RECEPT01'),(1784,'2013-10-27 20:54:59','2013-10-27 21:00:48','RECEPT01'),(1785,'2013-10-27 21:01:21','2013-10-27 21:02:00','RECEPT01'),(1786,'2013-10-27 21:03:32','2013-10-27 21:04:00','RECEPT01'),(1787,'2013-10-27 21:19:51','2013-10-27 22:06:17','RECEPT01'),(1788,'2013-10-27 22:08:41','2013-10-27 22:14:18','RECEPT01'),(1789,'2013-10-27 22:25:29','2013-10-27 22:47:13','RECEPT01');
/*!40000 ALTER TABLE `heures_activites` ENABLE KEYS */;
UNLOCK TABLES;

--
-- Table structure for table `infos_hotel`
--

DROP TABLE IF EXISTS `infos_hotel`;
/*!40101 SET @saved_cs_client     = @@character_set_client */;
/*!40101 SET character_set_client = utf8 */;
CREATE TABLE `infos_hotel` (
  `idInfosHotel` int(11) NOT NULL AUTO_INCREMENT,
  `Nom` varchar(50) NOT NULL,
  `SituationGeo` varchar(100) NOT NULL,
  `NumeroTel` varchar(50) NOT NULL,
  `NumeroCel` varchar(50) NOT NULL,
  `Email` varchar(50) NOT NULL,
  `BoitePostale` varchar(100) NOT NULL,
  `SiteWeb` varchar(50) NOT NULL,
  `Logo` longblob NOT NULL,
  `Ville` varchar(50) NOT NULL,
  `NumRecu` int(11) NOT NULL,
  PRIMARY KEY (`idInfosHotel`)
) ENGINE=InnoDB AUTO_INCREMENT=2 DEFAULT CHARSET=latin1;
/*!40101 SET character_set_client = @saved_cs_client */;

--
-- Dumping data for table `infos_hotel`
--

LOCK TABLES `infos_hotel` WRITE;
/*!40000 ALTER TABLE `infos_hotel` DISABLE KEYS */;
INSERT INTO `infos_hotel` VALUES (1,'HOTEL MANAGER','Marcory Pharmacie Tiacoh','24-65-67-78 / 34-34-65-75','','','01 BP 1909 Abidjan 01','www.hotelmanager.ci','PNG\r\n\Z\n\0\0\0\rIHDR\0\0\0P\0\0\0<\0\0\0\'=\0\0\0	pHYs\0\0\0\0~\0\0+IDATx{tTս?53$db\rV%PXXjYAomk*K|\nmEUg  ( 8\0df?@D]v|Ι|{@?я~r;p*l[~dc$\'r5̤Jҧq#{gY\'0d+p:0TtUTEUTEAUNvM@\"]7Nv44C5\nb$%N((\n7Ȁ9+*}}WVn2l✺ه?TUSmqBf}}m1W.NnP14\rkDMڪTT8DA(0\\j_5te`5{<SlQ$\"`I:~$~DN{^\\*vFUw?6􊽌>!pb9%`	IMv\Z:\rD2í&ٗf]s{]+tACq*N]È㞮&]ֈ*\\\\YDnOwN\ZNꎵqώsh?{]·F ip/;gvN,kb)¥Ê(M(σ22)sC݇Bi\0`ƏhK\'\0\':\"|>QbsIOIJ1.A L:Yi.<.QRyl]?ZȽo!0cL-\0fuo\r&Ya,]š%f.Y8PePN\ZGr2,@{q=R+nqn͟z0 Ȥ:TLKUyW]WnݺEAUtQZ$Xub`E{8ʎ4/clk;m-Hu%tsD\".,\"ކzün蕿N\'U.NCih\Z44Z|qʲU:#&vJլ|sl6~>j\0oғֽ\r&7F ӍiYH׼k*ꚚbeM{0MabP[_ÌSs\"/Ijw8\'\'@]]h2cɻVB#\'+͛yr<jPz$z%K$ܵlkZ\Zd4Dxes&L;2\'=w0(3|(TVVBĤ9IrԴx;:t(I[8\Z>zٰa<s{3{\\ڪH\'Tg|ݫ*~\0//cʔ)L\Z]NyCUy6q1~t^)@[O2n@;p)kMUp9t\ZIS[ιa~>SG72mڴC24:Iq(\"h\'AˁC׺37~sUw@ %?87CS9rgåoaނ{xh%xRiRFG[P1i	e1[R]]ͤI\0={63f̠¯C\0e|w.3#jZӿZ@lذp$Yn\' 3	s|̟1tF\rcLY>({O5-Cl}|rZbǏg<3\0233<#\03Eu3f_,$@SLx/SŞMc|V{TNs\03;OǫO.²~dϡxzQ%<xFn|7\"oDS!%%+U5sEp-[m5ӿE^^-w#l!9&,]:j`[#r? דb5T\'9)8t[E4inb5<\0Xky7ӯbڴiݻ*֯_ϵ^ˎ;W wß`1|pF	M7M/S\\1<W9tcuS&fY*\"b,u\rwa,8\'_?^(\0~\ZFhnnf\0444$YYY8*i64@7݀Iw9yD=dRkhBS\'e$њ)\nQˢ.JNz\nߚ{\03s{Ƞ\"Ti.}jjjXt)ӧO{2~[uyeYi.\0f_?TN*Q/o\n/HTNSc	7LŤ[ٷROi||>7s{||\raɏfp$//<OIaaaə@`Yy9@rFMW=]3IJ̴P{/\"I,^qvi1<I#x]}	\0;xlfbZ#\07rׯUVQSSK=m@S5U&i.C-}HDD2S2$/Cʨ2<>sȔ2a@WQ ߝ\rIol\\>T~	$OE͹wy7VBPB|]S%šKH\ZX喊L>+U92<_.:P.V$(~?IĕS&a%\"\"2DDdڵ2zpn^UiNc,ODDFΕ+K=#;;;I`+Vŋ%$dIEG*\n34WFM14W,?~_Jey2,O.V$`PB\\\\YG^Tqj4KqNz7{rNQV^UiL*	$?I<_.(snkr^TO\\Mr3Rdǎ%ϓ\"THYGDDJrʄl}x,nd~Q-+&cer!`0(\r\r\rPV6$y|>a8tp\0=[?ηmduGl۶ߌ7O>Ǿ{x?GE!54TNSekDƻ3[w^\0N/	(P8++ ҥK)--jU7	),CHs<JfΚ˖YIO!= BA\"M`h\nyA5!l>#AUU7n\\٣q`WWAWg|gUΝ;59k6{^On_i	[lᎻY(C,M8bH,ynGlٲ\Zك%\ZbYVbӦM4ڣkaYx4i@ ѣJ>`o+LˡTU\\((?{~Ҙ$/\n,]\Z\n\n\n줹\n6oLaa\n/(^x\'!GEIrxE?cǎ_}n\"_5-tKTd]%gnCҞ={fggw^\Z\Z\ZȠP(Daa!apa֬YTaff&pX,Ν;	B_=2d\0r1a)s̱+)\n+WLTUaܹʬr]3jGQZ:#W__/ƍ0***Ցܹs9q\'Nd׮]XyBlܸH$آ*{{|>|yzٲe2~MX$djebeJo`Ĉ|?^~eikkCUUx<%ܹs\'[n˲p8b18z(gDQNz믅D̷|n_^ZUUN\"\n*5uCːT.֭{\"\"2gٰaBx(~_-Zd//PHC}ʿooM{nkaԨQ_N0fJJJJƎ{p}9Պ%Kp]w}ed߾}A۩bԨQ233,+yi3۷Ũ~:BPK/$]]]/4]s}}AݻwK޿^I{޺Zp7J<4\'>]Dkkk\nIWWhX,F,ò,,:ewI(EӴ80uAJJ\n銢=_>F9z(D\",4d|6#躎S|<rH뭑Hh4J4\Z4$W_	TUE4H].oя~G?я~G?872\0\0\0\0IENDB`','Abidjan',15);
/*!40000 ALTER TABLE `infos_hotel` ENABLE KEYS */;
UNLOCK TABLES;

--
-- Table structure for table `liberer_occup`
--

DROP TABLE IF EXISTS `liberer_occup`;
/*!40101 SET @saved_cs_client     = @@character_set_client */;
/*!40101 SET character_set_client = utf8 */;
CREATE TABLE `liberer_occup` (
  `NumLiberer` int(11) NOT NULL AUTO_INCREMENT,
  `NumOccupation` int(11) NOT NULL,
  `MatriculeRecepteur` varchar(10) NOT NULL,
  `CodeClient` int(11) NOT NULL,
  `Date` datetime NOT NULL,
  PRIMARY KEY (`NumLiberer`),
  KEY `MatriculeRecepteur` (`MatriculeRecepteur`),
  KEY `CodeClient` (`CodeClient`),
  KEY `NumOccupation` (`NumOccupation`)
) ENGINE=InnoDB AUTO_INCREMENT=140 DEFAULT CHARSET=latin1;
/*!40101 SET character_set_client = @saved_cs_client */;

--
-- Dumping data for table `liberer_occup`
--

LOCK TABLES `liberer_occup` WRITE;
/*!40000 ALTER TABLE `liberer_occup` DISABLE KEYS */;
INSERT INTO `liberer_occup` VALUES (2,1,'RECEPT01',8,'2012-06-19 13:08:13'),(7,3,'RECEPT01',7,'2012-06-19 16:35:09'),(8,2,'RECEPT01',2,'2012-06-19 16:35:30'),(9,6,'RECEPT01',1,'2012-06-22 08:50:35'),(10,5,'RECEPT01',3,'2012-06-22 19:37:38'),(11,7,'RECEPT01',2,'2012-06-22 20:12:55'),(12,11,'RECEPT01',5,'2012-06-23 18:03:50'),(13,15,'RECEPT01',5,'2012-06-24 17:38:31'),(14,14,'RECEPT01',2,'2012-06-24 17:38:42'),(15,8,'RECEPT01',6,'2012-06-24 17:38:49'),(16,9,'RECEPT01',1,'2012-06-24 17:38:54'),(17,12,'RECEPT01',6,'2012-06-25 17:06:50'),(18,13,'RECEPT01',9,'2012-06-26 20:46:39'),(19,17,'RECEPT01',5,'2012-06-28 13:38:03'),(20,16,'RECEPT01',9,'2012-06-29 13:05:06'),(21,28,'RECEPT01',1,'2012-06-30 20:24:48'),(22,29,'RECEPT01',6,'2012-06-30 20:25:03'),(23,30,'RECEPT01',9,'2012-06-30 20:25:10'),(24,24,'RECEPT01',4,'2012-07-02 03:53:14'),(25,20,'RECEPT01',3,'2012-07-02 04:13:43'),(26,21,'RECEPT01',6,'2012-07-02 04:15:19'),(27,22,'RECEPT01',5,'2012-07-02 04:18:24'),(28,23,'RECEPT01',9,'2012-07-02 04:37:50'),(29,25,'RECEPT01',1,'2012-07-02 05:23:41'),(30,27,'RECEPT01',4,'2012-07-02 05:26:39'),(31,32,'RECEPT01',6,'2012-07-02 12:13:01'),(32,34,'RECEPT01',2,'2012-07-02 16:31:32'),(33,19,'RECEPT01',2,'2012-07-02 16:31:37'),(34,33,'RECEPT01',1,'2012-07-02 16:31:45'),(35,35,'RECEPT01',5,'2012-07-02 16:31:52'),(36,36,'RECEPT01',3,'2012-07-02 16:31:56'),(37,31,'RECEPT01',4,'2012-07-02 18:19:04'),(38,26,'RECEPT01',2,'2012-07-02 18:20:46'),(39,46,'RECEPT01',12,'2012-07-04 07:08:14'),(40,18,'RECEPT01',6,'2012-07-04 10:46:49'),(41,37,'RECEPT01',5,'2012-07-04 10:47:33'),(42,38,'RECEPT01',4,'2012-07-07 07:49:34'),(43,39,'RECEPT01',3,'2012-07-07 07:49:46'),(44,40,'RECEPT01',6,'2012-07-07 07:49:49'),(45,41,'RECEPT01',9,'2012-07-07 07:49:53'),(46,42,'RECEPT01',7,'2012-07-07 07:49:57'),(47,43,'RECEPT01',8,'2012-07-07 07:50:02'),(48,44,'RECEPT01',10,'2012-07-07 07:50:05'),(49,45,'RECEPT01',2,'2012-07-07 07:50:08'),(50,47,'RECEPT01',15,'2012-07-09 16:30:40'),(51,49,'RECEPT02',13,'2012-07-11 23:11:48'),(52,48,'RECEPT02',14,'2012-07-11 23:11:53'),(53,54,'RECEPT02',16,'2012-07-12 20:12:10'),(54,53,'RECEPT02',9,'2012-07-12 20:12:37'),(55,50,'RECEPT02',12,'2012-07-12 20:12:43'),(56,51,'RECEPT02',9,'2012-07-12 20:12:46'),(57,52,'RECEPT02',15,'2012-07-12 20:12:54'),(58,56,'RECEPT01',17,'2012-07-16 08:06:38'),(59,55,'RECEPT01',5,'2012-07-16 14:11:55'),(60,57,'RECEPT01',18,'2012-07-18 21:50:51'),(61,61,'RECEPT01',12,'2012-07-18 21:50:55'),(62,58,'RECEPT01',18,'2012-07-18 21:57:54'),(63,62,'RECEPT01',16,'2012-07-18 22:01:19'),(64,59,'RECEPT01',6,'2012-07-19 22:26:18'),(65,60,'RECEPT01',5,'2012-07-19 22:26:23'),(66,74,'RECEPT01',18,'2012-07-19 22:26:34'),(67,63,'RECEPT01',17,'2012-07-19 22:26:42'),(68,64,'RECEPT01',3,'2012-07-19 22:26:46'),(69,73,'RECEPT01',6,'2012-07-23 23:14:49'),(70,75,'RECEPT01',2,'2012-07-23 23:14:58'),(71,72,'RECEPT01',13,'2012-07-23 23:15:12'),(72,71,'RECEPT01',17,'2012-07-23 23:15:16'),(73,70,'RECEPT01',1,'2012-07-23 23:15:19'),(74,77,'RECEPT01',20,'2012-07-24 08:05:26'),(75,76,'RECEPT01',19,'2012-07-24 08:05:29'),(76,69,'RECEPT01',15,'2012-07-24 08:05:34'),(77,68,'RECEPT01',14,'2012-07-24 08:05:36'),(78,67,'RECEPT01',13,'2012-07-24 08:05:38'),(79,66,'RECEPT01',4,'2012-07-24 08:05:45'),(80,65,'RECEPT01',1,'2012-07-24 08:05:47'),(81,78,'RECEPT01',4,'2012-07-26 19:53:07'),(82,79,'RECEPT01',5,'2012-07-29 04:06:03'),(83,80,'RECEPT01',1,'2012-08-03 09:59:12'),(84,83,'RECEPT01',5,'2012-08-03 12:46:47'),(85,84,'RECEPT01',9,'2012-08-03 12:46:53'),(86,82,'RECEPT01',6,'2012-08-03 12:46:56'),(87,81,'RECEPT01',13,'2012-08-03 12:46:59'),(88,85,'RECEPT01',1,'2012-08-03 12:47:09'),(89,86,'RECEPT01',21,'2012-08-06 09:43:01'),(90,93,'RECEPT01',20,'2012-08-08 09:45:30'),(91,87,'RECEPT01',16,'2012-08-08 09:45:44'),(92,88,'RECEPT01',15,'2012-08-08 09:46:01'),(93,89,'RECEPT01',13,'2012-08-08 09:46:05'),(94,90,'RECEPT01',12,'2012-08-08 09:46:17'),(95,91,'RECEPT01',14,'2012-08-08 09:46:25'),(96,92,'RECEPT01',3,'2012-08-08 09:46:29'),(97,99,'RECEPT01',13,'2012-08-14 09:21:31'),(98,120,'RECEPT01',6,'2012-08-14 10:08:51'),(99,121,'RECEPT01',20,'2012-08-14 16:11:58'),(100,117,'RECEPT01',1,'2012-08-14 16:12:29'),(101,111,'RECEPT01',18,'2012-08-14 16:12:35'),(102,122,'RECEPT01',14,'2012-08-14 16:12:45'),(103,105,'RECEPT01',9,'2012-08-14 16:12:57'),(104,100,'RECEPT01',15,'2012-08-14 22:37:58'),(105,104,'RECEPT01',4,'2012-08-14 22:38:04'),(106,114,'RECEPT01',7,'2012-08-14 22:38:13'),(107,112,'RECEPT01',3,'2012-08-14 22:38:16'),(108,113,'RECEPT01',21,'2012-08-14 22:38:19'),(109,102,'RECEPT01',12,'2012-08-17 22:03:38'),(110,115,'RECEPT01',8,'2012-08-17 22:03:45'),(111,119,'RECEPT01',17,'2012-08-17 22:06:15'),(112,123,'RECEPT01',18,'2012-08-17 22:07:05'),(113,129,'RECEPT01',24,'2012-08-20 20:11:08'),(114,130,'RECEPT01',13,'2012-08-20 20:11:12'),(115,131,'RECEPT01',9,'2012-08-20 20:11:26'),(116,132,'RECEPT01',1,'2012-08-20 20:11:31'),(117,124,'RECEPT01',22,'2012-08-20 20:11:37'),(118,125,'RECEPT01',23,'2012-08-20 20:11:43'),(119,126,'RECEPT01',3,'2012-08-20 20:11:48'),(120,127,'RECEPT01',18,'2012-08-20 20:11:55'),(121,128,'RECEPT01',7,'2012-08-20 20:12:01'),(122,133,'RECEPT01',1,'2012-12-04 10:05:58'),(123,139,'RECEPT01',15,'2013-05-30 05:45:27'),(124,137,'RECEPT01',20,'2013-05-30 05:45:30'),(125,134,'RECEPT01',1,'2013-05-30 05:45:41'),(126,135,'RECEPT01',6,'2013-05-30 05:45:46'),(127,138,'RECEPT01',3,'2013-05-30 05:45:51'),(128,136,'RECEPT01',18,'2013-05-30 05:45:55'),(129,140,'RECEPT01',22,'2013-05-30 05:45:58'),(130,142,'RECEPT01',2,'2013-10-25 12:45:27'),(131,144,'RECEPT01',27,'2013-10-25 12:45:46'),(132,141,'RECEPT01',13,'2013-10-26 14:15:01'),(133,148,'RECEPT01',29,'2013-10-27 20:11:00'),(134,149,'RECEPT01',30,'2013-10-27 20:11:07'),(135,150,'RECEPT01',31,'2013-10-27 20:11:11'),(136,151,'RECEPT01',32,'2013-10-27 20:11:16'),(137,152,'RECEPT01',33,'2013-10-27 20:11:22'),(138,146,'RECEPT01',24,'2013-10-27 20:11:34'),(139,145,'RECEPT01',28,'2013-10-27 20:23:37');
/*!40000 ALTER TABLE `liberer_occup` ENABLE KEYS */;
UNLOCK TABLES;

--
-- Table structure for table `menu_resto`
--

DROP TABLE IF EXISTS `menu_resto`;
/*!40101 SET @saved_cs_client     = @@character_set_client */;
/*!40101 SET character_set_client = utf8 */;
CREATE TABLE `menu_resto` (
  `IdMenuResto` int(11) NOT NULL AUTO_INCREMENT,
  `LibelleMenu` varchar(50) NOT NULL,
  `Prix` int(11) NOT NULL,
  `IdCatMenu` int(1) NOT NULL DEFAULT '0',
  `Supprime` tinyint(1) NOT NULL DEFAULT '0',
  PRIMARY KEY (`IdMenuResto`)
) ENGINE=InnoDB AUTO_INCREMENT=21 DEFAULT CHARSET=latin1;
/*!40101 SET character_set_client = @saved_cs_client */;

--
-- Dumping data for table `menu_resto`
--

LOCK TABLES `menu_resto` WRITE;
/*!40000 ALTER TABLE `menu_resto` DISABLE KEYS */;
INSERT INTO `menu_resto` VALUES (1,'Riz gras au poulet roti',4000,1,0),(2,'Couscou beure au mouton grillé',5000,1,0),(3,'Coca-cola',500,3,0),(4,'Sprite',700,3,0),(5,'Tchep gun spécial',7000,1,0),(6,'Paté de riz au boeuf fumé',9000,1,1),(7,'Pepsi',600,3,0),(8,'Cocktail d\'orange',1000,3,0),(9,'Guiness',850,3,1),(10,'Attiéké au poisson frit',1000,1,0),(11,'Cocolette au riz minci',4500,1,0),(12,'Dindon braisé au couscou de l\'Arabie',6000,1,0),(13,'Riz palmier à la sauce claire',3500,1,0),(14,'Glace au chocolat',1000,2,0),(15,'Pot de yaourt',3500,2,0),(16,'Rhume',8900,5,0),(17,'Salade de légumes',1400,4,0),(18,'Carotte au gimbre gimbre',1800,4,0),(19,'salade au maïs cuit à la vapeur',600,4,0),(20,'calao',2500,5,0);
/*!40000 ALTER TABLE `menu_resto` ENABLE KEYS */;
UNLOCK TABLES;

--
-- Table structure for table `message`
--

DROP TABLE IF EXISTS `message`;
/*!40101 SET @saved_cs_client     = @@character_set_client */;
/*!40101 SET character_set_client = utf8 */;
CREATE TABLE `message` (
  `NumMsg` int(11) NOT NULL AUTO_INCREMENT,
  `Contenu` varchar(160) NOT NULL,
  `Expediteur` varchar(10) NOT NULL,
  `Destinataire` varchar(10) NOT NULL,
  `HeureEnvoi` datetime NOT NULL,
  `Lue` tinyint(1) NOT NULL DEFAULT '0',
  PRIMARY KEY (`NumMsg`),
  KEY `Expediteur` (`Expediteur`),
  KEY `Destinataire` (`Destinataire`)
) ENGINE=InnoDB AUTO_INCREMENT=48 DEFAULT CHARSET=latin1;
/*!40101 SET character_set_client = @saved_cs_client */;

--
-- Dumping data for table `message`
--

LOCK TABLES `message` WRITE;
/*!40000 ALTER TABLE `message` DISABLE KEYS */;
INSERT INTO `message` VALUES (1,'compta, bjr.','ADMIN','COMPTA','2012-06-07 12:25:45',1),(2,'recept1, bjr;','COMPTA','RECEPT01','2012-06-07 12:26:07',1),(3,'bjr, resto1.','RECEPT01','RESTO01','2012-06-07 12:26:31',1),(4,'admini, bjr;','RESTO01','ADMIN','2012-06-07 12:27:18',1),(5,'salut, admini!','RESTO01','ADMIN','2012-06-07 12:37:19',1),(6,'salut, compta','ADMIN','COMPTA','2012-06-07 12:37:53',1),(7,'salut, recept1','COMPTA','RECEPT01','2012-06-07 12:38:18',1),(8,'bjr, resto1;','RECEPT01','RESTO01','2012-06-07 12:40:02',1),(9,'je suis présent','ADMIN','RECEPT01','2012-06-08 07:34:14',1),(10,'je suis présent\n','ADMIN','RECEPT01','2012-06-08 07:36:21',1),(11,'je suis','ADMIN','RECEPT01','2012-06-08 07:37:40',1),(12,'envoyeé','ADMIN','RECEPT01','2012-06-08 07:43:01',1),(13,'oui','ADMIN','RECEPT01','2012-06-08 07:47:21',1),(14,'bjr admini','RESTO01','ADMIN','2012-07-10 10:52:09',1),(15,'salut','RECEPT01','RESTO01','2012-07-10 12:19:05',1),(16,'ok','RESTO01','ADMIN','2012-07-10 12:19:27',1),(17,'rr','RECEPT01','RESTO01','2012-07-10 12:20:25',1),(18,'gg','RESTO01','RECEPT01','2012-07-10 12:20:45',1),(19,'tt','RESTO01','COMPTA','2012-07-10 12:20:51',1),(20,'bsr, recept2','RESTO01','RECEPT02','2012-07-11 19:43:45',1),(21,'bjr, recept2\n','RESTO01','RECEPT02','2012-07-11 19:58:37',1),(22,'RTTYYY','RESTO01','RECEPT01','2012-07-11 20:41:07',1),(23,'Ouii iii','RESTO01','RECEPT01','2012-07-11 22:27:53',1),(24,'GHHHJJJ','RESTO01','RECEPT01','2012-07-11 22:30:01',1),(25,'YUIIIIIIII','RESTO01','RECEPT01','2012-07-11 22:31:22',1),(26,'bjr, resto1','COMPTA','RESTO01','2012-07-12 06:52:18',1),(27,'je viens','RECEPT02','ADMIN','2012-07-13 13:34:47',1),(28,'salut','RECEPT01','ADMIN','2012-07-16 11:15:12',1),(29,'salut aussi','ADMIN','RECEPT01','2012-07-16 11:15:36',1),(30,'SALUT','RECEPT01','RESTO01','2012-07-18 18:35:43',1),(31,'SALUT','COMPTA','RECEPT01','2012-07-18 18:36:43',1),(32,'tre','RECEPT01','ADMIN','2012-07-18 18:36:48',1),(33,'bgy','RECEPT01','RESTO01','2012-07-18 18:37:13',1),(34,'hgf','RECEPT01','COMPTA','2012-07-18 18:37:37',1),(35,'je viens d\'arriver','RECEPT01','ADMIN','2012-07-18 22:11:38',1),(36,'bien, je veux te voir','ADMIN','RECEPT01','2012-07-18 22:12:00',1),(37,'ok','RECEPT01','ADMIN','2012-07-18 22:12:17',1),(38,'je viens','RECEPT01','ADMIN','2012-07-18 22:12:23',1),(39,'je suis arrivé','ADMIN','RESTO01','2012-07-23 11:54:53',1),(40,'je te vois','ADMIN','RECEPT01','2012-07-31 16:56:48',1),(41,'SALUT','RECEPT01','ADMIN','2012-07-31 16:56:52',1),(42,'bvcyvh,hvt','RESTO01','RECEPT01','2012-07-31 17:08:24',1),(43,'ok','ADMIN','RECEPT01','2012-07-31 17:08:47',1),(44,'c\'est admini','ADMIN','RECEPT01','2012-07-31 17:09:47',1),(45,'je suis en place','COMPTA','RECEPT01','2012-08-03 12:26:00',1),(46,'eh oui je viens','RECEPT01','COMPTA','2012-08-03 12:26:41',1),(47,'Je t\'attends alors!','COMPTA','RECEPT01','2012-08-03 12:27:25',1);
/*!40000 ALTER TABLE `message` ENABLE KEYS */;
UNLOCK TABLES;

--
-- Table structure for table `mode_de_payement`
--

DROP TABLE IF EXISTS `mode_de_payement`;
/*!40101 SET @saved_cs_client     = @@character_set_client */;
/*!40101 SET character_set_client = utf8 */;
CREATE TABLE `mode_de_payement` (
  `IdModeDePayement` int(11) NOT NULL AUTO_INCREMENT,
  `Mode` varchar(50) NOT NULL,
  PRIMARY KEY (`IdModeDePayement`)
) ENGINE=InnoDB AUTO_INCREMENT=5 DEFAULT CHARSET=latin1;
/*!40101 SET character_set_client = @saved_cs_client */;

--
-- Dumping data for table `mode_de_payement`
--

LOCK TABLES `mode_de_payement` WRITE;
/*!40000 ALTER TABLE `mode_de_payement` DISABLE KEYS */;
INSERT INTO `mode_de_payement` VALUES (1,'Espèce'),(2,'Chèque'),(3,'Carte de crédit'),(4,'Compte client');
/*!40000 ALTER TABLE `mode_de_payement` ENABLE KEYS */;
UNLOCK TABLES;

--
-- Table structure for table `occupation`
--

DROP TABLE IF EXISTS `occupation`;
/*!40101 SET @saved_cs_client     = @@character_set_client */;
/*!40101 SET character_set_client = utf8 */;
CREATE TABLE `occupation` (
  `NumOccupation` int(11) NOT NULL AUTO_INCREMENT,
  `DateOccupation` datetime NOT NULL,
  `DureeOccupation` int(11) NOT NULL,
  `IdentiteCh` varchar(10) NOT NULL,
  `CoutDeLocation` int(11) NOT NULL DEFAULT '0',
  `FraisSupplementaire` int(11) NOT NULL DEFAULT '0',
  `CoutDeLocationPayee` int(11) NOT NULL DEFAULT '0',
  `DestinationExacte` varchar(70) DEFAULT NULL,
  `EnfAccMoinsDe15` int(11) NOT NULL DEFAULT '0',
  `CodeClient` int(11) NOT NULL,
  `Terminee` tinyint(4) NOT NULL DEFAULT '0',
  `FraisSupPayee` int(11) NOT NULL DEFAULT '0',
  `Facture` varchar(50) NOT NULL,
  `IdGroupe` int(11) NOT NULL DEFAULT '0',
  `IdProfile` int(11) NOT NULL DEFAULT '0',
  PRIMARY KEY (`NumOccupation`),
  KEY `IdentiteCh` (`IdentiteCh`)
) ENGINE=InnoDB AUTO_INCREMENT=160 DEFAULT CHARSET=latin1;
/*!40101 SET character_set_client = @saved_cs_client */;

--
-- Dumping data for table `occupation`
--

LOCK TABLES `occupation` WRITE;
/*!40000 ALTER TABLE `occupation` DISABLE KEYS */;
INSERT INTO `occupation` VALUES (1,'2012-06-12 09:28:01',2,'CV1',6000,0,6000,NULL,0,8,1,0,'FREC1',0,4),(2,'2012-06-16 11:08:02',4,'CV4',40000,0,40000,NULL,0,2,1,0,'FREC2',0,2),(3,'2012-06-17 15:20:15',1,'CV3',6000,0,6000,NULL,0,7,1,0,'FREC3',0,2),(5,'2012-06-20 18:45:28',2,'CJ1',0,0,0,NULL,0,3,1,0,'FREC4',0,2),(6,'2012-06-20 19:25:57',2,'CC2',45000,0,45000,NULL,0,1,1,0,'FREC5',0,1),(7,'2012-06-21 02:10:33',1,'CC1',15000,0,15000,NULL,0,2,1,0,'FREC6',0,2),(8,'2012-06-21 02:35:40',3,'CV8',18000,0,18000,NULL,0,6,1,0,'FREC7',0,2),(9,'2012-06-22 08:49:07',2,'CV9',20000,0,20000,NULL,0,1,1,0,'FRES22',0,1),(11,'2012-06-22 09:00:00',1,'CV5',10000,0,10000,NULL,0,5,1,0,'FRES24',0,2),(12,'2012-06-22 09:18:01',3,'CV15',18000,0,18000,NULL,0,6,1,0,'FRES25',0,2),(13,'2012-06-22 16:07:58',4,'S3',200000,0,200000,NULL,0,9,1,0,'FRES26',0,2),(14,'2012-06-22 02:10:33',2,'CV3',30000,0,30000,NULL,0,2,1,0,'FRES30',0,2),(15,'2012-06-23 20:51:59',1,'CJ1',30000,0,30000,NULL,0,5,1,0,'FRES31',0,2),(16,'2012-06-26 20:46:44',3,'CV9',30000,0,30000,NULL,0,9,1,0,'FREC11',0,2),(17,'2012-06-26 20:46:54',2,'CV3',20000,0,20000,NULL,0,5,1,0,'FREC12',0,2),(18,'2012-06-29 11:15:00',4,'CV10',24000,12000,24000,NULL,0,6,1,12000,'FREC13',0,2),(19,'2012-06-29 11:15:14',3,'CV7',30000,0,30000,NULL,0,2,1,0,'FREC14',0,2),(20,'2012-06-29 13:06:03',2,'S1',100000,70000,100000,NULL,0,3,1,70000,'FREC15',0,2),(21,'2012-06-29 13:23:47',2,'S3',120000,150000,120000,NULL,0,6,1,150000,'FREC16',0,2),(22,'2012-06-29 13:36:49',2,'CJ2',60000,80000,60000,NULL,0,5,1,80000,'FREC17',0,2),(23,'2012-06-29 13:37:25',2,'CV5',20000,30000,20000,NULL,0,9,1,30000,'FREC18',0,2),(24,'2012-06-29 13:39:06',2,'CC3',30000,20000,30000,NULL,0,4,1,20000,'FREC19',0,1),(25,'2012-06-29 14:14:12',2,'CV12',20000,30000,20000,NULL,0,1,1,30000,'FREC20',0,1),(26,'2012-06-29 14:18:55',3,'CV14',30000,20000,30000,NULL,0,2,1,20000,'FREC21',0,2),(27,'2012-06-29 14:21:44',2,'CV16',20000,30000,20000,NULL,0,4,1,30000,'FREC22',0,1),(28,'2012-06-29 15:14:16',1,'CV18',10000,5000,10000,NULL,0,1,1,5000,'FREC23',2,1),(29,'2012-06-29 15:33:13',1,'CV19',6000,3000,6000,NULL,0,6,1,3000,'FREC24',2,2),(30,'2012-06-29 15:33:18',1,'CV20',10000,5000,10000,NULL,0,9,1,5000,'FREC25',2,2),(31,'2012-06-29 17:25:02',3,'S2',150000,20000,150000,NULL,0,4,1,20000,'FREC26',0,1),(32,'2012-06-29 17:29:56',3,'CJ1',120000,10000,120000,NULL,0,6,1,10000,'FREC28',3,2),(33,'2012-06-29 17:30:29',3,'CV8',30000,10000,30000,NULL,0,1,1,10000,'FREC29',3,1),(34,'2012-06-29 17:32:56',3,'CV6',30000,10000,30000,NULL,0,2,1,10000,'FREC30',3,2),(35,'2012-06-29 17:33:12',3,'CV11',30000,10000,30000,NULL,0,5,1,10000,'FREC31',3,2),(36,'2012-06-29 17:33:26',3,'CV13',30000,10000,30000,NULL,0,3,1,10000,'FREC32',3,2),(37,'2012-07-02 16:36:35',2,'CV16',20000,0,20000,NULL,0,5,1,0,'FREC34',0,2),(38,'2012-07-02 21:17:14',4,'CV5',40000,20000,40000,NULL,0,4,1,20000,'FREC35',4,1),(39,'2012-07-02 21:20:11',4,'CV6',40000,20000,40000,NULL,0,3,1,20000,'FREC36',4,2),(40,'2012-07-02 21:20:39',4,'CV7',24000,20000,24000,NULL,0,6,1,20000,'FREC37',4,2),(41,'2012-07-02 21:20:51',4,'CV8',40000,20000,40000,NULL,0,9,1,20000,'FREC38',4,2),(42,'2012-07-02 22:35:45',4,'CV11',24000,20000,24000,NULL,0,7,1,20000,'FREC39',4,2),(43,'2012-07-02 22:35:57',4,'CV12',160000,20000,160000,NULL,0,8,1,20000,'FREC40',4,4),(44,'2012-07-02 22:36:07',4,'CV13',24000,20000,24000,NULL,0,10,1,20000,'FREC41',4,2),(45,'2012-07-02 22:36:22',4,'CV14',40000,20000,40000,NULL,0,2,1,20000,'FREC42',4,2),(46,'2012-07-02 22:38:52',1,'CV18',6000,12000,6000,NULL,0,12,1,12000,'FREC43',0,2),(47,'2012-07-07 15:30:20',2,'CV17',12000,0,12000,NULL,0,15,1,0,'FREC44',0,2),(48,'2012-07-09 22:58:31',2,'CV12',12000,0,12000,NULL,0,14,1,0,'FREC45',0,2),(49,'2012-07-09 22:58:49',2,'CV11',12000,0,12000,NULL,0,13,1,0,'FREC46',0,2),(50,'2012-07-09 22:59:08',3,'CV9',18000,0,18000,NULL,0,12,1,0,'FREC47',0,2),(51,'2012-07-10 14:39:02',2,'CV13',12000,0,12000,NULL,0,9,1,0,'FREC48',0,2),(52,'2012-07-10 16:50:41',2,'CV19',12000,0,12000,NULL,0,15,1,0,'FREC49',0,2),(53,'2012-07-11 15:15:26',1,'CV7',6000,0,6000,'Accra',2,9,1,0,'FREC50',0,2),(54,'2012-07-11 18:09:51',1,'CV6',6000,0,6000,'Korhogo',3,16,1,0,'FREC51',0,2),(55,'2012-07-13 03:54:56',3,'CV9',18000,0,18000,'Katiola',1,5,1,0,'FREC53',0,2),(56,'2012-07-13 21:09:05',2,'CV11',12000,12000,12000,'Yamoussoukro',0,17,1,12000,'FREC54',0,2),(57,'2012-07-16 11:17:01',2,'CV12',12000,0,12000,'Koumassi',0,18,1,0,'FREC56',0,2),(58,'2012-07-16 17:29:12',2,'CV13',20000,0,20000,NULL,0,18,1,0,'FREC57',0,1),(59,'2012-07-16 17:29:15',3,'CV14',30000,0,30000,NULL,0,6,1,0,'FREC58',0,1),(60,'2012-07-16 17:29:21',3,'CV15',30000,0,30000,NULL,0,5,1,0,'FREC59',0,1),(61,'2012-07-16 17:29:26',2,'CV16',20000,0,20000,NULL,0,12,1,0,'FREC60',0,1),(62,'2012-07-16 17:29:31',4,'CV19',40000,0,40000,NULL,0,16,1,0,'FREC61',0,1),(63,'2012-07-16 17:29:35',3,'CV3',30000,10000,30000,NULL,0,17,1,10000,'FREC62',0,1),(64,'2012-07-16 17:29:38',3,'CV4',30000,10000,30000,NULL,0,3,1,10000,'FREC63',0,1),(65,'2012-07-18 21:51:43',3,'CV20',18000,0,18000,NULL,0,1,1,0,'FREC65',6,2),(66,'2012-07-18 21:51:46',3,'CV8',18000,0,18000,NULL,0,4,1,0,'FREC66',6,2),(67,'2012-07-18 21:51:55',3,'CV7',18000,0,18000,NULL,0,13,1,0,'FREC67',6,2),(68,'2012-07-18 21:51:59',3,'CV6',18000,0,18000,NULL,0,14,1,0,'FREC68',6,2),(69,'2012-07-18 21:52:03',3,'CV5',18000,0,18000,NULL,0,15,1,0,'FREC69',6,2),(70,'2012-07-18 21:54:27',3,'CV18',165000,0,165000,NULL,0,1,1,0,'FREC70',7,8),(71,'2012-07-18 21:54:32',3,'CV17',165000,0,165000,NULL,0,17,1,0,'FREC71',7,8),(72,'2012-07-18 21:54:35',3,'CV16',30000,40000,30000,'',0,13,1,40000,'FREC72',0,1),(73,'2012-07-18 21:54:43',3,'CV12',165000,0,165000,NULL,0,6,1,0,'FREC73',7,8),(74,'2012-07-18 17:29:12',1,'CV2',10000,0,10000,NULL,0,18,1,0,'FREC74',0,1),(75,'2012-07-18 21:59:09',3,'CV13',165000,0,165000,NULL,0,2,1,0,'FREC75',7,8),(76,'2012-07-19 22:31:15',3,'CC2',240000,0,240000,'Accra',0,19,1,0,'FREC76',0,5),(77,'2012-07-19 22:37:09',4,'S1',560000,0,560000,'Yamoussoukro',0,20,1,0,'FREC77',0,9),(78,'2012-07-24 13:58:25',2,'CV18',20000,0,20000,NULL,0,4,1,0,'FREC78',0,1),(79,'2012-07-26 19:52:40',2,'CV14',12000,12000,12000,NULL,0,5,1,12000,'FREC84',0,2),(80,'2012-07-29 04:06:08',3,'CV13',18000,0,18000,NULL,0,1,1,0,'FREC85',0,2),(81,'2012-07-31 16:57:36',3,'CV20',120000,0,0,NULL,0,13,1,0,'FREC86',10,4),(82,'2012-07-31 16:58:33',3,'CV5',120000,0,0,NULL,0,6,1,0,'FREC87',9,4),(83,'2012-07-31 16:59:09',3,'CV16',30000,0,0,NULL,0,5,1,0,'FREC88',0,1),(84,'2012-07-31 17:00:18',3,'CV17',30000,0,30000,NULL,0,9,1,0,'FREC89',0,1),(85,'2012-07-31 17:14:26',3,'CV8',30000,0,30000,NULL,0,1,1,0,'FREC90',0,1),(86,'2012-08-03 12:31:22',2,'CV4',110000,55000,110000,NULL,0,21,1,55000,'FREC91',0,8),(87,'2012-08-04 16:12:31',3,'CV10',120000,0,120000,NULL,0,16,1,0,'FREC92',5,4),(88,'2012-08-04 16:17:58',3,'CV1',120000,0,120000,NULL,0,15,1,0,'FREC93',5,4),(89,'2012-08-04 16:19:07',3,'CV6',120000,0,120000,NULL,0,13,1,0,'FREC94',5,4),(90,'2012-08-04 16:19:29',3,'CV7',120000,0,120000,NULL,0,12,1,0,'FREC95',5,4),(91,'2012-08-04 16:19:47',3,'CV8',120000,0,120000,NULL,0,14,1,0,'FREC96',5,4),(92,'2012-08-04 16:19:57',3,'CV9',120000,0,120000,NULL,0,3,1,0,'FREC97',5,4),(93,'2012-08-04 20:50:10',2,'CC1',22000,0,22000,NULL,0,20,1,0,'FREC99',11,2),(94,'2012-08-11 09:33:14',3,'CV13',30000,0,30000,NULL,0,1,1,0,'FREC100',0,1),(95,'2012-08-11 15:03:45',2,'CV3',20000,0,0,NULL,0,20,1,0,'FREC101',0,1),(96,'2012-08-11 15:07:06',4,'CV2',40000,0,0,NULL,0,17,1,0,'FREC102',0,1),(97,'2012-08-11 15:09:57',3,'CV7',30000,0,0,NULL,0,21,1,0,'FREC103',0,1),(98,'2012-08-11 15:13:42',2,'CV10',20000,0,0,NULL,0,18,1,0,'FREC104',0,1),(99,'2012-08-11 15:32:46',2,'CV17',20000,30000,20000,NULL,0,13,1,30000,'FREC105',0,1),(100,'2012-08-11 15:37:56',3,'CV19',30000,0,30000,NULL,0,15,1,0,'FREC106',0,1),(101,'2012-08-11 15:41:42',3,'CV6',30000,0,0,NULL,0,3,1,0,'FREC107',0,1),(102,'2012-08-11 15:44:49',5,'CV18',50000,0,50000,NULL,0,12,1,0,'FREC108',0,1),(103,'2012-08-11 15:45:09',3,'CV5',30000,0,0,NULL,0,6,1,0,'FREC109',0,1),(104,'2012-08-11 15:46:04',3,'CV15',30000,0,30000,NULL,0,4,1,0,'FREC110',0,1),(105,'2012-08-11 16:09:31',3,'CV11',30000,0,30000,NULL,0,9,1,0,'FREC111',0,1),(106,'2012-08-11 16:11:52',3,'CV4',30000,0,0,NULL,0,14,1,0,'FREC112',0,1),(107,'2012-08-11 16:24:17',2,'CV9',20000,0,0,NULL,0,8,1,0,'FREC113',0,1),(108,'2012-08-11 16:29:33',3,'CV8',30000,0,0,NULL,0,7,1,0,'FREC114',0,1),(109,'2012-08-11 18:18:55',2,'CC3',30000,0,0,NULL,0,14,1,0,'FREC115',0,1),(110,'2012-08-11 18:46:38',2,'CV4',20000,0,0,NULL,0,18,1,0,'FREC116',0,1),(111,'2012-08-11 18:50:31',2,'CV1',20000,0,20000,NULL,0,18,1,0,'FREC117',0,1),(112,'2012-08-11 18:53:58',2,'S2',100000,0,100000,NULL,0,3,1,0,'FREC118',0,1),(113,'2012-08-11 19:08:13',2,'S5',100000,0,100000,NULL,0,21,1,0,'FREC119',0,1),(114,'2012-08-11 19:12:41',2,'S4',100000,0,100000,NULL,0,7,1,0,'FREC120',0,1),(115,'2012-08-11 19:16:14',4,'CV7',40000,0,40000,NULL,0,8,1,0,'FREC121',0,1),(116,'2012-08-11 19:18:27',3,'CV9',30000,0,0,NULL,0,1,1,0,'FREC122',0,1),(117,'2012-08-11 19:20:32',3,'CV8',30000,0,30000,NULL,0,1,1,0,'FREC123',0,1),(118,'2012-08-11 19:27:11',2,'CV13',20000,0,10000,NULL,0,20,1,0,'FREC124',0,1),(119,'2012-08-11 19:43:06',4,'CV3',40000,0,40000,NULL,0,17,1,0,'FREC125',0,1),(120,'2012-08-11 21:13:02',2,'CV2',20000,0,20000,NULL,0,6,1,0,'FREC126',0,1),(121,'2012-08-11 21:14:38',2,'CV13',20000,0,20000,NULL,0,20,1,0,'FREC127',0,1),(122,'2012-08-11 21:20:23',2,'CV4',20000,0,20000,NULL,0,14,1,0,'FREC128',0,1),(123,'2012-08-14 10:15:25',1,'CJ2',30000,0,30000,NULL,0,18,1,0,'FREC129',0,1),(124,'2012-08-17 22:23:45',3,'S1',360000,0,360000,NULL,0,22,1,0,'FREC131',12,5),(125,'2012-08-17 22:23:49',3,'S2',360000,0,360000,NULL,0,23,1,0,'FREC132',12,5),(126,'2012-08-17 22:23:52',3,'S3',360000,0,360000,NULL,0,3,1,0,'FREC133',12,5),(127,'2012-08-17 22:23:56',3,'S4',360000,0,360000,NULL,0,18,1,0,'FREC134',12,5),(128,'2012-08-17 22:23:58',3,'S5',360000,0,360000,NULL,0,7,1,0,'FREC135',12,5),(129,'2012-08-18 23:09:50',2,'CV18',80000,0,80000,NULL,0,24,1,0,'FREC137',13,4),(130,'2012-08-18 23:09:56',2,'CV14',80000,0,80000,NULL,0,13,1,0,'FREC138',13,4),(131,'2012-08-18 23:20:49',2,'CV15',80000,0,30000,NULL,0,9,1,0,'FREC139',13,4),(132,'2012-08-18 23:21:07',2,'CV16',80000,0,0,NULL,0,1,1,0,'FREC140',13,4),(133,'2012-12-01 18:56:33',3,'CV17',30000,0,30000,NULL,0,1,1,0,'FREC141',0,1),(134,'2013-05-23 14:22:45',3,'CV16',30000,0,30000,NULL,0,1,1,0,'FREC142',0,1),(135,'2013-05-23 14:23:15',4,'CV12',40000,0,40000,NULL,0,6,1,0,'FREC143',0,1),(136,'2013-05-23 14:24:08',1,'CV8',10000,0,10000,NULL,0,18,1,0,'FREC144',0,1),(137,'2013-05-24 05:43:17',3,'CV17',30000,0,30000,NULL,0,20,1,0,'FREC145',0,1),(138,'2013-05-24 05:43:57',2,'CV9',20000,0,20000,NULL,0,3,1,0,'FREC146',0,1),(139,'2013-05-24 05:44:54',4,'CV14',40000,0,40000,NULL,0,15,1,0,'FREC147',0,1),(140,'2013-05-24 05:45:37',5,'CV7',50000,0,50000,NULL,0,22,1,0,'FREC148',0,1),(141,'2013-10-23 12:37:22',3,'CV18',30000,0,30000,NULL,0,13,1,0,'FREC149',0,1),(142,'2013-10-23 12:37:58',2,'CV14',20000,0,20000,NULL,0,2,1,0,'FREC150',0,1),(143,'2013-10-23 12:38:44',6,'CV9',60000,0,60000,NULL,0,20,0,0,'FREC151',0,1),(144,'2013-10-23 15:35:06',2,'CV6',20000,0,20000,NULL,0,27,1,0,'FREC152',0,1),(145,'2013-10-24 16:03:14',3,'CV1',18000,10000,18000,NULL,0,28,1,10000,'FREC153',0,2),(146,'2013-10-24 16:10:48',3,'CV7',30000,0,15000,NULL,0,24,1,0,'FREC154',0,1),(148,'2013-10-24 17:32:38',3,'CV15',120000,0,0,NULL,0,29,1,0,'FREC156',14,4),(149,'2013-10-24 17:33:46',3,'CV16',120000,0,0,NULL,0,30,1,0,'FREC157',14,4),(150,'2013-10-24 17:34:01',3,'CV17',120000,0,0,NULL,0,31,1,0,'FREC158',14,4),(151,'2013-10-24 17:34:30',3,'CV4',120000,0,0,NULL,0,32,1,0,'FREC159',14,4),(152,'2013-10-24 17:34:36',3,'CV19',120000,0,0,NULL,0,33,1,0,'FREC160',14,4),(153,'2013-10-26 14:15:22',3,'CV18',30000,0,15000,NULL,0,1,0,0,'FREC161',0,1),(154,'2013-10-26 19:37:59',3,'CC1',210000,0,210000,NULL,0,34,0,0,'FREC163',15,4),(155,'2013-10-26 19:40:47',3,'CC2',210000,0,210000,NULL,0,35,0,0,'FREC164',15,4),(156,'2013-10-26 19:41:13',3,'CC3',210000,0,180000,NULL,0,36,0,0,'FREC165',15,4),(157,'2013-10-27 22:25:56',2,'S1',240000,0,240000,NULL,0,37,0,0,'FREC167',16,5),(158,'2013-10-27 22:26:02',2,'S2',240000,0,160000,NULL,0,38,0,0,'FREC168',16,5),(159,'2013-10-27 22:26:07',2,'S3',240000,0,0,NULL,0,39,0,0,'FREC169',16,5);
/*!40000 ALTER TABLE `occupation` ENABLE KEYS */;
UNLOCK TABLES;

--
-- Table structure for table `operations_comptable`
--

DROP TABLE IF EXISTS `operations_comptable`;
/*!40101 SET @saved_cs_client     = @@character_set_client */;
/*!40101 SET character_set_client = utf8 */;
CREATE TABLE `operations_comptable` (
  `Id_opc` int(11) NOT NULL AUTO_INCREMENT,
  `NumeroOpc` int(11) NOT NULL,
  `Date` date NOT NULL,
  `Description` varchar(160) NOT NULL,
  `Credit` int(11) NOT NULL DEFAULT '0',
  `Debit` int(11) NOT NULL DEFAULT '0',
  `NumeroCompte` int(11) NOT NULL,
  `EnDiffere` tinyint(1) NOT NULL DEFAULT '0',
  `Supprime` tinyint(1) NOT NULL DEFAULT '0',
  `MatriculeAgent` varchar(50) NOT NULL,
  PRIMARY KEY (`Id_opc`),
  KEY `NumeroCompte` (`NumeroCompte`)
) ENGINE=InnoDB AUTO_INCREMENT=182 DEFAULT CHARSET=latin1;
/*!40101 SET character_set_client = @saved_cs_client */;

--
-- Dumping data for table `operations_comptable`
--

LOCK TABLES `operations_comptable` WRITE;
/*!40000 ALTER TABLE `operations_comptable` DISABLE KEYS */;
INSERT INTO `operations_comptable` VALUES (1,1,'2012-06-09','Transfert d\'avance de location (CV1)',0,10000,167,0,0,'RECEPT01'),(2,1,'2012-06-09','Transfert d\'avance de location (CV1)',10000,0,4111,0,0,'RECEPT01'),(3,2,'2012-06-09','Transfert d\'avance de location (CV1)',0,10000,167,0,0,'RECEPT01'),(4,2,'2012-06-09','Transfert d\'avance de location (CV1)',10000,0,4111,0,0,'RECEPT01'),(5,3,'2012-06-09','Transfert d\'avance de location (CV1)',0,10000,167,0,0,'RECEPT01'),(6,3,'2012-06-09','Transfert d\'avance de location (CV1)',10000,0,4111,0,0,'RECEPT01'),(7,4,'2012-06-12','Location à crédit (CV1)',0,4919,7073,0,0,'RECEPT01'),(8,4,'2012-06-12','Location à crédit (CV1)',0,1081,4432,0,0,'RECEPT01'),(9,4,'2012-06-12','Location à crédit (CV1)',6000,0,4111,0,0,'RECEPT01'),(10,5,'2012-06-16','Location à crédit (CV4)',0,32799,7073,0,0,'RECEPT01'),(11,5,'2012-06-16','Location à crédit (CV4)',0,7201,4432,0,0,'RECEPT01'),(12,5,'2012-06-16','Location à crédit (CV4)',40000,0,4111,0,0,'RECEPT01'),(13,6,'2012-06-17','Location à crédit (CV3)',0,4919,7073,0,0,'RECEPT01'),(14,6,'2012-06-17','Location à crédit (CV3)',0,1081,4432,0,0,'RECEPT01'),(15,6,'2012-06-17','Location à crédit (CV3)',6000,0,4111,0,0,'RECEPT01'),(16,7,'2012-06-28','Réglement partiel de facture',0,6000,7073,0,0,'COMPTA'),(17,7,'2012-06-28','Réglement partiel de facture',108000,0,4432,0,0,'COMPTA'),(18,7,'2012-06-28','Réglement partiel de facture',102000,0,57,0,0,'COMPTA'),(19,8,'2012-06-28','Réglement partiel de facture',0,6000,7073,0,0,'COMPTA'),(20,8,'2012-06-28','Réglement partiel de facture',1081,0,4432,0,0,'COMPTA'),(21,8,'2012-06-28','Réglement partiel de facture',4919,0,57,0,0,'COMPTA'),(22,9,'2012-06-28','Réglement partiel de facture',0,5000,7073,0,0,'COMPTA'),(23,9,'2012-06-28','Réglement partiel de facture',901,0,4432,0,0,'COMPTA'),(24,9,'2012-06-28','Réglement partiel de facture',4099,0,57,0,0,'COMPTA'),(25,10,'2012-06-28','Réglement total de facture',0,10000,167,0,0,'COMPTA'),(26,10,'2012-06-28','Réglement total de facture',1801,0,4432,0,0,'COMPTA'),(27,10,'2012-06-28','Réglement total de facture',8199,0,57,0,0,'COMPTA'),(28,11,'2012-06-28','Réglement partiel de facture',0,6000,7073,0,0,'COMPTA'),(29,11,'2012-06-28','Réglement partiel de facture',1080,0,4432,0,0,'COMPTA'),(30,11,'2012-06-28','Réglement partiel de facture',4920,0,57,0,0,'COMPTA'),(31,12,'2012-06-28','Réglement partiel de facture',0,104500,7073,0,0,'COMPTA'),(32,12,'2012-06-28','Réglement partiel de facture',18810,0,4432,0,0,'COMPTA'),(33,12,'2012-06-28','Réglement partiel de facture',85690,0,57,0,0,'COMPTA'),(34,13,'2012-06-29','Réglement partiel de facture',0,95500,7073,0,0,'COMPTA'),(35,13,'2012-06-29','Réglement partiel de facture',17190,0,4432,0,0,'COMPTA'),(36,13,'2012-06-29','Réglement partiel de facture',78310,0,57,0,0,'COMPTA'),(37,14,'2012-07-10','Réglement total',0,4500,702,0,0,'COMPTA'),(38,14,'2012-07-10','Réglement total',810,0,4432,0,0,'COMPTA'),(39,14,'2012-07-10','Réglement total',3690,0,57,0,0,'COMPTA'),(40,15,'2012-07-10','Réglement partiel',0,2000,702,0,0,'COMPTA'),(41,15,'2012-07-10','Réglement partiel',360,0,4432,0,0,'COMPTA'),(42,15,'2012-07-10','Réglement partiel',1640,0,57,0,0,'COMPTA'),(43,16,'2012-07-10','Réglement partiel',0,1000,702,0,0,'COMPTA'),(44,16,'2012-07-10','Réglement partiel',180,0,4432,0,0,'COMPTA'),(45,16,'2012-07-10','Réglement partiel',820,0,57,0,0,'COMPTA'),(46,17,'2012-07-10','Réglement partiel',0,1000,702,0,0,'COMPTA'),(47,17,'2012-07-10','Réglement partiel',180,0,4432,0,0,'COMPTA'),(48,17,'2012-07-10','Réglement partiel',820,0,57,0,0,'COMPTA'),(49,18,'2012-07-10','Réglement total de facture',0,5000,702,0,0,'COMPTA'),(50,18,'2012-07-10','Réglement total de facture',900,0,4432,0,0,'COMPTA'),(51,18,'2012-07-10','Réglement total de facture',4100,0,52,0,0,'COMPTA'),(52,19,'2012-07-10','Réglement partiel de facture',0,2000,702,0,0,'COMPTA'),(53,19,'2012-07-10','Réglement partiel de facture',360,0,4432,0,0,'COMPTA'),(54,19,'2012-07-10','Réglement partiel de facture',1640,0,57,0,0,'COMPTA'),(55,20,'2012-07-10','Réglement partiel de facture',0,2500,702,0,0,'COMPTA'),(56,20,'2012-07-10','Réglement partiel de facture',450,0,4432,0,0,'COMPTA'),(57,20,'2012-07-10','Réglement partiel de facture',2050,0,57,0,0,'COMPTA'),(58,21,'2012-07-10','Réglement total de facture',0,4500,702,0,0,'COMPTA'),(59,21,'2012-07-10','Réglement total de facture',810,0,4432,0,0,'COMPTA'),(60,21,'2012-07-10','Réglement total de facture',3690,0,57,0,0,'COMPTA'),(61,22,'2012-07-10','Réglement partiel de facture',0,5000,702,0,0,'COMPTA'),(62,22,'2012-07-10','Réglement partiel de facture',900,0,4432,0,0,'COMPTA'),(63,22,'2012-07-10','Réglement partiel de facture',4100,0,57,0,0,'COMPTA'),(64,23,'2012-07-10','dépôt à la création d\'un compte client',0,500000,4111,0,0,'COMPTA'),(65,23,'2012-07-10','dépôt à la création d\'un compte client',500000,0,57,0,0,'COMPTA'),(66,24,'2012-07-12','Réglement de la facture de restauration FRES32',0,12850,702,0,0,'COMPTA'),(67,24,'2012-07-12','Réglement de la facture de restauration FRES32',2315,0,4432,0,0,'COMPTA'),(68,24,'2012-07-12','Réglement de la facture de restauration FRES32',10535,0,4111,0,0,'COMPTA'),(69,25,'2012-07-16','Réglement de la facture de location FREC56',0,6000,7073,0,0,'COMPTA'),(70,25,'2012-07-16','Réglement de la facture de location FREC56',0,0,4432,0,0,'COMPTA'),(71,25,'2012-07-16','Réglement de la facture de location FREC56',6000,0,57,0,0,'COMPTA'),(72,26,'2012-07-18','Réglement total de facture',0,4500,702,0,0,'COMPTA'),(73,26,'2012-07-18','Réglement total de facture',686,0,4432,0,0,'COMPTA'),(74,26,'2012-07-18','Réglement total de facture',3814,0,57,0,0,'COMPTA'),(75,27,'2012-07-19','Réglement partiel de facture',0,4200,702,0,0,'COMPTA'),(76,27,'2012-07-19','Réglement partiel de facture',641,0,4432,0,0,'COMPTA'),(77,27,'2012-07-19','Réglement partiel de facture',3559,0,52,0,0,'COMPTA'),(78,28,'2012-08-03','Avance sur location (groupe)',0,100000,4111,0,0,'COMPTA'),(79,28,'2012-08-03','Avance sur location (groupe)',100000,0,167,0,0,'COMPTA'),(80,29,'2012-08-03','Avance sur location de la chambre CV4',0,60000,4111,0,0,'COMPTA'),(81,29,'2012-08-03','Avance sur location de la chambre CV4',60000,0,167,0,0,'COMPTA'),(82,30,'2013-05-18','Réglement partiel de facture',10000,0,4111,0,0,'COMPTA'),(83,30,'2013-05-18','Réglement partiel de facture',0,1475,4432,0,0,'COMPTA'),(84,30,'2013-05-18','Réglement partiel de facture',0,328,4422,0,0,'COMPTA'),(85,30,'2013-05-18','Réglement partiel de facture',0,8197,52,0,0,'COMPTA'),(86,31,'2013-05-24','Réglement total de facture',4500,0,57,0,0,'COMPTA'),(87,31,'2013-05-24','Réglement total de facture',0,664,4432,0,0,'COMPTA'),(88,31,'2013-05-24','Réglement total de facture',0,148,4422,0,0,'COMPTA'),(89,31,'2013-05-24','Réglement total de facture',0,3688,702,0,0,'COMPTA'),(90,32,'2013-05-24','Réglement partiel de facture',5000,0,57,0,0,'COMPTA'),(91,32,'2013-05-24','Réglement partiel de facture',0,738,4432,0,0,'COMPTA'),(92,32,'2013-05-24','Réglement partiel de facture',0,164,4422,0,0,'COMPTA'),(93,32,'2013-05-24','Réglement partiel de facture',0,4098,7073,0,0,'COMPTA'),(94,33,'2013-05-24','Réglement partiel de facture',5000,0,57,0,0,'COMPTA'),(95,33,'2013-05-24','Réglement partiel de facture',0,738,4432,0,0,'COMPTA'),(96,33,'2013-05-24','Réglement partiel de facture',0,164,4422,0,0,'COMPTA'),(97,33,'2013-05-24','Réglement partiel de facture',0,4098,7073,0,0,'COMPTA'),(98,34,'2013-05-24','Réglement total de facture',6000,0,57,0,0,'COMPTA'),(99,34,'2013-05-24','Réglement total de facture',0,885,4432,0,0,'COMPTA'),(100,34,'2013-05-24','Réglement total de facture',0,197,4422,0,0,'COMPTA'),(101,34,'2013-05-24','Réglement total de facture',0,4918,7073,0,0,'COMPTA'),(102,35,'2013-05-24','Réglement partiel de facture',20000,0,52,0,0,'COMPTA'),(103,35,'2013-05-24','Réglement partiel de facture',0,2951,4432,0,0,'COMPTA'),(104,35,'2013-05-24','Réglement partiel de facture',0,656,4422,0,0,'COMPTA'),(105,35,'2013-05-24','Réglement partiel de facture',0,16393,57,0,0,'COMPTA'),(106,36,'2013-05-24','Réglement total de facture',5200,0,57,0,0,'COMPTA'),(107,36,'2013-05-24','Réglement total de facture',0,767,4432,0,0,'COMPTA'),(108,36,'2013-05-24','Réglement total de facture',0,170,4422,0,0,'COMPTA'),(109,36,'2013-05-24','Réglement total de facture',0,4263,702,0,0,'COMPTA'),(110,37,'2013-05-24','Réglement total de facture',9000,0,57,0,0,'COMPTA'),(111,37,'2013-05-24','Réglement total de facture',0,1328,4432,0,0,'COMPTA'),(112,37,'2013-05-24','Réglement total de facture',0,295,4422,0,0,'COMPTA'),(113,37,'2013-05-24','Réglement total de facture',0,7377,702,0,0,'COMPTA'),(114,38,'2013-05-24','Réglement total de facture',5000,0,57,0,0,'COMPTA'),(115,38,'2013-05-24','Réglement total de facture',0,738,4432,0,0,'COMPTA'),(116,38,'2013-05-24','Réglement total de facture',0,164,4422,0,0,'COMPTA'),(117,38,'2013-05-24','Réglement total de facture',0,4098,702,0,0,'COMPTA'),(118,39,'2013-05-24','Réglement total de facture',4500,0,52,0,0,'COMPTA'),(119,39,'2013-05-24','Réglement total de facture',0,664,4432,0,0,'COMPTA'),(120,39,'2013-05-24','Réglement total de facture',0,148,4422,0,0,'COMPTA'),(121,39,'2013-05-24','Réglement total de facture',0,3688,57,0,0,'COMPTA'),(122,40,'2013-05-24','Réglement total de facture',4500,0,57,0,0,'COMPTA'),(123,40,'2013-05-24','Réglement total de facture',0,664,4432,0,0,'COMPTA'),(124,40,'2013-05-24','Réglement total de facture',0,148,4422,0,0,'COMPTA'),(125,40,'2013-05-24','Réglement total de facture',0,3688,702,0,0,'COMPTA'),(126,41,'2013-05-24','Réglement de la facture de location FRES30',30000,0,57,0,0,'COMPTA'),(127,41,'2013-05-24','Réglement de la facture de location FRES30',0,4426,4432,0,0,'COMPTA'),(128,41,'2013-05-24','Réglement de la facture de location FRES30',0,984,4422,0,0,'COMPTA'),(129,41,'2013-05-24','Réglement de la facture de location FRES30',0,24590,7073,0,0,'COMPTA'),(130,42,'2013-05-24','Réglement de la facture de location FRES31',30000,0,57,0,0,'COMPTA'),(131,42,'2013-05-24','Réglement de la facture de location FRES31',0,4426,4432,0,0,'COMPTA'),(132,42,'2013-05-24','Réglement de la facture de location FRES31',0,984,4422,0,0,'COMPTA'),(133,42,'2013-05-24','Réglement de la facture de location FRES31',0,24590,7073,0,0,'COMPTA'),(134,43,'2013-05-24','Réglement de la facture de location FREC21',10000,0,57,0,0,'COMPTA'),(135,43,'2013-05-24','Réglement de la facture de location FREC21',0,1475,4432,0,0,'COMPTA'),(136,43,'2013-05-24','Réglement de la facture de location FREC21',0,328,4422,0,0,'COMPTA'),(137,43,'2013-05-24','Réglement de la facture de location FREC21',0,8197,7073,0,0,'COMPTA'),(138,44,'2013-05-24','Réglement de la facture de location FREC19',50000,0,57,0,0,'COMPTA'),(139,44,'2013-05-24','Réglement de la facture de location FREC19',0,7377,4432,0,0,'COMPTA'),(140,44,'2013-05-24','Réglement de la facture de location FREC19',0,1639,4422,0,0,'COMPTA'),(141,44,'2013-05-24','Réglement de la facture de location FREC19',0,40984,7073,0,0,'COMPTA'),(142,45,'2013-05-24','Réglement de la facture de location FREC26',100000,0,57,0,0,'COMPTA'),(143,45,'2013-05-24','Réglement de la facture de location FREC26',0,14754,4432,0,0,'COMPTA'),(144,45,'2013-05-24','Réglement de la facture de location FREC26',0,3279,4422,0,0,'COMPTA'),(145,45,'2013-05-24','Réglement de la facture de location FREC26',0,81967,7073,0,0,'COMPTA'),(146,46,'2013-05-24','Réglement de la facture de location FREC14',30000,0,57,0,0,'COMPTA'),(147,46,'2013-05-24','Réglement de la facture de location FREC14',0,4426,4432,0,0,'COMPTA'),(148,46,'2013-05-24','Réglement de la facture de location FREC14',0,984,4422,0,0,'COMPTA'),(149,46,'2013-05-24','Réglement de la facture de location FREC14',0,24590,7073,0,0,'COMPTA'),(150,47,'2013-05-24','Réglement de la facture de location FREC3',6000,0,57,0,0,'COMPTA'),(151,47,'2013-05-24','Réglement de la facture de location FREC3',0,885,4432,0,0,'COMPTA'),(152,47,'2013-05-24','Réglement de la facture de location FREC3',0,197,4422,0,0,'COMPTA'),(153,47,'2013-05-24','Réglement de la facture de location FREC3',0,4918,7073,0,0,'COMPTA'),(154,48,'2013-05-24','Réglement de la facture de location FREC21',20000,0,57,0,0,'COMPTA'),(155,48,'2013-05-24','Réglement de la facture de location FREC21',0,2951,4432,0,0,'COMPTA'),(156,48,'2013-05-24','Réglement de la facture de location FREC21',0,656,4422,0,0,'COMPTA'),(157,48,'2013-05-24','Réglement de la facture de location FREC21',0,16393,7073,0,0,'COMPTA'),(158,49,'2013-05-24','Réglement de la facture de location FREC6',15000,0,57,0,0,'COMPTA'),(159,49,'2013-05-24','Réglement de la facture de location FREC6',0,2213,4432,0,0,'COMPTA'),(160,49,'2013-05-24','Réglement de la facture de location FREC6',0,492,4422,0,0,'COMPTA'),(161,49,'2013-05-24','Réglement de la facture de location FREC6',0,12295,7073,0,0,'COMPTA'),(162,50,'2013-05-24','Réglement de la facture de location FREC23',15000,0,57,0,0,'COMPTA'),(163,50,'2013-05-24','Réglement de la facture de location FREC23',0,2213,4432,0,0,'COMPTA'),(164,50,'2013-05-24','Réglement de la facture de location FREC23',0,492,4422,0,0,'COMPTA'),(165,50,'2013-05-24','Réglement de la facture de location FREC23',0,12295,7073,0,0,'COMPTA'),(166,51,'2013-05-24','Réglement de la facture de location FREC24',9000,0,57,0,0,'COMPTA'),(167,51,'2013-05-24','Réglement de la facture de location FREC24',0,1328,4432,0,0,'COMPTA'),(168,51,'2013-05-24','Réglement de la facture de location FREC24',0,295,4422,0,0,'COMPTA'),(169,51,'2013-05-24','Réglement de la facture de location FREC24',0,7377,7073,0,0,'COMPTA'),(170,52,'2013-05-24','Réglement de la facture de location FREC25',15000,0,57,0,0,'COMPTA'),(171,52,'2013-05-24','Réglement de la facture de location FREC25',0,2213,4432,0,0,'COMPTA'),(172,52,'2013-05-24','Réglement de la facture de location FREC25',0,492,4422,0,0,'COMPTA'),(173,52,'2013-05-24','Réglement de la facture de location FREC25',0,12295,7073,0,0,'COMPTA'),(174,53,'2013-05-24','Réglement de facture de location (groupe)',39000,0,57,0,0,'COMPTA'),(175,53,'2013-05-24','Réglement de facture de location (groupe)',0,5754,4432,0,0,'COMPTA'),(176,53,'2013-05-24','Réglement de facture de location (groupe)',0,1279,4422,0,0,'COMPTA'),(177,53,'2013-05-24','Réglement de facture de location (groupe)',0,31967,7073,0,0,'COMPTA'),(178,54,'2013-10-25','Réglement de la facture de location FREC43',18000,0,7073,0,0,'COMPTA'),(179,54,'2013-10-25','Réglement de la facture de location FREC43',0,2656,4432,0,0,'COMPTA'),(180,54,'2013-10-25','Réglement de la facture de location FREC43',0,590,4422,0,0,'COMPTA'),(181,54,'2013-10-25','Réglement de la facture de location FREC43',0,14754,57,0,0,'COMPTA');
/*!40000 ALTER TABLE `operations_comptable` ENABLE KEYS */;
UNLOCK TABLES;

--
-- Table structure for table `operations_compte_client`
--

DROP TABLE IF EXISTS `operations_compte_client`;
/*!40101 SET @saved_cs_client     = @@character_set_client */;
/*!40101 SET character_set_client = utf8 */;
CREATE TABLE `operations_compte_client` (
  `IdOpCompteClient` int(11) NOT NULL AUTO_INCREMENT,
  `Date` datetime NOT NULL,
  `Libelle` varchar(160) NOT NULL,
  `Credit` int(11) NOT NULL DEFAULT '0',
  `Debit` int(11) NOT NULL DEFAULT '0',
  `Solde` int(11) NOT NULL DEFAULT '0',
  `IdCompteClient` int(11) NOT NULL,
  `MatriculeAgent` varchar(50) NOT NULL,
  PRIMARY KEY (`IdOpCompteClient`)
) ENGINE=InnoDB AUTO_INCREMENT=35 DEFAULT CHARSET=latin1;
/*!40101 SET character_set_client = @saved_cs_client */;

--
-- Dumping data for table `operations_compte_client`
--

LOCK TABLES `operations_compte_client` WRITE;
/*!40000 ALTER TABLE `operations_compte_client` DISABLE KEYS */;
INSERT INTO `operations_compte_client` VALUES (1,'2012-06-24 12:14:44','dépôt à la création du compte',100000,0,100000,1,'RECEPT01'),(2,'2012-06-24 12:23:33','Versement sur le compte',50000,0,150000,1,'RECEPT01'),(3,'2012-06-24 12:30:08','Versement sur le compte',20000,0,170000,1,'RECEPT01'),(4,'2012-06-24 12:31:44','Versement sur le compte',20000,0,190000,1,'RECEPT01'),(5,'2012-06-24 17:36:23','Versement sur le compte',10000,0,200000,1,'RECEPT01'),(6,'2012-06-26 10:10:20','Réglement de la facture de restauration FRES32',0,12850,187150,1,'RESTO01'),(7,'2012-06-26 20:42:24','Réglement de la facture de restauration FRES37',0,8000,179150,1,'RESTO01'),(8,'2012-06-26 20:43:28','Versement sur le compte',5000,0,184150,1,'RESTO01'),(9,'2012-06-29 17:45:32','dépôt à la création du compte',500000,0,500000,2,'RECEPT01'),(10,'2012-06-29 17:48:52','Réglement de la facture de restauration FRES38',0,5200,494800,2,'RESTO01'),(11,'2012-07-02 04:32:39','dépôt à la création du compte',300000,0,300000,3,'RECEPT01'),(12,'2012-07-02 05:25:22','dépôt à la création du compte',100000,0,100000,4,'RECEPT01'),(13,'2012-07-02 05:26:03','Réglement de la facture de location FREC22',0,50000,50000,4,'RECEPT01'),(14,'2012-07-02 06:11:19','Réglement de la facture de location FREC26',0,50000,0,4,'RECEPT01'),(15,'2012-07-04 10:47:22','Réglement de la facture de location FREC34',0,32700,462100,2,'RECEPT01'),(16,'2012-07-05 09:37:42','Versement sur le compte',20000,0,204150,1,'RECEPT01'),(17,'2012-07-05 09:54:11','Versement sur le compte',10000,0,214150,1,'RECEPT01'),(18,'2012-07-05 09:57:35','Versement sur le compte',10000,0,224150,1,'RECEPT01'),(19,'2012-07-05 09:58:55','Versement sur le compte',10000,0,234150,1,'RECEPT01'),(20,'2012-07-05 10:00:35','Versement sur le compte',5000,0,239150,1,'RECEPT01'),(21,'2012-07-13 07:09:55','Réglement de la facture de restauration FRES63',0,5900,456200,2,'RESTO01'),(22,'2012-07-18 11:08:21','Réglement de la facture de location FREC53',0,18000,438200,2,'RECEPT01'),(23,'2012-07-18 11:09:13','Réglement de la facture de location FREC48',0,12000,288000,3,'RECEPT01'),(24,'2012-07-23 11:58:29','dépôt à la création du compte',30000,0,30000,5,'RESTO01'),(25,'2012-07-23 11:59:07','Réglement de la facture de restauration FRES78',0,3000,27000,5,'RESTO01'),(26,'2012-08-01 08:46:43','Réglement de la facture de location FREC84',0,24000,414200,2,'RECEPT01'),(27,'2012-08-03 09:59:28','Réglement de la facture de location FREC85',0,18000,221150,1,'RECEPT01'),(28,'2012-08-11 11:07:58','Versement sur le compte',7000,0,228150,1,'RESTO01'),(29,'2012-08-14 11:28:56','Versement sur le compte',1000,0,229150,1,'RECEPT01'),(30,'2012-08-14 22:19:43','Retrait sur un compte client',0,10000,219150,1,'RECEPT01'),(31,'2012-08-14 22:22:00','Retrait sur un compte client',0,19000,200150,1,'RECEPT01'),(32,'2012-08-15 19:38:27','Retrait sur un compte client',0,5000,195150,1,'RESTO01'),(33,'2012-08-15 21:08:24','Retrait sur un compte client',0,7000,188150,1,'RECEPT01'),(34,'2012-08-20 20:15:47','Réglement de la facture de location FREC118',0,27000,0,5,'RECEPT01');
/*!40000 ALTER TABLE `operations_compte_client` ENABLE KEYS */;
UNLOCK TABLES;

--
-- Table structure for table `operations_service`
--

DROP TABLE IF EXISTS `operations_service`;
/*!40101 SET @saved_cs_client     = @@character_set_client */;
/*!40101 SET character_set_client = utf8 */;
CREATE TABLE `operations_service` (
  `IdOperationService` int(11) NOT NULL AUTO_INCREMENT,
  `Recu` varchar(50) NOT NULL,
  `Date` datetime NOT NULL,
  `Libelle` varchar(100) NOT NULL,
  `MontantEncaisse` int(11) NOT NULL,
  `MatriculeAgent` varchar(50) NOT NULL,
  `Cloturee` tinyint(1) NOT NULL DEFAULT '0',
  `IdModeDePayement` int(11) NOT NULL DEFAULT '0',
  `IdTypeOperation` int(11) NOT NULL DEFAULT '0',
  `IdClotureService` int(11) NOT NULL DEFAULT '0',
  `IdTypeRecu` int(11) NOT NULL DEFAULT '0',
  `Depouille` tinyint(1) NOT NULL DEFAULT '0',
  `EstUneEntree` tinyint(1) NOT NULL DEFAULT '1',
  `TableTypeOperation` varchar(45) NOT NULL,
  PRIMARY KEY (`IdOperationService`)
) ENGINE=InnoDB AUTO_INCREMENT=266 DEFAULT CHARSET=latin1;
/*!40101 SET character_set_client = @saved_cs_client */;

--
-- Dumping data for table `operations_service`
--

LOCK TABLES `operations_service` WRITE;
/*!40000 ALTER TABLE `operations_service` DISABLE KEYS */;
INSERT INTO `operations_service` VALUES (1,'RRES10','2012-06-13 18:00:35','Réglement total',4500,'RESTO01',1,1,1,1,2,1,1,'repas_complet_resto'),(2,'RRES11','2012-06-13 18:02:23','Réglement partiel',2000,'RESTO01',1,1,2,1,2,1,1,'repas_complet_resto'),(3,'RRES12','2012-06-13 18:15:53','Réglement partiel',1000,'RESTO01',1,1,2,1,2,1,1,'repas_complet_resto'),(4,'RRES13','2012-06-13 18:18:32','Réglement partiel',1000,'RESTO01',1,1,2,1,2,1,1,'repas_complet_resto'),(5,'RRES14','2012-06-13 21:49:29','Réglement total de facture',5000,'RESTO01',1,2,4,1,2,1,1,'repas_complet_resto'),(6,'RRES15','2012-06-14 19:58:07','Réglement partiel de facture',2000,'RESTO01',1,1,5,2,2,1,1,'repas_complet_resto'),(7,'RRES16','2012-06-14 19:59:00','Réglement partiel de facture',2500,'RESTO01',1,1,5,2,2,1,1,'repas_complet_resto'),(8,'RRES17','2012-06-15 22:28:58','Réglement total de facture',4500,'RESTO01',1,1,6,3,2,1,1,'repas_complet_resto'),(9,'RRES18','2012-06-17 14:32:06','Réglement partiel de facture',5000,'RESTO01',1,1,7,4,2,1,1,'repas_complet_resto'),(10,'RRES19','2012-06-17 14:33:46','Réglement total de facture',4500,'RESTO01',1,1,8,4,2,1,1,'repas_complet_resto'),(11,'RRES20','2012-06-17 14:39:23','Réglement partiel de facture',4200,'RESTO01',1,3,7,4,2,1,1,'repas_complet_resto'),(12,'RRES21','2012-06-17 14:45:25','Réglement total de facture',5200,'RESTO01',1,1,10,6,2,1,1,'repas_complet_resto'),(13,'RRES22','2012-06-17 16:20:13','Réglement total de facture',9000,'RESTO01',1,1,12,6,2,1,1,'repas_complet_resto'),(14,'RRES23','2012-06-17 16:27:06','Réglement total de facture',5000,'RESTO01',1,1,11,6,2,1,1,'repas_complet_resto'),(15,'RRES24','2012-06-17 16:35:34','Réglement total de facture',4500,'RESTO01',1,3,13,6,2,1,1,'repas_complet_resto'),(16,'RREC1','2012-06-22 07:48:35','Réglement partiel de facture',6000,'RECEPT01',1,1,8,5,1,1,1,'occupation'),(17,'RREC2','2012-06-22 08:04:04','Réglement partiel de facture',6000,'RECEPT01',1,1,8,5,1,1,1,'occupation'),(18,'RREC3','2012-06-22 09:01:18','Réglement partiel de facture',5000,'RECEPT01',1,1,11,5,1,1,1,'occupation'),(19,'RRECA1','2012-06-22 09:16:57','Réglement total de facture',10000,'RECEPT01',1,1,20,5,3,1,1,'reservation'),(20,'RREC4','2012-06-22 09:18:59','Réglement partiel de facture',6000,'RECEPT01',1,1,12,5,1,1,1,'occupation'),(21,'RREC5','2012-06-22 16:05:57','Réglement partiel de facture',10000,'RECEPT01',1,3,9,5,1,1,1,'occupation'),(22,'RRES25','2012-06-22 16:24:03','Réglement total de facture',4500,'RESTO01',1,1,14,6,2,1,1,'repas_complet_resto'),(23,'RREC6','2012-06-22 16:29:06','Réglement partiel de facture',104500,'RECEPT01',1,1,13,5,1,1,1,'occupation'),(24,'RREC7','2012-06-22 16:32:02','Réglement partiel de facture',95500,'RECEPT01',1,1,13,5,1,1,1,'occupation'),(25,'RRES26','2012-06-22 16:32:02','Réglement total de facture',4500,'RECEPT01',1,1,15,5,2,1,1,'repas_complet_resto'),(26,'RREC8','2012-06-22 16:36:46','Réglement partiel de facture',5000,'RECEPT01',1,1,9,5,1,1,1,'occupation'),(27,'RREC9','2012-06-22 16:37:12','Réglement partiel de facture',5000,'RECEPT01',1,1,9,5,1,1,1,'occupation'),(28,'RREC10','2012-06-22 20:04:56','Réglement total de facture',6000,'RECEPT01',1,1,1,5,1,1,1,'occupation'),(29,'RREC11','2012-06-22 20:09:55','Réglement partiel de facture',20000,'RECEPT01',1,3,2,5,1,1,1,'occupation'),(30,'RRES27','2012-06-25 12:22:34','Réglement total de facture',27500,'RECEPT01',1,4,16,7,2,0,1,'repas_complet_resto'),(31,'RRECA2','2012-06-25 12:58:27','Réglement total de facture',10000,'RECEPT01',1,4,19,7,3,0,1,'reservation'),(32,'RREC12','2012-06-25 21:52:29','Réglement de la facture de location FRES30',30000,'RECEPT01',1,1,14,7,1,1,1,'occupation'),(33,'RRES28','2012-06-26 10:10:20','Réglement de la facture de restauration FRES32',12850,'RESTO01',1,4,20,8,2,1,1,'repas_complet_resto'),(34,'RRES29','2012-06-26 11:19:54','Réglement de la facture de restauration FRES34',4500,'RESTO01',1,1,23,8,2,0,1,'repas_complet_resto'),(35,'RRES30','2012-06-26 11:20:02','Réglement de la facture de restauration FRES35',4500,'RESTO01',1,1,22,8,2,0,1,'repas_complet_resto'),(36,'RRES31','2012-06-26 11:28:14','Réglement de la facture de restauration FRES36',4500,'RESTO01',1,1,25,8,2,0,1,'repas_complet_resto'),(37,'RRES32','2012-06-26 20:42:24','Réglement de la facture de restauration FRES37',8000,'RESTO01',1,4,27,8,2,0,1,'repas_complet_resto'),(38,'RREC13','2012-06-29 08:08:36','Réglement de la facture de location FREC12',20000,'RECEPT01',1,3,17,7,1,0,1,'occupation'),(39,'RREC14','2012-06-29 08:09:24','Réglement de la facture de location FRES31',30000,'RECEPT01',1,1,15,7,1,1,1,'occupation'),(40,'RRECA3','2012-06-29 17:26:53','Avance sur location (groupe)',150000,'RECEPT01',1,3,3,7,3,0,1,'reservation'),(41,'RCPTD1','2012-06-29 17:45:32','dépôt à la création d\'un compte client',500000,'RECEPT01',1,1,9,7,4,1,1,'operations_compte_client'),(42,'RRECA4','2012-06-29 17:47:16','Avance sur location de la chambre CV3',20000,'RECEPT01',1,4,15,7,3,0,1,'reservation'),(43,'RRES33','2012-06-29 17:48:52','Réglement de la facture de restauration FRES38',5200,'RESTO01',1,4,29,8,2,0,1,'repas_complet_resto'),(44,'RREC15','2012-06-30 19:51:58','Réglement de la facture de location FREC21',10000,'RECEPT01',1,1,26,7,1,1,1,'occupation'),(45,'RREC16','2012-07-02 03:51:39','Réglement de la facture de location FREC19',50000,'RECEPT01',1,1,24,7,1,1,1,'occupation'),(46,'RREC17','2012-07-02 04:12:58','Réglement de la facture de location FREC15',170000,'RECEPT01',1,2,20,7,1,0,1,'occupation'),(47,'RREC18','2012-07-02 04:14:39','Réglement de la facture de location FREC16',270000,'RECEPT01',1,1,21,7,1,0,1,'occupation'),(48,'RREC19','2012-07-02 04:17:25','Réglement de la facture de location FREC17',140000,'RECEPT01',1,4,22,7,1,0,1,'occupation'),(49,'RCPTD2','2012-07-02 04:32:39','dépôt à la création d\'un compte client',300000,'RECEPT01',1,1,11,7,4,0,1,'operations_compte_client'),(50,'RREC20','2012-07-02 04:36:34','Réglement de la facture de location FREC18',50000,'RECEPT01',1,4,23,7,1,0,1,'occupation'),(51,'RREC21','2012-07-02 05:15:32','Réglement de la facture de location FREC20',50000,'RECEPT01',1,4,25,7,1,0,1,'occupation'),(52,'RCPTD3','2012-07-02 05:25:22','dépôt à la création d\'un compte client',100000,'RECEPT01',1,1,12,7,4,0,1,'operations_compte_client'),(53,'RREC22','2012-07-02 05:26:03','Réglement de la facture de location FREC22',50000,'RECEPT01',1,4,27,7,1,0,1,'occupation'),(54,'RREC23','2012-07-02 06:11:19','Réglement de la facture de location FREC26',50000,'RECEPT01',1,4,31,7,1,0,1,'occupation'),(55,'RREC24','2012-07-02 06:29:24','Réglement de la facture de location FREC26',100000,'RECEPT01',1,1,31,7,1,1,1,'occupation'),(56,'RREC25','2012-07-02 06:29:48','Réglement de la facture de location FREC14',30000,'RECEPT01',1,1,19,7,1,1,1,'occupation'),(57,'RREC26','2012-07-02 06:30:05','Réglement de la facture de location FREC21',20000,'RECEPT01',1,1,26,7,1,1,1,'occupation'),(58,'RREC27','2012-07-02 06:42:40','Réglement de la facture de location FREC13',24000,'RECEPT01',1,3,18,7,1,0,1,'occupation'),(59,'RREC28','2012-07-02 06:43:08','Réglement de la facture de location FREC3',6000,'RECEPT01',1,1,3,7,1,1,1,'occupation'),(60,'RREC29','2012-07-02 06:43:37','Réglement de la facture de location FREC6',15000,'RECEPT01',1,1,7,7,1,1,1,'occupation'),(61,'RREC30','2012-07-02 06:43:55','Réglement de la facture de location FREC2',20000,'RECEPT01',1,1,2,7,1,0,1,'occupation'),(62,'RRECA5','2012-07-02 12:44:56','Avance sur location (groupe)',190000,'RECEPT01',1,3,4,7,3,0,1,'reservation'),(63,'RREC31','2012-07-02 15:53:36','Réglement de la facture de location FREC23',15000,'RECEPT01',1,1,28,7,1,1,1,'occupation'),(64,'RREC32','2012-07-02 15:53:36','Réglement de la facture de location FREC24',9000,'RECEPT01',1,1,29,7,1,1,1,'occupation'),(65,'RREC33','2012-07-02 15:53:36','Réglement de la facture de location FREC25',15000,'RECEPT01',1,1,30,7,1,1,1,'occupation'),(66,'RREC34','2012-07-02 15:53:36','Réglement de facture de location (groupe)',39000,'RECEPT01',1,1,2,7,1,1,1,'occupation'),(67,'RREC35','2012-07-02 16:35:15','Réglement de facture de location (groupe EDUCA)',140000,'RECEPT01',1,1,3,7,1,0,1,'occupation'),(68,'RREC36','2012-07-02 18:20:16','Réglement de la facture de location FREC26',20000,'RECEPT01',1,1,31,7,1,0,1,'occupation'),(69,'RREC37','2012-07-02 18:21:14','Réglement de la facture de location FREC21',20000,'RECEPT01',1,1,26,7,1,0,1,'occupation'),(70,'RREC38','2012-07-04 07:08:51','Réglement de la facture de location FREC43',18000,'RECEPT01',1,1,46,11,1,1,1,'occupation'),(71,'RRES34','2012-07-04 10:32:51','Réglement de la facture de restauration FRES40',12200,'RECEPT01',1,1,31,11,2,0,1,'repas_complet_resto'),(72,'RREC39','2012-07-04 10:46:28','Réglement de la facture de location FREC13',12000,'RECEPT01',1,1,18,11,1,0,1,'occupation'),(73,'RREC40','2012-07-04 10:47:22','Réglement de la facture de location FREC34',20000,'RECEPT01',1,4,37,11,1,0,1,'occupation'),(74,'RRES35','2012-07-04 10:47:22','Réglement de la facture de restauration FRES39',12700,'RECEPT01',1,4,30,11,2,0,1,'repas_complet_resto'),(75,'RCPTD4','2012-07-05 09:54:11','dépôt sur un compte client',10000,'RECEPT01',1,1,17,11,4,0,1,'operations_compte_client'),(76,'RCPTD5','2012-07-05 09:58:55','dépôt sur un compte client',10000,'RECEPT01',1,1,19,11,4,0,1,'operations_compte_client'),(77,'RCPTD6','2012-07-05 10:00:35','dépôt sur un compte client',5000,'RECEPT01',1,1,20,11,4,0,1,'operations_compte_client'),(78,'RREC41','2012-07-07 07:56:48','Réglement de facture de location (groupe LILLE2012)',362000,'RECEPT01',1,1,4,11,1,0,1,'occupation'),(79,'RRES36','2012-07-07 07:56:48','Réglement de la facture de restauration (groupe LILLE2012)',26900,'RECEPT01',1,1,4,11,2,0,1,'repas_complet_resto'),(80,'RREC42','2012-07-07 08:02:11','Réglement de la facture de location FRES25',12000,'RECEPT01',1,1,12,11,1,0,1,'occupation'),(81,'RREC43','2012-07-07 08:02:23','Réglement de la facture de location FRES24',5000,'RECEPT01',1,1,11,11,1,0,1,'occupation'),(82,'RREC44','2012-07-09 16:30:35','Réglement de la facture de location FREC44',12000,'RECEPT01',1,2,47,11,1,0,1,'occupation'),(83,'RRES37','2012-07-09 19:39:19','Réglement de la facture de restauration FRES46',12000,'RESTO01',1,1,37,8,2,0,1,'repas_complet_resto'),(84,'RRES38','2012-07-09 23:54:56','Réglement de la facture de restauration FRES47',5700,'RESTO01',1,1,38,8,2,0,1,'repas_complet_resto'),(86,'RRES40','2012-07-10 00:49:10','Réglement de la facture de restauration FRES49',19000,'RESTO01',1,3,41,8,2,0,1,'repas_complet_resto'),(87,'RRES41','2012-07-10 12:16:04','Réglement de la facture de restauration FRES51',5200,'RESTO01',1,1,43,8,2,0,1,'repas_complet_resto'),(88,'RRES42','2012-07-10 12:29:22','Réglement de la facture de restauration FRES54',11200,'RESTO01',1,1,46,8,2,0,1,'repas_complet_resto'),(89,'RRES43','2012-07-10 15:20:23','Réglement de la facture de restauration FRES52',12000,'RESTO01',1,1,45,9,2,0,1,'repas_complet_resto'),(90,'RREC45','2012-07-10 15:21:07','Réglement de la facture de location FREC47',12000,'RECEPT01',1,1,50,11,1,0,1,'occupation'),(91,'RREC46','2012-07-10 15:21:23','Réglement de la facture de location FREC46',6000,'RECEPT01',1,1,49,11,1,0,1,'occupation'),(92,'RREC47','2012-07-10 15:21:40','Réglement de la facture de location FREC45',6000,'RECEPT01',1,1,48,11,1,0,1,'occupation'),(93,'RRES44','2012-07-10 15:44:48','Réglement de la facture de restauration FRES55',5000,'RESTO01',1,1,47,9,2,0,1,'repas_complet_resto'),(94,'RRES45','2012-07-10 15:44:58','Réglement de la facture de restauration FRES53',6000,'RESTO01',1,1,44,9,2,0,1,'repas_complet_resto'),(95,'RRES46','2012-07-11 11:11:04','Réglement de la facture de restauration FRES59',4500,'RESTO01',1,1,50,9,2,0,1,'repas_complet_resto'),(96,'RRES47','2012-07-11 11:20:51','Réglement de la facture de restauration FRES58',5700,'RESTO01',1,1,51,9,2,0,1,'repas_complet_resto'),(97,'RRES48','2012-07-11 14:30:39','Réglement de la facture de restauration FRES60',11000,'RESTO01',1,1,52,9,2,0,1,'repas_complet_resto'),(98,'RRES49','2012-07-11 18:37:47','Réglement de la facture de restauration FRES61',15000,'RESTO01',1,1,53,9,2,0,1,'repas_complet_resto'),(99,'RRECA6','2012-07-12 07:03:41','Avance sur location (groupe)',150000,'RECEPT01',1,1,5,11,3,0,1,'reservation'),(100,'RRES50','2012-07-12 14:13:47','Réglement de la facture de restauration FRES62',5200,'RESTO01',1,1,54,9,2,0,1,'repas_complet_resto'),(101,'RRES51','2012-07-13 07:09:55','Réglement de la facture de restauration FRES63',5900,'RESTO01',1,4,55,9,2,0,1,'repas_complet_resto'),(102,'RRES52','2012-07-13 22:21:55','Réglement de la facture de restauration FRES64',8200,'RESTO01',1,1,56,9,2,0,1,'repas_complet_resto'),(103,'RREC48','2012-07-16 11:24:55','Réglement de la facture de location FREC56',6000,'RECEPT02',1,1,57,10,1,1,1,'occupation'),(104,'RRES53','2012-07-16 11:35:54','Réglement de la facture de restauration FRES65',10000,'RESTO01',1,1,57,9,2,0,1,'repas_complet_resto'),(105,'RREC49','2012-07-16 12:30:57','Réglement de la facture de location FREC56',4000,'RECEPT02',1,1,57,10,1,0,1,'occupation'),(106,'RRES54','2012-07-16 12:50:49','Réglement de la facture de restauration FRES66',5000,'RESTO01',1,1,58,9,2,0,1,'repas_complet_resto'),(107,'RRES55','2012-07-16 12:50:49','Réglement de la facture de restauration FRES66',2000,'RESTO01',1,1,58,9,2,0,1,'repas_complet_resto'),(108,'RRES56','2012-07-17 14:08:26','Réglement de la facture de restauration FRES67',4000,'RESTO01',0,1,59,0,2,0,1,'repas_complet_resto'),(109,'RREC50','2012-07-18 11:06:06','Réglement de la facture de location FREC57',20000,'RECEPT01',1,1,58,11,1,0,1,'occupation'),(110,'RREC51','2012-07-18 11:06:18','Réglement de la facture de location FREC58',20000,'RECEPT01',1,1,59,11,1,0,1,'occupation'),(111,'RREC52','2012-07-18 11:06:29','Réglement de la facture de location FREC59',20000,'RECEPT01',1,1,60,11,1,0,1,'occupation'),(112,'RREC53','2012-07-18 11:06:52','Réglement de la facture de location FREC61',20000,'RECEPT01',1,1,62,11,1,0,1,'occupation'),(113,'RREC54','2012-07-18 11:07:18','Réglement de la facture de location FREC62',20000,'RECEPT01',1,1,63,11,1,0,1,'occupation'),(114,'RREC55','2012-07-18 11:07:35','Réglement de la facture de location FREC63',20000,'RECEPT01',1,3,64,11,1,0,1,'occupation'),(115,'RREC56','2012-07-18 11:08:06','Réglement de la facture de location FREC54',24000,'RECEPT01',1,3,56,11,1,0,1,'occupation'),(116,'RREC57','2012-07-18 11:08:21','Réglement de la facture de location FREC53',18000,'RECEPT01',1,4,55,11,1,0,1,'occupation'),(117,'RREC58','2012-07-18 11:08:33','Réglement de la facture de location FREC47',6000,'RECEPT01',1,1,50,11,1,0,1,'occupation'),(118,'RRES57','2012-07-18 11:08:33','Réglement de la facture de restauration FRES57',2600,'RECEPT01',1,1,48,11,2,0,1,'repas_complet_resto'),(119,'RREC59','2012-07-18 11:08:52','Réglement de la facture de location FREC46',6000,'RECEPT01',1,1,49,11,1,0,1,'occupation'),(120,'RREC60','2012-07-18 11:08:59','Réglement de la facture de location FREC45',6000,'RECEPT01',1,1,48,11,1,0,1,'occupation'),(121,'RREC61','2012-07-18 11:09:13','Réglement de la facture de location FREC48',12000,'RECEPT01',1,4,51,11,1,0,1,'occupation'),(122,'RREC62','2012-07-18 11:09:31','Réglement de la facture de location FREC49',12000,'RECEPT01',1,3,52,11,1,0,1,'occupation'),(123,'RRES58','2012-07-18 11:09:31','Réglement de la facture de restauration FRES56',5850,'RECEPT01',1,3,49,11,2,0,1,'repas_complet_resto'),(124,'RREC63','2012-07-18 11:09:37','Réglement de la facture de location FREC50',6000,'RECEPT01',1,1,53,11,1,0,1,'occupation'),(125,'RREC64','2012-07-18 11:09:51','Réglement de la facture de location FREC51',6000,'RECEPT01',1,1,54,11,1,0,1,'occupation'),(126,'RREC65','2012-07-18 11:10:39','Réglement de la facture de location FREC7',6000,'RECEPT01',1,1,8,11,1,0,1,'occupation'),(127,'RREC66','2012-07-18 11:10:56','Réglement de la facture de location FREC11',20000,'RECEPT01',1,1,16,11,1,0,1,'occupation'),(128,'RRES59','2012-07-18 19:28:49','Réglement de la facture de restauration FRES71',5500,'RESTO01',0,1,63,0,2,0,1,'repas_complet_resto'),(129,'RREC67','2012-07-18 21:59:06','Réglement de la facture de location FREC74',10000,'RECEPT01',1,1,74,11,1,0,1,'occupation'),(130,'RRES60','2012-07-19 07:35:29','Réglement de la facture de restauration FRES73',9700,'RESTO01',0,1,65,0,2,0,1,'repas_complet_resto'),(131,'RREC68','2012-07-19 08:26:22','Réglement de facture de location (groupe sept)',275000,'RECEPT01',1,1,7,12,1,0,1,'occupation'),(132,'RREC69','2012-07-19 08:38:01','Réglement de facture de location (groupe CAMPING)',30000,'RECEPT01',1,1,6,12,1,0,1,'occupation'),(133,'RRES61','2012-07-19 08:48:03','Réglement de la facture de restauration FRES74',13500,'RESTO01',0,1,66,0,2,0,1,'repas_complet_resto'),(134,'RREC70','2012-07-19 22:27:14','Réglement de la facture de location FREC62',20000,'RECEPT01',1,1,63,12,1,0,1,'occupation'),(135,'RRES62','2012-07-19 22:27:14','Réglement de la facture de restauration FRES70',2700,'RECEPT01',1,1,62,12,2,0,1,'repas_complet_resto'),(136,'RREC71','2012-07-19 22:27:34','Réglement de la facture de location FREC63',20000,'RECEPT01',1,1,64,12,1,0,1,'occupation'),(137,'RREC72','2012-07-19 22:27:46','Réglement de la facture de location FREC61',20000,'RECEPT01',1,1,62,12,1,0,1,'occupation'),(138,'RREC73','2012-07-19 22:29:15','Réglement de la facture de location FREC56',2000,'RECEPT01',1,1,57,12,1,0,1,'occupation'),(139,'RRES63','2012-07-19 22:29:15','Réglement de la facture de restauration FRES65',1500,'RECEPT01',1,1,57,12,2,0,1,'repas_complet_resto'),(140,'RRES64','2012-07-19 22:29:15','Réglement de la facture de restauration FRES68',9000,'RECEPT01',1,1,60,12,2,0,1,'repas_complet_resto'),(141,'RREC74','2012-07-19 22:29:31','Réglement de la facture de location FREC58',10000,'RECEPT01',1,1,59,12,1,0,1,'occupation'),(142,'RREC75','2012-07-19 22:29:39','Réglement de la facture de location FREC59',10000,'RECEPT01',1,1,60,12,1,0,1,'occupation'),(143,'RREC76','2012-07-19 22:29:50','Réglement de la facture de location FREC60',20000,'RECEPT01',1,1,61,12,1,0,1,'occupation'),(144,'RRES65','2012-07-19 22:29:50','Réglement de la facture de restauration FRES69',10600,'RECEPT01',1,1,61,12,2,0,1,'repas_complet_resto'),(145,'RREC77','2012-07-19 22:36:46','Réglement de la facture de location FREC76',80000,'RECEPT01',1,1,76,12,1,0,1,'occupation'),(146,'RREC78','2012-07-19 22:44:55','Réglement de la facture de location FREC77',140000,'RECEPT01',1,1,77,12,1,0,1,'occupation'),(147,'RCPTD7','2012-07-23 11:58:29','dépôt à la création d\'un compte client',30000,'RESTO01',0,1,24,0,4,0,1,'operations_compte_client'),(148,'RRES66','2012-07-23 11:59:07','Réglement de la facture de restauration FRES78',3000,'RESTO01',0,4,70,0,2,0,1,'repas_complet_resto'),(149,'RRES67','2012-07-23 23:10:58','Réglement de la facture de restauration FRES79',20200,'RESTO01',0,1,71,0,2,0,1,'repas_complet_resto'),(150,'RREC79','2012-07-23 23:15:53','Réglement de la facture de location FREC72',70000,'RECEPT01',1,1,72,12,1,0,1,'occupation'),(151,'RREC80','2012-07-23 23:17:03','Réglement de facture de location (groupe sept)',385000,'RECEPT01',1,1,7,12,1,0,1,'occupation'),(152,'RRES68','2012-07-24 06:51:36','Réglement de la facture de restauration (groupe sept)',31500,'RECEPT01',1,1,7,12,2,0,1,'repas_complet_resto'),(153,'RREC81','2012-07-24 07:20:55','Réglement de facture de location (groupe CAMPING)',60000,'RECEPT01',1,1,6,12,1,0,1,'occupation'),(154,'RRES69','2012-07-24 07:20:55','Réglement de la facture de restauration (groupe CAMPING)',20600,'RECEPT01',1,1,6,12,2,0,1,'repas_complet_resto'),(155,'RRES70','2012-07-26 04:26:56','Réglement de la facture de restauration FRES80',3500,'RESTO01',0,1,73,0,2,0,1,'repas_complet_resto'),(156,'RRECA7','2012-07-26 16:36:47','Avance sur location (groupe)',100000,'RECEPT01',1,1,10,12,3,1,1,'reservation'),(157,'RRES71','2012-07-26 17:09:35','Réglement de la facture de restauration FRES81',17500,'RESTO01',0,1,74,0,2,0,1,'repas_complet_resto'),(158,'RRES72','2012-07-30 14:08:32','Réglement de la facture de restauration FRES82',6000,'RESTO01',0,1,77,0,2,0,1,'repas_complet_resto'),(159,'RRES73','2012-07-31 17:05:40','Réglement de la facture de restauration FRES83',47800,'RESTO01',0,1,107,0,2,0,1,'repas_complet_resto'),(160,'RREC82','2012-08-01 08:46:19','Réglement de la facture de location FREC78',20000,'RECEPT01',1,1,78,12,1,0,1,'occupation'),(161,'RREC83','2012-08-01 08:46:43','Réglement de la facture de location FREC84',24000,'RECEPT01',1,4,79,12,1,0,1,'occupation'),(162,'RREC84','2012-08-03 09:59:28','Réglement de la facture de location FREC85',18000,'RECEPT01',1,4,80,12,1,0,1,'occupation'),(163,'RRECA8','2012-08-03 12:30:29','Avance sur location de la chambre CV4',60000,'RECEPT01',1,1,61,12,3,1,1,'reservation'),(164,'RREC85','2012-08-04 15:34:14','Réglement de la facture de location FREC91',50000,'RECEPT01',1,1,86,13,1,0,1,'occupation'),(165,'RRECA9','2012-08-04 20:47:32','Avance sur location (groupe)',30000,'RECEPT01',1,1,11,13,3,0,1,'reservation'),(166,'RRES74','2012-08-04 21:37:26','Réglement de la facture de restauration FRES84',3000,'RESTO01',0,1,108,0,2,0,1,'repas_complet_resto'),(167,'RREC86','2012-08-06 09:43:35','Réglement de la facture de location FREC91',55000,'RECEPT01',1,1,86,13,1,0,1,'occupation'),(168,'RREC87','2012-08-08 09:57:42','Réglement de facture de location (groupe ECOBANK-CI)',570000,'RECEPT01',1,2,5,13,1,0,1,'occupation'),(169,'RCPTD8','2012-08-11 11:07:58','dépôt sur un compte client',7000,'RESTO01',0,1,28,0,4,0,1,'operations_compte_client'),(170,'RREC88','2012-08-11 11:11:44','Réglement de la facture de location FREC100',30000,'RECEPT01',1,1,94,13,1,0,1,'occupation'),(171,'RREC89','2012-08-14 09:20:58','Réglement de la facture de location FREC106',30000,'RECEPT01',1,1,100,13,1,0,1,'occupation'),(172,'RREC90','2012-08-14 09:24:49','Réglement de la facture de location FREC105',20000,'RECEPT01',1,1,99,13,1,0,1,'occupation'),(173,'RREC91','2012-08-14 09:25:43','Réglement de la facture de location FREC105',30000,'RECEPT01',1,1,99,13,1,0,1,'occupation'),(174,'RRESTA1','2012-08-14 09:36:34','Restitution de montant de location (facture FREC105)',50000,'RECEPT01',1,1,99,13,5,0,0,'repas_complet_resto'),(175,'RREC92','2012-08-14 10:10:14','Réglement de la facture de location FREC124',10000,'RECEPT01',1,1,118,13,1,0,1,'occupation'),(176,'RCPTD9','2012-08-14 11:28:56','dépôt sur un compte client',1000,'RECEPT01',1,1,29,13,4,0,1,'operations_compte_client'),(177,'RREC93','2012-08-14 16:13:19','Réglement de la facture de location FREC111',30000,'RECEPT01',1,1,105,13,1,0,1,'occupation'),(178,'RREC94','2012-08-14 16:13:43','Réglement de la facture de location FREC128',20000,'RECEPT01',1,1,122,13,1,0,1,'occupation'),(179,'RRML2','2012-08-14 19:04:07','Restitution de montant de location (facture FREC106)',10000,'RECEPT01',1,1,100,13,5,0,0,'occupation'),(180,'RCPTD10','2012-08-14 22:19:43','Retrait sur un compte client',10000,'RECEPT01',1,1,30,13,4,0,0,'operations_compte_client'),(181,'RCPTD11','2012-08-14 22:22:00','Retrait sur un compte client',19000,'RECEPT01',1,1,31,13,4,0,0,'operations_compte_client'),(182,'RCPTD12','2012-08-15 19:38:27','Retrait sur un compte client',5000,'RESTO01',0,1,32,0,4,0,0,'operations_compte_client'),(183,'RCPTD13','2012-08-15 21:08:24','Retrait sur un compte client',7000,'RECEPT01',1,1,33,13,4,0,0,'operations_compte_client'),(184,'RREC95','2012-08-17 22:04:11','Réglement de la facture de location FREC108',50000,'RECEPT01',0,1,102,0,1,0,1,'occupation'),(185,'RREC96','2012-08-17 22:04:21','Réglement de la facture de location FREC110',30000,'RECEPT01',0,1,104,0,1,0,1,'occupation'),(186,'RREC97','2012-08-17 22:04:33','Réglement de la facture de location FREC105',50000,'RECEPT01',0,1,99,0,1,0,1,'occupation'),(187,'RREC98','2012-08-17 22:04:48','Réglement de la facture de location FREC106',10000,'RECEPT01',0,1,100,0,1,0,1,'occupation'),(188,'RREC99','2012-08-17 22:04:59','Réglement de la facture de location FREC126',20000,'RECEPT01',0,1,120,0,1,0,1,'occupation'),(189,'RREC100','2012-08-17 22:05:06','Réglement de la facture de location FREC127',20000,'RECEPT01',0,1,121,0,1,0,1,'occupation'),(190,'RREC101','2012-08-17 22:05:15','Réglement de la facture de location FREC123',30000,'RECEPT01',0,1,117,0,1,0,1,'occupation'),(191,'RREC102','2012-08-17 22:05:55','Réglement de la facture de location FREC121',40000,'RECEPT01',0,1,115,0,1,0,1,'occupation'),(192,'RREC103','2012-08-17 22:06:01','Réglement de la facture de location FREC117',20000,'RECEPT01',0,1,111,0,1,0,1,'occupation'),(193,'RREC104','2012-08-17 22:06:24','Réglement de la facture de location FREC125',40000,'RECEPT01',0,1,119,0,1,0,1,'occupation'),(194,'RREC105','2012-08-17 22:07:25','Réglement de la facture de location FREC129',30000,'RECEPT01',0,1,123,0,1,0,1,'occupation'),(195,'RRECA10','2012-08-17 22:13:26','Avance sur location (groupe)',800000,'RECEPT01',0,3,12,0,3,0,1,'reservation'),(196,'RRAL1','2012-08-17 22:14:50','Restitution d\'avance sur location (groupe SITIFEL)',50000,'RECEPT01',0,1,12,0,6,0,0,'reservation'),(197,'RRML3','2012-08-17 22:28:26','Restitution de montant de location (groupe SITIFEL)',20000,'RECEPT01',0,1,12,0,5,0,0,'occupation'),(198,'RRAL2','2012-08-17 22:38:15','Restitution d\'avance sur location (groupe SITIFEL)',20000,'RECEPT01',0,1,12,0,6,0,0,'reservation'),(199,'RRML4','2012-08-18 23:02:28','Restitution de montant de location (groupe SITIFEL)',10000,'RECEPT01',0,1,12,0,5,0,0,'occupation'),(200,'RRECA11','2012-08-18 23:09:09','Avance sur location (groupe FREC136)',200000,'RECEPT01',0,3,13,0,3,0,1,'reservation'),(201,'RRAL3','2012-08-18 23:16:12','Restitution d\'avance sur location (groupe YOUTUBE)',10000,'RECEPT01',0,1,13,0,6,0,0,'reservation'),(202,'RREC106','2012-08-18 23:20:49','Réglement de la facture de location FREC136 par avance (groupe)',30000,'RECEPT01',0,3,13,0,1,0,1,'occupation'),(203,'RREC107','2012-08-20 20:12:34','Réglement de facture de location (groupe SITIFEL)',1080000,'RECEPT01',0,2,12,0,1,0,1,'occupation'),(204,'RREC108','2012-08-20 20:15:47','Réglement de la facture de location FREC118',27000,'RECEPT01',0,4,112,0,1,0,1,'occupation'),(205,'RRES75','2012-08-25 18:24:38','Réglement de la facture de restauration FRES86',2200,'RESTO01',0,1,110,0,2,0,1,'repas_complet_resto'),(206,'RREC109','2012-12-01 18:57:12','Réglement de la facture de location FREC141',30000,'RECEPT01',0,1,133,0,1,0,1,'occupation'),(207,'RRES76','2012-12-03 13:50:37','Réglement de la facture de restauration FRES88',7000,'RESTO01',0,1,111,0,2,0,1,'repas_complet_resto'),(208,'RRES77','2013-01-25 08:41:34','Réglement de la facture de restauration FRES89',10300,'RESTO01',0,1,112,0,2,0,1,'repas_complet_resto'),(209,'RRECA12','2013-05-18 23:02:19','Avance sur location de la chambre CV18',20000,'RECEPT01',0,2,69,0,3,0,1,'reservation'),(210,'RRES78','2013-05-18 23:29:01','Réglement de la facture de restauration FRES90',8800,'RESTO01',0,1,113,0,2,0,1,'repas_complet_resto'),(211,'RRES79','2013-05-23 14:28:54','Réglement de la facture de restauration FRES91',2500,'RESTO01',0,1,114,0,2,0,1,'repas_complet_resto'),(212,'RRES80','2013-05-23 14:30:14','Réglement de la facture de restauration FRES92',3500,'RESTO01',0,3,115,0,2,0,1,'repas_complet_resto'),(213,'RREC110','2013-05-24 05:41:33','Réglement de la facture de location FREC142',20000,'RECEPT01',0,1,134,0,1,0,1,'occupation'),(214,'RREC111','2013-05-24 05:42:28','Réglement de la facture de location FREC144',5000,'RECEPT01',0,1,136,0,1,0,1,'occupation'),(215,'RREC112','2013-05-24 05:44:27','Réglement de la facture de location FREC146',20000,'RECEPT01',0,1,138,0,1,0,1,'occupation'),(216,'RREC113','2013-05-24 05:44:32','Réglement de la facture de location FREC145',30000,'RECEPT01',0,1,137,0,1,0,1,'occupation'),(217,'RRECA13','2013-05-24 05:47:10','Avance sur location de la chambre CV4',20000,'RECEPT01',0,1,73,0,3,0,1,'reservation'),(218,'RRECA14','2013-05-24 05:47:24','Avance sur location de la chambre CV19',20000,'RECEPT01',0,1,70,0,3,0,1,'reservation'),(219,'RRECA15','2013-05-24 05:47:36','Avance sur location de la chambre CV20',20000,'RECEPT01',0,1,71,0,3,0,1,'reservation'),(220,'RRES81','2013-05-24 05:49:33','Réglement de la facture de restauration FRES93',3500,'RESTO01',0,1,118,0,2,0,1,'repas_complet_resto'),(221,'RRES82','2013-05-24 05:49:55','Réglement de la facture de restauration FRES94',2500,'RESTO01',0,3,119,0,2,0,1,'repas_complet_resto'),(222,'RRES83','2013-05-24 05:50:29','Réglement de la facture de restauration FRES95',5300,'RESTO01',0,1,120,0,2,0,1,'repas_complet_resto'),(223,'RREC114','2013-05-30 05:46:39','Réglement de la facture de location FREC148',50000,'RECEPT01',0,1,140,0,1,0,1,'occupation'),(224,'RREC115','2013-05-30 05:46:54','Réglement de la facture de location FREC144',5000,'RECEPT01',0,1,136,0,1,0,1,'occupation'),(225,'RREC116','2013-05-30 05:47:40','Réglement de la facture de location FREC143',40000,'RECEPT01',0,1,135,0,1,0,1,'occupation'),(226,'RREC117','2013-05-30 05:47:57','Réglement de la facture de location FREC142',10000,'RECEPT01',0,1,134,0,1,0,1,'occupation'),(227,'RREC118','2013-05-30 05:48:03','Réglement de la facture de location FREC147',40000,'RECEPT01',0,1,139,0,1,0,1,'occupation'),(228,'RREC119','2013-05-30 05:48:36','Réglement de la facture de location FREC76',160000,'RECEPT01',0,1,76,0,1,0,1,'occupation'),(229,'RREC120','2013-05-30 05:48:43','Réglement de la facture de location FREC77',420000,'RECEPT01',0,1,77,0,1,0,1,'occupation'),(230,'RREC121','2013-05-30 05:49:44','Réglement de la facture de location FREC90',30000,'RECEPT01',0,1,85,0,1,0,1,'occupation'),(231,'RREC122','2013-05-30 05:49:49','Réglement de la facture de location FREC118',73000,'RECEPT01',0,1,112,0,1,0,1,'occupation'),(232,'RREC123','2013-05-30 05:49:57','Réglement de la facture de location FREC119',100000,'RECEPT01',0,1,113,0,1,0,1,'occupation'),(233,'RREC124','2013-05-30 05:50:02','Réglement de la facture de location FREC120',100000,'RECEPT01',0,1,114,0,1,0,1,'occupation'),(234,'RREC125','2013-05-30 05:53:21','Réglement de la facture de location FREC89',30000,'RECEPT01',0,1,84,0,1,0,1,'occupation'),(235,'RRES84','2013-08-03 14:41:18','Réglement de la facture de restauration FRES96',1600,'RESTO01',0,1,121,0,2,0,1,'repas_complet_resto'),(236,'RRES85','2013-08-03 14:41:23','Réglement de la facture de restauration FRES97',8900,'RESTO01',0,1,122,0,2,0,1,'repas_complet_resto'),(237,'RREC126','2013-10-23 12:39:36','Réglement de la facture de location FREC149',30000,'RECEPT01',0,1,141,0,1,0,1,'occupation'),(238,'RREC127','2013-10-23 12:39:45','Réglement de la facture de location FREC150',20000,'RECEPT01',0,1,142,0,1,0,1,'occupation'),(239,'RREC128','2013-10-23 12:39:50','Réglement de la facture de location FREC151',60000,'RECEPT01',0,1,143,0,1,0,1,'occupation'),(240,'RRECA16','2013-10-23 12:40:08','Avance sur location de la chambre CV18',15000,'RECEPT01',0,1,74,0,3,0,1,'reservation'),(241,'RRECA17','2013-10-23 15:27:27','Avance sur location de la chambre CV13',9000,'RECEPT01',0,1,76,0,3,0,1,'reservation'),(242,'RRECA18','2013-10-23 15:32:04','Avance sur location de la chambre CV7',5000,'RECEPT01',0,1,77,0,3,0,1,'reservation'),(243,'RREC129','2013-10-23 15:36:26','Réglement de la facture de location FREC152',20000,'RECEPT01',0,1,144,0,1,0,1,'occupation'),(244,'RRES86','2013-10-23 21:44:34','Réglement de la facture de restauration FRES98',2800,'RESTO01',0,1,123,0,2,0,1,'repas_complet_resto'),(245,'RRECA19','2013-10-24 11:39:44','Avance sur location de la chambre CV1',9000,'RECEPT01',0,1,78,0,3,0,1,'reservation'),(246,'RREC130','2013-10-24 16:03:14','Réglement de la facture de location FREC153 par avance',9000,'RECEPT01',0,1,145,0,1,0,1,'occupation'),(247,'RREC131','2013-10-24 16:13:17','Réglement de la facture de location FREC154',15000,'RECEPT01',0,1,146,0,1,0,1,'occupation'),(248,'RRECA20','2013-10-24 16:21:36','Avance sur location (groupe FREC155)',300000,'RECEPT01',0,2,14,0,3,0,1,'reservation'),(249,'RREC132','2013-10-24 17:32:38','Réglement de la facture de location FREC156 par avance (groupe)',120000,'RECEPT01',0,2,14,0,1,0,1,'occupation'),(250,'RREC133','2013-10-24 17:33:46','Réglement de la facture de location FREC157 par avance (groupe)',120000,'RECEPT01',0,2,14,0,1,0,1,'occupation'),(251,'RREC134','2013-10-24 17:34:01','Réglement de la facture de location FREC158 par avance (groupe)',60000,'RECEPT01',0,2,14,0,1,0,1,'occupation'),(252,'RRAL4','2013-10-25 15:20:15','Restitution d\'avance sur location de la chambre CV7',5000,'RECEPT01',0,1,77,0,6,0,0,'reservation'),(253,'RRES87','2013-10-25 22:33:33','Réglement de la facture de restauration FRES100',7200,'RESTO01',0,1,125,0,2,0,1,'repas_complet_resto'),(254,'RRES88','2013-10-25 22:33:43','Réglement de la facture de restauration FRES101',3500,'RESTO01',0,1,126,0,2,0,1,'repas_complet_resto'),(255,'RBAR1','2013-10-26 13:38:56','Réglement de la facture de bar FBAR1',8900,'RESTO01',0,1,129,0,9,0,1,'repas_complet_resto'),(256,'RREC135','2013-10-26 14:15:22','Réglement de la facture de location  par avance',15000,'RECEPT01',0,1,0,0,1,0,1,'occupation'),(257,'RRECA21','2013-10-26 19:34:05','Avance sur location (groupe FREC162)',600000,'RECEPT01',0,1,15,0,3,0,1,'reservation'),(258,'RREC136','2013-10-26 19:37:59','Réglement de la facture de location  par avance (groupe)',210000,'RECEPT01',0,1,15,0,1,0,1,'occupation'),(259,'RREC137','2013-10-26 19:40:47','Réglement de la facture de location  par avance (groupe)',210000,'RECEPT01',0,1,15,0,1,0,1,'occupation'),(260,'RREC138','2013-10-26 19:41:13','Réglement de la facture de location  par avance (groupe)',180000,'RECEPT01',0,1,15,0,1,0,1,'occupation'),(261,'RREC139','2013-10-27 20:59:06','Réglement de la facture de location FREC153',19000,'RECEPT01',0,1,145,0,1,0,1,'occupation'),(262,'RRECA22','2013-10-27 21:58:55','Avance sur location (groupe FREC166)',300000,'RECEPT01',0,1,16,0,3,0,1,'groupe'),(263,'RREC140','2013-10-27 22:25:56','Réglement de la facture de location  par avance (groupe)',240000,'RECEPT01',0,1,16,0,1,0,1,'occupation'),(264,'RREC141','2013-10-27 22:26:02','Réglement de la facture de location  par avance (groupe)',60000,'RECEPT01',0,1,16,0,1,0,1,'occupation'),(265,'RREC142','2013-10-27 22:29:31','Réglement de facture de location (groupe SGBCI)',100000,'RECEPT01',0,1,16,0,1,0,1,'groupe');
/*!40000 ALTER TABLE `operations_service` ENABLE KEYS */;
UNLOCK TABLES;

--
-- Table structure for table `piece_identite_client`
--

DROP TABLE IF EXISTS `piece_identite_client`;
/*!40101 SET @saved_cs_client     = @@character_set_client */;
/*!40101 SET character_set_client = utf8 */;
CREATE TABLE `piece_identite_client` (
  `idPieceIdentite` int(11) NOT NULL AUTO_INCREMENT,
  `Nature` varchar(50) DEFAULT NULL,
  `Numero` varchar(50) DEFAULT NULL,
  `DateDelivrance` date DEFAULT NULL,
  `LieuDelivrance` varchar(50) DEFAULT NULL,
  `AgentDelivreur` varchar(160) DEFAULT NULL,
  `CodeClient` int(11) DEFAULT NULL,
  `DateReception` date DEFAULT NULL,
  `NumOccupation` int(11) NOT NULL DEFAULT '0',
  PRIMARY KEY (`idPieceIdentite`)
) ENGINE=InnoDB AUTO_INCREMENT=90 DEFAULT CHARSET=latin1;
/*!40101 SET character_set_client = @saved_cs_client */;

--
-- Dumping data for table `piece_identite_client`
--

LOCK TABLES `piece_identite_client` WRITE;
/*!40000 ALTER TABLE `piece_identite_client` DISABLE KEYS */;
INSERT INTO `piece_identite_client` VALUES (1,'CNI','67788-D67G-7655','2007-04-04','Dabou','M. Gérôme Andokoi',9,'2012-07-11',53),(2,'CNI','4900-TYU6-556D','2000-01-01','Guiglo','M. DIGBEU Arsène',16,'2012-07-11',54),(3,'Attestation d\'identité','ATY-UI-778888','2005-12-09','Mankono','M. Donation PA',5,'2012-07-13',55),(4,'CNI','4566-YUTTR-78TY','2009-06-03','Agboville','M. CODJALE Franck',17,'2012-07-13',56),(5,'Attestation','3301','2007-01-01','Abidjan','',18,'2012-07-16',57),(6,'','','2000-01-01','','',18,'2012-07-16',58),(7,'','','2000-01-01','','',6,'2012-07-16',59),(8,'','','2000-01-01','','',5,'2012-07-16',60),(9,'','','2000-01-01','','',12,'2012-07-16',61),(10,'','','2000-01-01','','',16,'2012-07-16',62),(11,'','','2000-01-01','','',17,'2012-07-16',63),(12,'','','2000-01-01','','',3,'2012-07-16',64),(13,'','','2000-01-01','','',6,'2012-07-18',0),(14,'','','2000-01-01','','',1,'2012-07-18',65),(15,'','','2000-01-01','','',4,'2012-07-18',66),(16,'','','2000-01-01','','',13,'2012-07-18',67),(17,'','','2000-01-01','','',14,'2012-07-18',68),(18,'','','2000-01-01','','',15,'2012-07-18',69),(19,'','','2000-01-01','','',1,'2012-07-18',70),(20,'','','2000-01-01','','',17,'2012-07-18',71),(21,'','','2000-01-01','','',6,'2012-07-18',73),(22,NULL,NULL,NULL,NULL,NULL,NULL,NULL,72),(23,NULL,NULL,NULL,NULL,NULL,NULL,NULL,74),(24,'','','2000-01-01','','',2,'2012-07-18',75),(25,'','','2000-01-01','','',13,'2012-07-19',72),(26,'Attestation d\'identité','44556-56GG-TGGG','2011-01-01','Béoumi','M. Kaboré ',19,'2012-07-19',76),(27,'Certificat de nationalité','12233-TYYYY-8888','2009-08-05','Monrovia','M. AKA Tan',20,'2012-07-19',77),(28,'','','2000-01-01','','',4,'2012-07-24',78),(29,'','','2000-01-01','','',5,'2012-07-26',79),(30,'','','2000-01-01','','',1,'2012-07-29',80),(31,'','','2000-01-01','','',13,'2012-07-31',81),(32,'','','2000-01-01','','',6,'2012-07-31',82),(33,'','','2000-01-01','','',5,'2012-07-31',83),(34,'','','2000-01-01','','',9,'2012-07-31',84),(35,'','','2000-01-01','','',1,'2012-07-31',85),(36,'','','2000-01-01','','',20,'2012-08-04',93),(37,'','','2000-01-01','','',1,'2012-08-11',0),(38,'','','2000-01-01','','',1,'2012-08-11',94),(39,'','','2000-01-01','','',20,'2012-08-11',95),(40,'','','2000-01-01','','',17,'2012-08-11',96),(41,'','','2000-01-01','','',21,'2012-08-11',97),(42,'','','2000-01-01','','',18,'2012-08-11',98),(43,'','','2000-01-01','','',13,'2012-08-11',99),(44,'','','2000-01-01','','',15,'2012-08-11',100),(45,'','','2000-01-01','','',3,'2012-08-11',101),(46,'','','2000-01-01','','',12,'2012-08-11',102),(47,'','','2000-01-01','','',6,'2012-08-11',103),(48,'','','2000-01-01','','',4,'2012-08-11',104),(49,'','','2000-01-01','','',9,'2012-08-11',105),(50,'','','2000-01-01','','',14,'2012-08-11',106),(51,'','','2000-01-01','','',8,'2012-08-11',107),(52,'','','2000-01-01','','',7,'2012-08-11',108),(53,'','','2000-01-01','','',14,'2012-08-11',109),(54,'','','2000-01-01','','',18,'2012-08-11',0),(55,'','','2000-01-01','','',18,'2012-08-11',110),(56,'','','2000-01-01','','',18,'2012-08-11',111),(57,'','','2000-01-01','','',3,'2012-08-11',112),(58,'','','2000-01-01','','',21,'2012-08-11',113),(59,'','','2000-01-01','','',7,'2012-08-11',114),(60,'','','2000-01-01','','',8,'2012-08-11',115),(61,'','','2000-01-01','','',1,'2012-08-11',116),(62,'','','2000-01-01','','',1,'2012-08-11',117),(63,'','','2000-01-01','','',20,'2012-08-11',118),(64,'','','2000-01-01','','',17,'2012-08-11',119),(65,'','','2000-01-01','','',6,'2012-08-11',120),(66,'','','2000-01-01','','',20,'2012-08-11',121),(67,'','','2000-01-01','','',14,'2012-08-11',122),(68,'','','2000-01-01','','',18,'2012-08-14',123),(69,'','','2000-01-01','','',22,'2012-08-17',124),(70,'','','2000-01-01','','',23,'2012-08-17',125),(71,'','','2000-01-01','','',3,'2012-08-17',126),(72,'','','2000-01-01','','',18,'2012-08-17',127),(73,'','','2000-01-01','','',7,'2012-08-17',128),(74,'','','2000-01-01','','',24,'2012-08-18',129),(75,'','','2000-01-01','','',13,'2012-08-18',130),(76,'','','2000-01-01','','',1,'2012-08-18',132),(77,'','','2000-01-01','','',1,'2012-12-01',133),(78,'','','2000-01-01','','',1,'2013-05-23',134),(79,'','','2000-01-01','','',6,'2013-05-23',135),(80,'','','2000-01-01','','',18,'2013-05-23',136),(81,'','','2000-01-01','','',20,'2013-05-24',137),(82,'','','2000-01-01','','',3,'2013-05-24',138),(83,'','','2000-01-01','','',15,'2013-05-24',139),(84,'','','2000-01-01','','',22,'2013-05-24',140),(85,'','','2000-01-01','','',13,'2013-10-23',141),(86,'','','2000-01-01','','',2,'2013-10-23',142),(87,'','','2000-01-01','','',20,'2013-10-23',143),(88,'','','2000-01-01','','',27,'2013-10-23',144),(89,'','','2000-01-01','','',24,'2013-10-24',146);
/*!40000 ALTER TABLE `piece_identite_client` ENABLE KEYS */;
UNLOCK TABLES;

--
-- Table structure for table `plan_comptable_syscohada`
--

DROP TABLE IF EXISTS `plan_comptable_syscohada`;
/*!40101 SET @saved_cs_client     = @@character_set_client */;
/*!40101 SET character_set_client = utf8 */;
CREATE TABLE `plan_comptable_syscohada` (
  `NumeroCompte` int(11) NOT NULL,
  `Libelle` varchar(225) NOT NULL,
  `LibellePerso` varchar(225) DEFAULT '',
  `Classe` int(11) NOT NULL DEFAULT '1',
  `Utilise` tinyint(1) NOT NULL DEFAULT '0',
  PRIMARY KEY (`NumeroCompte`)
) ENGINE=InnoDB DEFAULT CHARSET=latin1;
/*!40101 SET character_set_client = @saved_cs_client */;

--
-- Dumping data for table `plan_comptable_syscohada`
--

LOCK TABLES `plan_comptable_syscohada` WRITE;
/*!40000 ALTER TABLE `plan_comptable_syscohada` DISABLE KEYS */;
INSERT INTO `plan_comptable_syscohada` VALUES (10,'CAPITAL','CAPITAL',1,0),(11,'RESERVES','RESERVES',1,0),(12,'REPORT A NOUVEAU','REPORT A NOUVEAU',1,0),(13,'RESULTAT NET DE L\'EXERCICE','RESULTAT NET DE L\'EXERCICE',1,0),(14,'SUBVENTIONS D\'INVESTISSEMENT','SUBVENTIONS D\'INVESTISSEMENT',1,0),(15,'PROVISIONS REGLEMENTEES ET FONDS ASSIMILES','PROVISIONS REGLEMENTEES ET FONDS ASSIMILES',1,0),(16,'EMPRUNTS ET DETTES ASSIMILEES','EMPRUNTS ET DETTES ASSIMILEES',1,0),(17,'DETTES DE CREDIT - BAIL ET CONTRATS ASSIMILES','DETTES DE CREDIT - BAIL ET CONTRATS ASSIMILES',1,0),(18,'DETTES LIEES A DES PARTICIPATIONS ET COMPTES DE LIAISON DES ETABLISSEMENTS ET SOCIETIES EN PARTICIPATION','DETTES LIEES A DES PARTICIPATIONS ET COMPTES DE LIAISON DES ETABLISSEMENTS ET SOCIETIES EN PARTICIPATION',1,0),(19,'PROVIISIONS FINANCIERES POUR RISQUES ET CHARGES','PROVIISIONS FINANCIERES POUR RISQUES ET CHARGES',1,0),(20,'CHARGES IMMOBILISEES','CHARGES IMMOBILISEES',2,0),(21,'IMMOBILISATIONS INCORPORELLES','IMMOBILISATIONS INCORPORELLES',2,0),(22,'TERRAINS','TERRAINS',2,0),(23,'BATIMENTS, INSTALLATIONS TECHNIQUES ET AGENCEMENTS','BATIMENTS, INSTALLATIONS TECHNIQUES ET AGENCEMENTS',2,0),(24,'MATERIEL','MATERIEL',2,0),(25,'AVANCES ET ACOMPTES VERSES SUR IMMOBILISATIONS','AVANCES ET ACOMPTES VERSES SUR IMMOBILISATIONS',2,0),(26,'TITRES DE PARTICIPATION','TITRES DE PARTICIPATION',2,0),(27,'AUTRES IMMOBILISATIONS FINANCIERES','AUTRES IMMOBILISATIONS FINANCIERES',2,0),(28,'AMORTISSEMENTS','AMORTISSEMENTS',2,0),(29,'PROVISIONS POUR DEPRECIATION','PROVISIONS POUR DEPRECIATION',2,0),(31,'MARCHANDISES','MARCHANDISES',3,0),(32,'MATIERES PREMIERES ET FOURNITURES LIEES','MATIERES PREMIERES ET FOURNITURES LIEES',3,0),(34,'PRODUITS EN COURS','PRODUITS EN COURS',3,0),(35,'SERVICES EN COURS','SERVICES EN COURS',3,0),(36,'PRODUITS FINIS','PRODUITS FINIS',3,0),(37,'PRODUITS INTERMEDIAIRES ET RESIDUELS','PRODUITS INTERMEDIAIRES ET RESIDUELS',3,0),(38,'STOCKS EN COURS DE ROUTE, EN CONSIGNATION OU EN DEPOT','STOCKS EN COURS DE ROUTE, EN CONSIGNATION OU EN DEPOT',3,0),(39,'DEPRECIATIONS DES STOCKS','DEPRECIATIONS DES STOCKS',3,0),(40,'FOURNISSEURS ET COMPTES RATTACHES','FOURNISSEURS ET COMPTES RATTACHES',4,0),(41,'CLIENTS ET COMPTES RATTACHES','CLIENTS ET COMPTES RATTACHES',4,0),(42,'PERSONNEL','PERSONNEL',4,0),(43,'ORGANISMES SOCIAUX','ORGANISMES SOCIAUX',4,0),(44,'ETAT ET COLLECTIVITES PUBLIQUES','ETAT ET COLLECTIVITES PUBLIQUES',4,0),(45,'ORGANISMES INTERNATIONAUX ','ORGANISMES INTERNATIONAUX ',4,0),(46,'ASSOCIES ET GROUPE','ASSOCIES ET GROUPE',4,0),(47,'DEBITEURS ET CREDITEURS DIVERS','DEBITEURS ET CREDITEURS DIVERS',4,0),(48,'CREANCES ET DETTES HORS ACTIVITES ORDINAIRES (HAO)','CREANCES ET DETTES HORS ACTIVITES ORDINAIRES (HAO)',4,0),(49,'DEPRECIATIONS ET RISQUES PROVISIONNES (TIERS)','DEPRECIATIONS ET RISQUES PROVISIONNES (TIERS)',4,0),(50,'TITRES DE PLACEMENT','TITRES DE PLACEMENT',5,0),(51,'VALEURS A ENCAISSER','VALEURS A ENCAISSER',5,0),(52,'BANQUES','Ma banque',5,1),(53,'ETABLISSEMENTS FINANCIERS ASSIMILES','ETABLISSEMENTS FINANCIERS ASSIMILES',5,0),(54,'INSTRUMENTS DE TRESORERIE','INSTRUMENTS DE TRESORERIE',5,0),(56,'BANQUES, CREDITS DE TRESORERIE ET D\'ESCOMPTE','BANQUES, CREDITS DE TRESORERIE ET D\'ESCOMPTE',5,0),(57,'CAISSE','Ma caisse',5,1),(58,'REGIES D\'AVANCES, ACCREDITIFS ET VIREMENTS INTERNES','REGIES D\'AVANCES, ACCREDITIFS ET VIREMENTS INTERNES',5,0),(59,'DEPRECIATIONS ET RISQUES PROVISIONNES','DEPRECIATIONS ET RISQUES PROVISIONNES',5,0),(60,'ACHATS ET VARIATIONS DE STOCKS','ACHATS ET VARIATIONS DE STOCKS',6,0),(61,'TRANSPORTS','TRANSPORTS',6,0),(62,'SERVICES EXTERIEURS A','SERVICES EXTERIEURS A',6,0),(63,'SERVICES EXTERIEURS B','SERVICES EXTERIEURS B',6,0),(64,'IMPOTS ET TAXES','IMPOTS ET TAXES',6,0),(65,'AUTRES CHARGES','AUTRES CHARGES',6,0),(66,'CHARGES DE PERSONNEL','CHARGES DE PERSONNEL',6,0),(67,'FRAIS FINANCIERS ET CHARGES ASSIMILEES','FRAIS FINANCIERS ET CHARGES ASSIMILEES',6,0),(68,'DOTATIONS AUX AMORTISSEMENTS','DOTATIONS AUX AMORTISSEMENTS',6,0),(69,'DOTATIONS AUX PROVISIONS','DOTATIONS AUX PROVISIONS',6,0),(70,'VENTES','VENTES',7,0),(71,'SUBVENTIONS D\'EXPLOITATION','SUBVENTIONS D\'EXPLOITATION',7,0),(72,'PRODUCTION IMMOBILISEE','PRODUCTION IMMOBILISEE',7,0),(73,'VARIATIONS DES STOCKS DE BIENS ET DE SERVICES PRODUITS','VARIATIONS DES STOCKS DE BIENS ET DE SERVICES PRODUITS',7,0),(75,'AUTRES PRODUITS','AUTRES PRODUITS',7,0),(77,'REVENUS FINANCIERS ET PRODUITS ASSIMILES','REVENUS FINANCIERS ET PRODUITS ASSIMILES',7,0),(78,'TRANSFERTS DE CHARGES','TRANSFERTS DE CHARGES',7,0),(79,'REPRISES DE PROVISIONS','REPRISES DE PROVISIONS',7,0),(81,'VAEURS COMPTABLES DES CESSIONS D\'IMMOBILISATIONS','VAEURS COMPTABLES DES CESSIONS D\'IMMOBILISATIONS',8,0),(82,'PRODUITS DES CESSIONS D\'IMMOBILISATIONS','PRODUITS DES CESSIONS D\'IMMOBILISATIONS',8,0),(83,'CHARGES HORS ACTIVITES ORDINAIRES','CHARGES HORS ACTIVITES ORDINAIRES',8,0),(84,'PRODUITS HORS ACTIVITES ORDINAIRES ','PRODUITS HORS ACTIVITES ORDINAIRES ',8,1),(85,'DOTATIONS HORS ACTIVITES ORDINAIRES','DOTATIONS HORS ACTIVITES ORDINAIRES',8,0),(86,'REPRISES HORS ACTIVITES ORDINAIRES','REPRISES HORS ACTIVITES ORDINAIRES',8,0),(87,'PARTICIPATION DES TRAVAILLEURS','PARTICIPATION DES TRAVAILLEURS',8,0),(88,'SUBVENTIONS D\'EQUILIBRE','SUBVENTIONS D\'EQUILIBRE',8,0),(89,'IMPOTS SUR LE RESULTAT','IMPOTS SUR LE RESULTAT',8,0),(90,'ENGAGEMENTS OBTENUS ET ENGAGEMENTS ACCORDES','ENGAGEMENTS OBTENUS ET ENGAGEMENTS ACCORDES',9,0),(91,'CONTREPARTIES DES ENGAGEMENTS','CONTREPARTIES DES ENGAGEMENTS',9,0),(92,'COMPTES REFLECHIS','COMPTES REFLECHIS',9,0),(93,'COMPTES DE RECLASSEMENTS','COMPTES DE RECLASSEMENTS',9,0),(94,'COMPTES DE COÛTS','COMPTES DE COÛTS',9,0),(95,'COMPTES DE STOCKS','COMPTES DE STOCKS',9,0),(96,'COMPTES D\'ECARTS SUR COÛTS PREETABLIS','COMPTES D\'ECARTS SUR COÛTS PREETABLIS',9,0),(97,'COMPTES DE DIFFERENCES DE TRAITEMENT COMPTABLE','COMPTES DE DIFFERENCES DE TRAITEMENT COMPTABLE',9,0),(101,'CAPITAL SOCIAL','CAPITAL SOCIAL',1,0),(102,'CAPITAL PAR DOTATION','CAPITAL PAR DOTATION',1,0),(103,'CAPITAL PERSONNEL','CAPITAL PERSONNEL',1,0),(104,'COMPTE DE L\'EXPLOITANT','COMPTE DE L\'EXPLOITANT',1,0),(105,'PRIMES LIEES AUX CAPITAUX PROPRES','PRIMES LIEES AUX CAPITAUX PROPRES',1,0),(106,'ECARTS DE REEVALUATION','ECARTS DE REEVALUATION',1,0),(109,'ACTIONNAIRES, CAPITAL SOUSCRIT, NON APPELE','ACTIONNAIRES, CAPITAL SOUSCRIT, NON APPELE',1,0),(111,'RESERVE LEGALE','RESERVE LEGALE',1,0),(112,'RESERVES STATUTAIRES OU CONTRACTUELLES','RESERVES STATUTAIRES OU CONTRACTUELLES',1,0),(113,'RESERVES REGLEMENTEES','RESERVES REGLEMENTEES',1,0),(118,'AUTRES RESERVES','AUTRES RESERVES',1,0),(121,'REPORT A NOUVEAU CREDITEUR','REPORT A NOUVEAU CREDITEUR',1,0),(129,'REPORT A NOUVEAU DEBITEUR','REPORT A NOUVEAU DEBITEUR',1,0),(130,'RESULTAT EN INSTANCE D\'AFFECTATION','RESULTAT EN INSTANCE D\'AFFECTATION',1,0),(131,'RESULTAT NET : BENEFICE','RESULTAT NET : BENEFICE',1,0),(132,'MARGE BRUTE (M.B.)','MARGE BRUTE (M.B.)',1,0),(133,'VALEUR AJOUTEE (V.A.)','VALEUR AJOUTEE (V.A.)',1,0),(134,'EXCEDENT BRUT D\'EXPLOITATION (E.B.E.)','EXCEDENT BRUT D\'EXPLOITATION (E.B.E.)',1,0),(135,'RESULTAT D\'EXPLOITATIN (R.E.)','RESULTAT D\'EXPLOITATIN (R.E.)',1,0),(136,'RESULTAT FINANCIER (R.F.)','RESULTAT FINANCIER (R.F.)',1,0),(137,'RESULTAT DES ACTIVITES ORDINAIRES (R.A.O.)','RESULTAT DES ACTIVITES ORDINAIRES (R.A.O.)',1,0),(138,'RESULTAT HORS ACTIVITES ORDINAIRES (R.H.A.O.)','RESULTAT HORS ACTIVITES ORDINAIRES (R.H.A.O.)',1,0),(139,'RESULTAT NET : PERTE','RESULTAT NET : PERTE',1,0),(141,'SUBVENTIONS D\'EQUIPEMENT A','SUBVENTIONS D\'EQUIPEMENT A',1,0),(142,'SUBVENTIONS D\'EQUIPEMENT B','SUBVENTIONS D\'EQUIPEMENT B',1,0),(148,'AUTRES SUBVENTIONS D\'INVESTISSEMENT ','AUTRES SUBVENTIONS D\'INVESTISSEMENT ',1,0),(151,'AMORTISSEMENTS DEROGATOIRES','AMORTISSEMENTS DEROGATOIRES',1,0),(152,'PLUS-VALUES DE CESSION A REINVESTIR','PLUS-VALUES DE CESSION A REINVESTIR',1,0),(153,'FONDS REGLEMENTES','FONDS REGLEMENTES',1,0),(154,'PROVISION SPECIALE DE REEVALUATION','PROVISION SPECIALE DE REEVALUATION',1,0),(155,'PROVISIONS REGLEMENTEES RELATIVES AUX IMMOBILISATIONS','PROVISIONS REGLEMENTEES RELATIVES AUX IMMOBILISATIONS',1,0),(156,'PROVISIONS REGLEMENTEES RELATIVES AUX STOCKS','PROVISIONS REGLEMENTEES RELATIVES AUX STOCKS',1,0),(157,'PROVISIONS POUR INVESTISSEMENT','PROVISIONS POUR INVESTISSEMENT',1,0),(158,'AUTRES PROVISIONS ET FONDS REGLEMENTES','AUTRES PROVISIONS ET FONDS REGLEMENTES',1,0),(161,'EMPRUNTS OBLIGATAIRES','EMPRUNTS OBLIGATAIRES',1,0),(162,'EMPRUNTS ET DETTES AUPRES DES ETABLISSEMENTS DE CREDIT ','EMPRUNTS ET DETTES AUPRES DES ETABLISSEMENTS DE CREDIT ',1,0),(163,'AVANCES RECUES DE L\'ETAT','AVANCES RECUES DE L\'ETAT',1,0),(164,'AVANCES RECUES ET COMPTES COURANTS BLOQUES','AVANCES RECUES ET COMPTES COURANTS BLOQUES',1,0),(165,'DEPOTS ET CAUTIONNEMENTS RECUS','DEPOTS ET CAUTIONNEMENTS RECUS',1,0),(166,'INTERETS COURUS','INTERETS COURUS',1,0),(167,'AVANCES ASSORTIES DE CONDITIONS PARTICULIERES','Avance sur location',1,1),(168,'AUTRES EMPRUNTS ET DETTES','AUTRES EMPRUNTS ET DETTES',1,0),(172,'EMPRUNTS EQUIVALENTS DE CREDIT - BAIL IMMOBILIER','EMPRUNTS EQUIVALENTS DE CREDIT - BAIL IMMOBILIER',1,0),(173,'EMPRUNTS EQUIVALENTS DE CREDIT - BAIL MOBILIER','EMPRUNTS EQUIVALENTS DE CREDIT - BAIL MOBILIER',1,0),(176,'INTERETS COURUS','INTERETS COURUS',1,0),(178,'EMPRUNTS EQUIVALENTS D\'AUTRES CONTRATS','EMPRUNTS EQUIVALENTS D\'AUTRES CONTRATS',1,0),(181,'DETTES LIEES A DES PARTICIPATIONS','DETTES LIEES A DES PARTICIPATIONS',1,0),(182,'DETTES LIEES A DES SOCIETES EN PARTICIPATION','DETTES LIEES A DES SOCIETES EN PARTICIPATION',1,0),(183,'INTERÊTS COURUS SUR DETTES LIEES A DES PARTICIPATIONS','INTERÊTS COURUS SUR DETTES LIEES A DES PARTICIPATIONS',1,0),(184,'COMPTES PERMANENTS BLOQUES DES ETABLISSEMENTS ET SUCCURSALES','COMPTES PERMANENTS BLOQUES DES ETABLISSEMENTS ET SUCCURSALES',1,0),(185,'COMPTES PERMANENTS NON BLOQUES DES ETABLISSEMENTS ET SUCCURSALES ','COMPTES PERMANENTS NON BLOQUES DES ETABLISSEMENTS ET SUCCURSALES ',1,0),(186,'COMPTES DE LIAISON CHARGES','COMPTES DE LIAISON CHARGES',1,0),(187,'COMPTES DE LIAISON PRODUITS','COMPTES DE LIAISON PRODUITS',1,0),(188,'COMPTES DE LIAISON DES SOCIETES EN PARTICIPATION','COMPTES DE LIAISON DES SOCIETES EN PARTICIPATION',1,0),(191,'PROVISIONS POUR LITIGES','PROVISIONS POUR LITIGES',1,0),(192,'PROVISIONS POUR GARANTIES DONNEES AUX CLIENTS','PROVISIONS POUR GARANTIES DONNEES AUX CLIENTS',1,0),(193,'PROVISIONS POUR PERTES SUR MARCHES A ACHEVEMENT FUTUR','PROVISIONS POUR PERTES SUR MARCHES A ACHEVEMENT FUTUR',1,0),(194,'PROVISIONS POUR PERTES DE CHANGE','PROVISIONS POUR PERTES DE CHANGE',1,0),(195,'PROVISIONS POUR IMPÔTS','PROVISIONS POUR IMPÔTS',1,0),(196,'PROVISIONS POUR PENSIONS ET OBLIGATIONS SIMILAIRES','PROVISIONS POUR PENSIONS ET OBLIGATIONS SIMILAIRES',1,0),(197,'PROVISIONS POUR CHARGES A REPARTIR SUR PLUSIEURS EXERCICES','PROVISIONS POUR CHARGES A REPARTIR SUR PLUSIEURS EXERCICES',1,0),(198,'AUTRES PROVISIONS FINANCIERES POUR RISQUES  ET CHARGES','AUTRES PROVISIONS FINANCIERES POUR RISQUES  ET CHARGES',1,0),(201,'FRAIS D\'ETABLISSEMENT','FRAIS D\'ETABLISSEMENT',2,0),(202,'CHARGES A REPARTIR SUR PLUSIEURS EXERCICES','CHARGES A REPARTIR SUR PLUSIEURS EXERCICES',2,0),(206,'PRIMES DE REMBOURSEMENT DES OBLIGATIONS','PRIMES DE REMBOURSEMENT DES OBLIGATIONS',2,0),(211,'FRAIS DE RECHERCHE ET DE DEVELOPPEMENT','FRAIS DE RECHERCHE ET DE DEVELOPPEMENT',2,0),(212,'BREVETS, LICENCES, CONCESSIONS ET DROITS SIMILAIRES','BREVETS, LICENCES, CONCESSIONS ET DROITS SIMILAIRES',2,0),(213,'LOGICIELS','LOGICIELS',2,0),(214,'MARQUES','MARQUES',2,0),(215,'FONDS COMMERCIAL','FONDS COMMERCIAL',2,0),(216,'DROIT AU BAIL','DROIT AU BAIL',2,0),(217,'INVESTISSEMENTS DE CREATION','INVESTISSEMENTS DE CREATION',2,0),(218,'AUTRES DROITS ET VALEURS INCORPORELS','AUTRES DROITS ET VALEURS INCORPORELS',2,0),(219,'IMMOBILISATIONS INCORPORELLES EN COURS','IMMOBILISATIONS INCORPORELLES EN COURS',2,0),(221,'TERRAINS AGRICOLES ET FORESTIERS','TERRAINS AGRICOLES ET FORESTIERS',2,0),(222,'TERRAINS NUS','TERRAINS NUS',2,0),(223,'TERRAINS BATIS','TERRAINS BATIS',2,0),(224,'TRAVAUX DE MISE EN VALEUR DES TERRAINS','TRAVAUX DE MISE EN VALEUR DES TERRAINS',2,0),(225,'TERRAINS DE GISEMENT','TERRAINS DE GISEMENT',2,0),(226,'TERRAINS AMENAGES','TERRAINS AMENAGES',2,0),(227,'TERRAINS MIS EN CONCESSION','TERRAINS MIS EN CONCESSION',2,0),(228,'AUTRES TERRAINS','AUTRES TERRAINS',2,0),(229,'AMENAGEMENTS DE TERRAINS EN COURS','AMENAGEMENTS DE TERRAINS EN COURS',2,0),(231,'BATIMENTS INDUSTRIELS, AGRICOLES, ADMINISTRATIFS ET COMMERCIAUX SUR SOL PROPRE','BATIMENTS INDUSTRIELS, AGRICOLES, ADMINISTRATIFS ET COMMERCIAUX SUR SOL PROPRE',2,0),(232,'BATIMENTS INDUSTRIELS, AGRICOLES, ADMINISTRATIFS ET COMMERCIAUX SUR SOL D\'AUTRUI','BATIMENTS INDUSTRIELS, AGRICOLES, ADMINISTRATIFS ET COMMERCIAUX SUR SOL D\'AUTRUI',2,0),(233,'OUVRAGES D\'INFRASTRUTURE','OUVRAGES D\'INFRASTRUTURE',2,0),(234,'INSTALLATIONS TECHNIQUES','INSTALLATIONS TECHNIQUES',2,0),(235,'AMENAGEMENTS DE BUREAUX','AMENAGEMENTS DE BUREAUX',2,0),(237,'BATIMENTS INDUSTRIELS, AGRICOLES ET COMMERCIAUX MIS EN CONCESSION','BATIMENTS INDUSTRIELS, AGRICOLES ET COMMERCIAUX MIS EN CONCESSION',2,0),(238,'AUTRES INSTALLATIONS ET AGENCEMENTS','AUTRES INSTALLATIONS ET AGENCEMENTS',2,0),(239,'BATIMENTS ET INSTALLATIONS EN COURS','BATIMENTS ET INSTALLATIONS EN COURS',2,0),(241,'MATERIEL ET OUTILLAGE INDUSTRIEL ET COMMERCIAL','MATERIEL ET OUTILLAGE INDUSTRIEL ET COMMERCIAL',2,0),(242,'MATERIEL ET OUTILLAGE AGRICOLE','MATERIEL ET OUTILLAGE AGRICOLE',2,0),(243,'MATERIEL D\'EMBALLAGE RECUPERABLE ET IDENTIFIABLE','MATERIEL D\'EMBALLAGE RECUPERABLE ET IDENTIFIABLE',2,0),(244,'MATERIEL ET MOBILIER','MATERIEL ET MOBILIER',2,0),(245,'MATERIEL DE TRANSPORT','MATERIEL DE TRANSPORT',2,0),(246,'IMMOBILISATIONS ANIMALES ET AGRICOLES','IMMOBILISATIONS ANIMALES ET AGRICOLES',2,0),(247,'AGENCEMENTS ET AMENAGEMENTS DU MATERIEL','AGENCEMENTS ET AMENAGEMENTS DU MATERIEL',2,0),(248,'AUTRES MATERIELS','AUTRES MATERIELS',2,0),(249,'MATERIEL EN COURS','MATERIEL EN COURS',2,0),(251,'AVANCES ET ACOMPTES VERSES SUR IMMOBILISATIONS INCORPORELLES','AVANCES ET ACOMPTES VERSES SUR IMMOBILISATIONS INCORPORELLES',2,0),(252,'AVANCES ET ACOMPTES VERSES SUR IMMOBILISATIONS CORPORELLES','AVANCES ET ACOMPTES VERSES SUR IMMOBILISATIONS CORPORELLES',2,0),(261,'TITRES DE PARTICIPATION DANS DES SOCIETES SOUS CONTROLE EXCLUSIF','TITRES DE PARTICIPATION DANS DES SOCIETES SOUS CONTROLE EXCLUSIF',2,0),(262,'TITRES DE PARTICIPATION DANS DES SOCIETES SOUS CONTROLE CONJOINT','TITRES DE PARTICIPATION DANS DES SOCIETES SOUS CONTROLE CONJOINT',2,0),(263,'TITRES DE PARTICIPATION DANS DES SOCIETES CONFERANT UNE INFLUENCE NOTABLE','TITRES DE PARTICIPATION DANS DES SOCIETES CONFERANT UNE INFLUENCE NOTABLE',2,0),(265,'PARTICIPATIONS DANS DES ORGANISMES PROFESSIONNELS','PARTICIPATIONS DANS DES ORGANISMES PROFESSIONNELS',2,0),(266,'PARTS DANS DES GROUPEMENTS D\'INTERET ECONOMIQUE (G.I.E.)','PARTS DANS DES GROUPEMENTS D\'INTERET ECONOMIQUE (G.I.E.)',2,0),(268,'AUTRES TITRES DE PARTICIPATION','AUTRES TITRES DE PARTICIPATION',2,0),(271,'PRETS ET CREANCES NON COMMERCIALES','PRETS ET CREANCES NON COMMERCIALES',2,0),(272,'PRETS AU PERSONNEL','PRETS AU PERSONNEL',2,0),(273,'CREANCES SUR L\'ETAT','CREANCES SUR L\'ETAT',2,0),(274,'TITRES IMMOBILISES','TITRES IMMOBILISES',2,0),(275,'DEPOTS ET CAUTIONNEMENTS VERSES','DEPOTS ET CAUTIONNEMENTS VERSES',2,0),(276,'INTERETS COURUS','INTERETS COURUS',2,0),(277,'CREANCES RATTACHEES A DES PARTICIPATIONS ET AVANCES A DES G.I.E.','CREANCES RATTACHEES A DES PARTICIPATIONS ET AVANCES A DES G.I.E.',2,0),(278,'IMMOBILISATIONS FINANCIERES DIVERSES','IMMOBILISATIONS FINANCIERES DIVERSES',2,0),(281,'AMORTISSEMENTS DES IMMOBILISATIONS INCORPORELLES','AMORTISSEMENTS DES IMMOBILISATIONS INCORPORELLES',2,0),(282,'AMORTISSEMENTS DES TERRAINS','AMORTISSEMENTS DES TERRAINS',2,0),(283,'AMORTISSEMENTS DES BATIMENTS, INSTALLATIONS TECHNIQUES ET AGENCEMENTS','AMORTISSEMENTS DES BATIMENTS, INSTALLATIONS TECHNIQUES ET AGENCEMENTS',2,0),(284,'AMORTISSEMENTS DU MATERIEL','AMORTISSEMENTS DU MATERIEL',2,0),(291,'PROVISIONS POUR DEPRECIATION DES IMMOBILISATIONS INCORPORELLES','PROVISIONS POUR DEPRECIATION DES IMMOBILISATIONS INCORPORELLES',2,0),(292,'PROVISIONS POUR DEPRECIATION DES TERRAINS','PROVISIONS POUR DEPRECIATION DES TERRAINS',2,0),(293,'PROVISIONS POUR DEPRECIATION DES BATIMENTS, INSTALLATIONS TECHNIQUES ET AGENCEMENTS','PROVISIONS POUR DEPRECIATION DES BATIMENTS, INSTALLATIONS TECHNIQUES ET AGENCEMENTS',2,0),(294,'PROVISIONS POUR DEPRECIATION DE MATERIEL','PROVISIONS POUR DEPRECIATION DE MATERIEL',2,0),(295,'PROVISIONS POUR DEPRECIATION DES AVANCES ET ACOMPTES VERSES SUR IMMOBILISATIONS','PROVISIONS POUR DEPRECIATION DES AVANCES ET ACOMPTES VERSES SUR IMMOBILISATIONS',2,0),(296,'PROVISIONS POUR DEPRECIATION DES TITRES DE PARTICIPATION','PROVISIONS POUR DEPRECIATION DES TITRES DE PARTICIPATION',2,0),(297,'PROVISIONS POUR DEPRECIATION DES AUTRES IMMOBILISATIONS FINANCIERES','PROVISIONS POUR DEPRECIATION DES AUTRES IMMOBILISATIONS FINANCIERES',2,0),(311,'MARCHANDISES A','MARCHANDISES A',3,0),(312,'MARCHANDISES B','MARCHANDISES B',3,0),(318,'MARCHANDISES HORS ACTIVITES ORDINAIRES (H.A.O.)','MARCHANDISES HORS ACTIVITES ORDINAIRES (H.A.O.)',3,0),(321,'MATIERES A','MATIERES A',3,0),(322,'MATIERES B','MATIERES B',3,0),(323,'FOURNITURES (A,B)','FOURNITURES (A,B)',3,0),(333,'FOURNITURES DE MAGASIN','FOURNITURES DE MAGASIN',3,0),(334,'FOURNITURES DE BUREAU','FOURNITURES DE BUREAU',3,0),(335,'EMBALLAGES','EMBALLAGES',3,0),(338,'AUTRES MATIERES','AUTRES MATIERES',3,0),(341,'PRODUITS EN COURS','PRODUITS EN COURS',3,0),(342,'TRAVAUX EN COURS','TRAVAUX EN COURS',3,0),(343,'PRODUITS INTERMEDIAIRES EN COURS','PRODUITS INTERMEDIAIRES EN COURS',3,0),(344,'PRODUITS RESIDUELS EN COURS','PRODUITS RESIDUELS EN COURS',3,0),(351,'ETUDES EN COURS','ETUDES EN COURS',3,0),(361,'PRODUITS FINIS A','PRODUITS FINIS A',3,0),(362,'PRODUITS FINIS B','PRODUITS FINIS B',3,0),(371,'PRODUITS INTERMEDIAIRES','PRODUITS INTERMEDIAIRES',3,0),(372,'PRODUITS RESIDUELS','PRODUITS RESIDUELS',3,0),(381,'MARCHANDISES EN COURS DE ROUTE','MARCHANDISES EN COURS DE ROUTE',3,0),(382,'MATIERES PREMIERES ET FOURNITURES LIEES EN COURS DE ROUTE','MATIERES PREMIERES ET FOURNITURES LIEES EN COURS DE ROUTE',3,0),(383,'AUTRES APPROVISIONNEMENTS EN COURS DE ROUTE','AUTRES APPROVISIONNEMENTS EN COURS DE ROUTE',3,0),(386,'PRODUITS FINIS EN COURS DE ROUTE','PRODUITS FINIS EN COURS DE ROUTE',3,0),(387,'STOCK EN CONSIGNATION OU EN DEPOT','STOCK EN CONSIGNATION OU EN DEPOT',3,0),(388,'STOCK PROVENANT D\'IMMOBILISATIONS MISES HORS SERVICE OU AU REBUT','STOCK PROVENANT D\'IMMOBILISATIONS MISES HORS SERVICE OU AU REBUT',3,0),(391,'DEPRECIATIONS DES STOCKS DE MARCHANDISES','DEPRECIATIONS DES STOCKS DE MARCHANDISES',3,0),(392,'DEPRECIATIONS DES STOCKS DE MATIERES PREMIERES ET FOURNITURES LIEES','DEPRECIATIONS DES STOCKS DE MATIERES PREMIERES ET FOURNITURES LIEES',3,0),(393,'DEPRECIATIONS DES STOCKS D\'AUTRES APPROVISIONNEMENTS','DEPRECIATIONS DES STOCKS D\'AUTRES APPROVISIONNEMENTS',3,0),(394,'DEPRECIATIONS DES PRODUCTIONS EN COURS','DEPRECIATIONS DES PRODUCTIONS EN COURS',3,0),(395,'DEPRECIATIONS DES SERVICES EN COURS','DEPRECIATIONS DES SERVICES EN COURS',3,0),(396,'DEPRECIATIONS DES STOCKS DE PRODUITS FINIS','DEPRECIATIONS DES STOCKS DE PRODUITS FINIS',3,0),(397,'DEPRECIATIONS DES STOCKS DE PRODUITS INTERMEDIAIRES ET RESIDUELS','DEPRECIATIONS DES STOCKS DE PRODUITS INTERMEDIAIRES ET RESIDUELS',3,0),(398,'DEPRECIATIONS DES STOCKS EN COURS DE ROUTE, EN CONSIGNATION OU EN DEPOT','DEPRECIATIONS DES STOCKS EN COURS DE ROUTE, EN CONSIGNATION OU EN DEPOT',3,0),(401,'FOURNISSEURS, DETTES EN COMPTE','FOURNISSEURS, DETTES EN COMPTE',4,0),(402,'FOURNISSEURS, EFFETS A PAYER','FOURNISSEURS, EFFETS A PAYER',4,0),(408,'FOURNISSEURS, FACTURES NON PARVENUES','FOURNISSEURS, FACTURES NON PARVENUES',4,0),(409,'FOURNISSEURS DEBITEURS','FOURNISSEURS DEBITEURS',4,0),(411,'CLIENTS','CLIENTS',4,0),(412,'CLIENTS, EFFETS A RECEVOIR EN PORTEFEUILLE','CLIENTS, EFFETS A RECEVOIR EN PORTEFEUILLE',4,0),(414,'CREANCES SUR CESSIONS D\'IMMOBILISATIONS','CREANCES SUR CESSIONS D\'IMMOBILISATIONS',4,0),(415,'CLIENTS, EFFETS ESCOMPTES NON ECHUS','CLIENTS, EFFETS ESCOMPTES NON ECHUS',4,0),(416,'CREANCES CLIENTS LITIGIEUSES OU DOUTEUSES','CREANCES CLIENTS LITIGIEUSES OU DOUTEUSES',4,0),(418,'CLIENTS, PRODUITS A RECEVOIR','CLIENTS, PRODUITS A RECEVOIR',4,0),(419,'CLIENTS CREDITEURS','CLIENTS CREDITEURS',4,0),(421,'PERSONNEL, AVANCES ET ACOMPTES','PERSONNEL, AVANCES ET ACOMPTES',4,0),(422,'PERSONNEL, REMUNERATIONS DUES','PERSONNEL, REMUNERATIONS DUES',4,0),(423,'PERSONNEL, OPPOSITIONS, SAISIES-ARRETS','PERSONNEL, OPPOSITIONS, SAISIES-ARRETS',4,0),(424,'PERSONNEL, OEUVRES SOCIALES INTERNES','PERSONNEL, OEUVRES SOCIALES INTERNES',4,0),(425,'REPRESENTANTS DU PERSONNEL','REPRESENTANTS DU PERSONNEL',4,0),(426,'PERSONNEL, PARTICIPATION AUX BENEFICES','PERSONNEL, PARTICIPATION AUX BENEFICES',4,0),(427,'PERSONNEL-DEPOTS','PERSONNEL-DEPOTS',4,0),(428,'PERSONNEL, CHARGES A PAYER ET PRODUITS A RECEVOIR','PERSONNEL, CHARGES A PAYER ET PRODUITS A RECEVOIR',4,0),(431,'SECURITE SOCIALE','SECURITE SOCIALE',4,0),(432,'CAISSES DE RETRAITE COMPLEMENTAIRE','CAISSES DE RETRAITE COMPLEMENTAIRE',4,0),(433,'AUTRES ORGANISMES SOCIAUX','AUTRES ORGANISMES SOCIAUX',4,0),(438,'ORGANISMES SOCIAUX, CHARGES A PAYER ET PRODUITS A RECEVOIR','ORGANISMES SOCIAUX, CHARGES A PAYER ET PRODUITS A RECEVOIR',4,0),(441,'ETAT, IMPOT SUR LES BENEFICES','ETAT, IMPOT SUR LES BENEFICES',4,0),(442,'ETAT, AUTRES IMPOTS ET TAXES','ETAT, AUTRES IMPOTS ET TAXES',4,0),(443,'ETAT, T.V.A. FACTUREE','ETAT, T.V.A. FACTUREE',4,0),(444,'ETAT, T.V.A. DUE OU CREDIT DE T.V.A.','ETAT, T.V.A. DUE OU CREDIT DE T.V.A.',4,0),(445,'ETAT, T.V.A. RECUPERABLE','ETAT, T.V.A. RECUPERABLE',4,0),(446,'ETAT, AUTRES TAXES SUR LE CHIFFRE D\'AFFAIRES','ETAT, AUTRES TAXES SUR LE CHIFFRE D\'AFFAIRES',4,0),(447,'ETAT, IMPOTS RETENUS A LA SOURCE','ETAT, IMPOTS RETENUS A LA SOURCE',4,0),(448,'ETAT, CHARGES A PAYER ET PRODUITS A RECEVOIR','ETAT, CHARGES A PAYER ET PRODUITS A RECEVOIR',4,0),(449,'ETAT, CREANCES ET DETTES DIVERSES','ETAT, CREANCES ET DETTES DIVERSES',4,0),(451,'OPERATIONS AVEC LES ORGANISMES AFRICAINS','OPERATIONS AVEC LES ORGANISMES AFRICAINS',4,0),(452,'OPERATIONS AVEC LES AUTRES ORGANISMES INTERNATIONAUX','OPERATIONS AVEC LES AUTRES ORGANISMES INTERNATIONAUX',4,0),(458,'ORGANISMES INTERNATIONAUX, FONDS DE DOTATION ET SUBVENTIONS A RECEVOIR','ORGANISMES INTERNATIONAUX, FONDS DE DOTATION ET SUBVENTIONS A RECEVOIR',4,0),(461,'ASSOCIES, OPERATIONS SUR LE CAPITAL','ASSOCIES, OPERATIONS SUR LE CAPITAL',4,0),(462,'ASSOCIES, COMPTES COURANTS','ASSOCIES, COMPTES COURANTS',4,0),(463,'ASSOCIES, OPERATIONS FAITES EN COMMUN','ASSOCIES, OPERATIONS FAITES EN COMMUN',4,0),(465,'ASSOCIES, DIVIDENDES A PAYER','ASSOCIES, DIVIDENDES A PAYER',4,0),(466,'GROUPE, COMPTES COURANTS','GROUPE, COMPTES COURANTS',4,0),(467,'ACTIONNAIRES, RESTANT DU DUR CAPITAL APPELE','ACTIONNAIRES, RESTANT DU DUR CAPITAL APPELE',4,0),(471,'COMPTES D\'ATTENTE','COMPTES D\'ATTENTE',4,0),(472,'VERSEMENTS RESTANT A EFFECTUER SUR TITRES NON LIBERES','VERSEMENTS RESTANT A EFFECTUER SUR TITRES NON LIBERES',4,0),(474,'REPARTITION PERIODIQUE DES CHARGES ET DES PRODUITS','REPARTITION PERIODIQUE DES CHARGES ET DES PRODUITS',4,0),(475,'CREANCES SUR TRAVAUX NON ENCORE FACTURABLES','CREANCES SUR TRAVAUX NON ENCORE FACTURABLES',4,0),(476,'CHARGES CONSTATEES D\'AVANCE','CHARGES CONSTATEES D\'AVANCE',4,0),(477,'PRODUITS CONSTATES D\'AVANCE','PRODUITS CONSTATES D\'AVANCE',4,0),(478,'ECARTS DE CONVERSION - ACTIF','ECARTS DE CONVERSION - ACTIF',4,0),(479,'ECARTS DE CONVERSION - PASSIF','ECARTS DE CONVERSION - PASSIF',4,0),(481,'FOURNISSEURS D\'INVESTISSEMENTS','FOURNISSEURS D\'INVESTISSEMENTS',4,0),(482,'FOURNISSEURS D\'INVESTISSEMENTS, EFFETS A PAYER','FOURNISSEURS D\'INVESTISSEMENTS, EFFETS A PAYER',4,0),(483,'DETTES SUR ACQUISITION DE TITRES DE PLACEMENT','DETTES SUR ACQUISITION DE TITRES DE PLACEMENT',4,0),(484,'AUTRES DETTES HORS ACTIVITES ORDINAIRES (H.A.O.)','AUTRES DETTES HORS ACTIVITES ORDINAIRES (H.A.O.)',4,0),(485,'CREANCES SUR CESSIONS D\'IMMOBILISATIONS','CREANCES SUR CESSIONS D\'IMMOBILISATIONS',4,0),(486,'CREANCES SUR CESSIONS DE TITRES DE PLACEMENT','CREANCES SUR CESSIONS DE TITRES DE PLACEMENT',4,0),(488,'AUTRES CREANCES HORS ACTIVITES ORDINAIRES (H.A.O.)','AUTRES CREANCES HORS ACTIVITES ORDINAIRES (H.A.O.)',4,0),(490,'DEPRECIATIONS DES COMPTES FOURNISSEURS','DEPRECIATIONS DES COMPTES FOURNISSEURS',4,0),(491,'DEPRECIATIONS DES COMPTES CLIENTS','DEPRECIATIONS DES COMPTES CLIENTS',4,0),(492,'DEPRECIATIONS DES COMPTES PERSONNEL','DEPRECIATIONS DES COMPTES PERSONNEL',4,0),(493,'DEPRECIATIONS DES COMPTES ORGANISMES SOCIAUX','DEPRECIATIONS DES COMPTES ORGANISMES SOCIAUX',4,0),(494,'DEPRECIATIONS DES COMPTES ETAT ET COLLECTIVITES PUBLIQUES','DEPRECIATIONS DES COMPTES ETAT ET COLLECTIVITES PUBLIQUES',4,0),(495,'DEPRECIATIONS DES COMPTES ORGANISMES INTERNATIONAUX','DEPRECIATIONS DES COMPTES ORGANISMES INTERNATIONAUX',4,0),(496,'DEPRECIATIONS DES COMPTES ASSOCIES ET GROUPE','DEPRECIATIONS DES COMPTES ASSOCIES ET GROUPE',4,0),(497,'DEPRECIATIONS DES COMPTES DEBITEURS DIVERS','DEPRECIATIONS DES COMPTES DEBITEURS DIVERS',4,0),(498,'DEPRECIATIONS DES COMPTES DE CREANCES H.A.O.','DEPRECIATIONS DES COMPTES DE CREANCES H.A.O.',4,0),(499,'RISQUES PROVISIONNNES','RISQUES PROVISIONNNES',4,0),(501,'TITRES DU TRESOR ET BONS DE CAISSE A COURT TERME','TITRES DU TRESOR ET BONS DE CAISSE A COURT TERME',5,0),(502,'ACTIONS','ACTIONS',5,0),(503,'OBLIGATIONS','OBLIGATIONS',5,0),(504,'BONS DE SOUSCRIPTION','BONS DE SOUSCRIPTION',5,0),(505,'TITRES NEGOCIABLES HORS REGION','TITRES NEGOCIABLES HORS REGION',5,0),(506,'INTERETS COURUS','INTERETS COURUS',5,0),(508,'AUTRES VALEURS ASSIMILEES','AUTRES VALEURS ASSIMILEES',5,0),(511,'EFFETS A ENCAISSER','EFFETS A ENCAISSER',5,0),(512,'EFFETS A L\'ENCAISSEMENT','EFFETS A L\'ENCAISSEMENT',5,0),(513,'CHEQUES A ENCAISSER','CHEQUES A ENCAISSER',5,0),(514,'CHEQUES A L\'ENCAISSEMENT','CHEQUES A L\'ENCAISSEMENT',5,0),(515,'CARTES DE CREDIT A ENCAISSER','CARTES DE CREDIT A ENCAISSER',5,0),(518,'AUTRES VALEURS A L\'ENCAISSEMENT','AUTRES VALEURS A L\'ENCAISSEMENT',5,0),(521,'BANQUES LOCALES','BANQUES LOCALES',5,0),(522,'BANQUES AUTRES ETATS REGION','BANQUES AUTRES ETATS REGION',5,0),(523,'BANQUES AUTRES ETATS ZONE MONETAIRE','BANQUES AUTRES ETATS ZONE MONETAIRE',5,0),(524,'BANQUES HORS ZONE MONETAIRE','BANQUES HORS ZONE MONETAIRE',5,0),(526,'BANQUES, INTERETS COURUS','BANQUES, INTERETS COURUS',5,0),(531,'CHEQUES POSTAUX','CHEQUES POSTAUX',5,0),(532,'TRESOR','TRESOR',5,0),(533,'SOCIETES DE GESTION ET D\'INTERMEDIATION (S.G.I.)','SOCIETES DE GESTION ET D\'INTERMEDIATION (S.G.I.)',5,0),(536,'ETABLISSEMENTS FINANCIERS, INTERETS COURUS','ETABLISSEMENTS FINANCIERS, INTERETS COURUS',5,0),(538,'AUTRES ORGANISMES FINANCIERS','AUTRES ORGANISMES FINANCIERS',5,0),(541,'OPTIONS DE TAUX D\'INTERÊT','OPTIONS DE TAUX D\'INTERÊT',5,0),(542,'OPTIONS DE TAUX DE CHANGE','OPTIONS DE TAUX DE CHANGE',5,0),(543,'OPTIONS DE TAUX BOURSIERS','OPTIONS DE TAUX BOURSIERS',5,0),(544,'INSTRUMENTS DE MARCHES A TERME','INSTRUMENTS DE MARCHES A TERME',5,0),(545,'AVOIRS D\'OR ET AUTRES METAUX PRECIEUX','AVOIRS D\'OR ET AUTRES METAUX PRECIEUX',5,0),(561,'CREDITS DE TRESORERIE','CREDITS DE TRESORERIE',5,0),(564,'ESCOMPTE DE CREDITS DE CAMPAGNE','ESCOMPTE DE CREDITS DE CAMPAGNE',5,0),(565,'ESCOMPTE DE CREDITS ORDINAIRES','ESCOMPTE DE CREDITS ORDINAIRES',5,0),(566,'BANQUES, CREDITS DE TRESORERIE, INTERETS COURUS','BANQUES, CREDITS DE TRESORERIE, INTERETS COURUS',5,0),(571,'CAISSE SIEGE SOCIAL','CAISSE SIEGE SOCIAL',5,0),(572,'CAISSE SUCCURSALE A','CAISSE SUCCURSALE A',5,0),(573,'CAISSE SUCCURSALE B','CAISSE SUCCURSALE B',5,0),(581,'REGIES D\'AVANCE','REGIES D\'AVANCE',5,0),(582,'ACCREDITIFS','ACCREDITIFS',5,0),(585,'VIREMENTS DE FONDS','VIREMENTS DE FONDS',5,0),(588,'AUTRES VIREMENTS INTERNES','AUTRES VIREMENTS INTERNES',5,0),(590,'DEPRECIATIONS DES TITRES DE PLACEMENT','DEPRECIATIONS DES TITRES DE PLACEMENT',5,0),(591,'DEPRECIATIONS DES TITRES ET VALEURS A ENCAISSER','DEPRECIATIONS DES TITRES ET VALEURS A ENCAISSER',5,0),(592,'DEPRECIATIONS DES COMPTES BANQUES','DEPRECIATIONS DES COMPTES BANQUES',5,0),(593,'DEPRECIATIONS DES COMPTES ETABLISSEMENTS FINANCIERS ET ASSIMILES','DEPRECIATIONS DES COMPTES ETABLISSEMENTS FINANCIERS ET ASSIMILES',5,0),(594,'DEPRECIATIONS DES COMPTES D\'INSTRUMENTS DE TRESORERIE','DEPRECIATIONS DES COMPTES D\'INSTRUMENTS DE TRESORERIE',5,0),(599,'RISQUES PROVISIONNES A CARACTERE FINANCIER','RISQUES PROVISIONNES A CARACTERE FINANCIER',5,0),(601,'ACHATS DE MARCHANDISES','ACHATS DE MARCHANDISES',6,0),(602,'ACHATS DE MATIERES PREMIERES ET FOURNITURES LIEES','ACHATS DE MATIERES PREMIERES ET FOURNITURES LIEES',6,0),(603,'VARIATIONS DES STOCKS DE BIENS ACHETES','VARIATIONS DES STOCKS DE BIENS ACHETES',6,0),(604,'ACHATS STOCKES DE MATIERES ET FOURNITURES CONSOMMABLES','ACHATS STOCKES DE MATIERES ET FOURNITURES CONSOMMABLES',6,0),(605,'AUTRES ACHATS','AUTRES ACHATS',6,0),(608,'ACHATS D\'EMBALLAGES','ACHATS D\'EMBALLAGES',6,0),(611,'TRANSPORTS SUR ACHAT','TRANSPORTS SUR ACHAT',6,0),(612,'TRANSPORTS SUR VENTES ','TRANSPORTS SUR VENTES ',6,0),(613,'TRANSPORTS POUR LE COMPTE DE TIERS','TRANSPORTS POUR LE COMPTE DE TIERS',6,0),(614,'TRANSPORTS DU PERSONNEL','TRANSPORTS DU PERSONNEL',6,0),(616,'TRANSPORTS DE PLIS','TRANSPORTS DE PLIS',6,0),(618,'AUTRES FRAIS DE TRANSPORT','AUTRES FRAIS DE TRANSPORT',6,0),(621,'SOUS-TRAITANCE GENERALE','SOUS-TRAITANCE GENERALE',6,0),(622,'LOCATIONS ET CHARGES LOCATIVES','LOCATIONS ET CHARGES LOCATIVES',6,0),(623,'REDEVANCES DE CREDIT-BAIL ET CONTRATS ASSIMILES','REDEVANCES DE CREDIT-BAIL ET CONTRATS ASSIMILES',6,0),(624,'ENTRETIEN, REPARATIONS ET MAINTENANCE','ENTRETIEN, REPARATIONS ET MAINTENANCE',6,0),(625,'PRIMES D\'ASSURANCE','PRIMES D\'ASSURANCE',6,0),(626,'ETUDES, RECHERCHES ET DOCUMENTATION','ETUDES, RECHERCHES ET DOCUMENTATION',6,0),(627,'PUBLICITE, PUBLICATIONS, RELATIONS PUBLIQUES','PUBLICITE, PUBLICATIONS, RELATIONS PUBLIQUES',6,0),(628,'FRAIS DE TELECOMMUNICATIONS','FRAIS DE TELECOMMUNICATIONS',6,0),(631,'FRAIS BANCAIRES','FRAIS BANCAIRES',6,0),(632,'REMUNERATIONS D\'INTERMEDIAIRES ET DE CONSEILS','REMUNERATIONS D\'INTERMEDIAIRES ET DE CONSEILS',6,0),(633,'FRAIS DE FORMATION DU PERSONNEL','FRAIS DE FORMATION DU PERSONNEL',6,0),(634,'REDEVANCES POUR BREVETS, LICENCES, LOGICIELS ET DROITS SIMILAIRES','REDEVANCES POUR BREVETS, LICENCES, LOGICIELS ET DROITS SIMILAIRES',6,0),(635,'COTISATIONS','COTISATIONS',6,0),(637,'REMUNERATIONS DE PERSONNEL EXTERIEUR A L\'ENTREPRISE','REMUNERATIONS DE PERSONNEL EXTERIEUR A L\'ENTREPRISE',6,0),(638,'AUTRES CHARGES EXTERNES','AUTRES CHARGES EXTERNES',6,0),(641,'IMPOTS ET TAXES DIRECTS','IMPOTS ET TAXES DIRECTS',6,0),(645,'IMPOTS ET TAXES INDIRECTS','IMPOTS ET TAXES INDIRECTS',6,0),(646,'DROITS D\'ENREGISTREMENT','DROITS D\'ENREGISTREMENT',6,0),(647,'PENALITES ET AMENDES FISCALES','PENALITES ET AMENDES FISCALES',6,0),(648,'AUTRES IMPOTS ET TAXES','AUTRES IMPOTS ET TAXES',6,0),(651,'PERTES SUR CREANCES CLIENTS ET AUTRES DEBITEURS','PERTES SUR CREANCES CLIENTS ET AUTRES DEBITEURS',6,0),(652,'QUOTE-PART DE RESULTAT SUR OPERATIONS FAITES EN COMMUN','QUOTE-PART DE RESULTAT SUR OPERATIONS FAITES EN COMMUN',6,0),(653,'QUOTE-PART DE RESULTAT ANNULEE SUR EXECUTION PARTIELLE DE CONTRATS PLURI-EXERCICES ','QUOTE-PART DE RESULTAT ANNULEE SUR EXECUTION PARTIELLE DE CONTRATS PLURI-EXERCICES ',6,0),(654,'VALEUR COMPTABLE DES CESSIONS COURANTES D\'IMMOBILISATIONS','VALEUR COMPTABLE DES CESSIONS COURANTES D\'IMMOBILISATIONS',6,0),(658,'CHARGES DIVERSES','CHARGES DIVERSES',6,0),(659,'CHARGES PROVISIONNEES D\'EXPLOITATION','CHARGES PROVISIONNEES D\'EXPLOITATION',6,0),(661,'REMUNERATIONS DIRECTES VERSEES AU PERSONNEL NATIONAL','REMUNERATIONS DIRECTES VERSEES AU PERSONNEL NATIONAL',6,0),(662,'REMUNERATIONS DIRECTES VERSEES AU PERSONNEL NON NATIONAL','REMUNERATIONS DIRECTES VERSEES AU PERSONNEL NON NATIONAL',6,0),(663,'INDEMNITES FORFAITAIRES VERSEES AU PERSONNEL','INDEMNITES FORFAITAIRES VERSEES AU PERSONNEL',6,0),(664,'CHARGES SOCIALES','CHARGES SOCIALES',6,0),(666,'REMUNERATION ET CHARGES SOCIALES DE L\'EXPLOITANT INDIVIDUEL','REMUNERATION ET CHARGES SOCIALES DE L\'EXPLOITANT INDIVIDUEL',6,0),(667,'REMUNERATION TRANSFEREE DE PERSONNEL EXTERIEUR','REMUNERATION TRANSFEREE DE PERSONNEL EXTERIEUR',6,0),(668,'AUTRES CHARGES SOCIALES','AUTRES CHARGES SOCIALES',6,0),(671,'INTERETS DES EMPRUNTS','INTERETS DES EMPRUNTS',6,0),(672,'INTERETS DANS LOYERS DE CREDIT-BAIL ET CONTRATS ASSIMILES','INTERETS DANS LOYERS DE CREDIT-BAIL ET CONTRATS ASSIMILES',6,0),(673,'ESCOMPTES ACCORDES','ESCOMPTES ACCORDES',6,0),(674,'AUTRES INTERETS','AUTRES INTERETS',6,0),(675,'ESCOMPTES DES EFFETS DE COMMERCE','ESCOMPTES DES EFFETS DE COMMERCE',6,0),(676,'PERTES DE CHANGE','PERTES DE CHANGE',6,0),(677,'PERTES SUR CESSIONS DE TITRES DE PLACEMENT','PERTES SUR CESSIONS DE TITRES DE PLACEMENT',6,0),(678,'PERTES SUR RISQUES FINANCIERS','PERTES SUR RISQUES FINANCIERS',6,0),(679,'CHARGES PROVISIONNEES FINANCIERES','CHARGES PROVISIONNEES FINANCIERES',6,0),(681,'DOTATIONS AUX AMORTISSEMENTS D\'EXPLOITATION','DOTATIONS AUX AMORTISSEMENTS D\'EXPLOITATION',6,0),(687,'DOTATIONS AUX AMORTISSEMENTS A CARACTERE FINANCIER','DOTATIONS AUX AMORTISSEMENTS A CARACTERE FINANCIER',6,0),(691,'DOTATIONS AUX PROVISIONS D\'EXPLOITATION','DOTATIONS AUX PROVISIONS D\'EXPLOITATION',6,0),(697,'DOTATIONS AUX PROVISIONS FINANCIERES','DOTATIONS AUX PROVISIONS FINANCIERES',6,0),(701,'VENTES DE MARCHANDISES','VENTES DE MARCHANDISES',7,0),(702,'VENTES DE PRODUITS FINIS','Vente produit restaurant',7,1),(703,'VENTES DE PRODUITS INTERMEDIAIRES','VENTES DE PRODUITS INTERMEDIAIRES',7,0),(704,'VENTES DE PRODUITS RESIDUELS ','VENTES DE PRODUITS RESIDUELS ',7,0),(705,'TRAVAUX FACTURES','TRAVAUX FACTURES',7,0),(706,'SERVICES VENDUS','SERVICES VENDUS',7,0),(707,'PRODUITS ACCESSOIRES','PRODUITS ACCESSOIRES',7,0),(711,'SUR PRODUITS A L\'EXPORTATION','SUR PRODUITS A L\'EXPORTATION',7,0),(712,'SUR PRODUITS A L\'IMPORTATION','SUR PRODUITS A L\'IMPORTATION',7,0),(713,'SUR PRODUITS DE PEREQUATION','SUR PRODUITS DE PEREQUATION',7,0),(718,'AUTRES SUBVENTIONS D\'EXPLOITATION','AUTRES SUBVENTIONS D\'EXPLOITATION',7,0),(721,'IMMOBILISATIONS INCORPORELLES','IMMOBILISATIONS INCORPORELLES',7,0),(722,'IMMOBILISATIONS CORPORELLES','IMMOBILISATIONS CORPORELLES',7,0),(726,'IMMOBILISATIONS FINANCIERES','IMMOBILISATIONS FINANCIERES',7,0),(734,'VARIATIONS DES STOCKS DE PRODUITS EN COURS','VARIATIONS DES STOCKS DE PRODUITS EN COURS',7,0),(735,'VARIATIONS DES EN-COURS DE SERVICES','VARIATIONS DES EN-COURS DE SERVICES',7,0),(736,'VARIATIONS DES STOCKS DE PRODUITS FINIS','VARIATIONS DES STOCKS DE PRODUITS FINIS',7,0),(737,'VARIATIONS DES STOCKS DE PRODUITS INTERMEDIAIRES ET RESIDUELS','VARIATIONS DES STOCKS DE PRODUITS INTERMEDIAIRES ET RESIDUELS',7,0),(752,'QUOTE-PART DE RESULTAT SUR OPERATIONS FAITES EN COMMUN','QUOTE-PART DE RESULTAT SUR OPERATIONS FAITES EN COMMUN',7,0),(753,'QUOTE-PART DE RESULTAT SUR EXECUTION PARTIELLE DE CONTRATS PLURI-EXERCICES','QUOTE-PART DE RESULTAT SUR EXECUTION PARTIELLE DE CONTRATS PLURI-EXERCICES',7,0),(754,'PRODUITS DES CESSIONS COURANTES D\'IMMOBILISATIONS','PRODUITS DES CESSIONS COURANTES D\'IMMOBILISATIONS',7,0),(758,'PRODUITS DIVERS','PRODUITS DIVERS',7,0),(759,'REPRISES DE CHARGES PROVISIONNEES D\'EXPLOITATION','REPRISES DE CHARGES PROVISIONNEES D\'EXPLOITATION',7,0),(771,'INTERETS DE PRETS','INTERETS DE PRETS',7,0),(772,'REVENUS DE PARTICIPATIONS ','REVENUS DE PARTICIPATIONS ',7,0),(773,'ESCOMPTES OBTENUS','ESCOMPTES OBTENUS',7,0),(774,'REVENUS DE TITRES DE PLACEMENT','REVENUS DE TITRES DE PLACEMENT',7,0),(776,'GAINS DE CHANGE','GAINS DE CHANGE',7,0),(777,'GAINS SUR CESSIONS DE TITRES DE PLACEMENT','GAINS SUR CESSIONS DE TITRES DE PLACEMENT',7,0),(778,'GAINS SUR RISQUES FINANCIERS','GAINS SUR RISQUES FINANCIERS',7,0),(779,'REPRISES DE CHARGES PROVISIONNEES FINANCIERES','REPRISES DE CHARGES PROVISIONNEES FINANCIERES',7,0),(781,'TRANSFERTS DE CHARGES D\'EXPLOITATION','TRANSFERTS DE CHARGES D\'EXPLOITATION',7,0),(787,'TRANSFERTS DE CHARGES FINANCIERES','TRANSFERTS DE CHARGES FINANCIERES',7,0),(791,'REPRISES DE PROVISIONS D\'EXPLOITATION','REPRISES DE PROVISIONS D\'EXPLOITATION',7,0),(797,'REPRISES DE PROVISIONS FINANCIERES','REPRISES DE PROVISIONS FINANCIERES',7,0),(798,'REPRISES D\'AMORTISSMENTS','REPRISES D\'AMORTISSMENTS',7,0),(811,'IMMOBILISATIONS INCORPORELLES','IMMOBILISATIONS INCORPORELLES',8,0),(812,'IMMOBILISATIONS CORPORELLES','IMMOBILISATIONS CORPORELLES',8,0),(816,'IMMOBILISATIONS FINANCIERES','IMMOBILISATIONS FINANCIERES',8,0),(821,'IMMOBILISATIONS INCORPORELLES','IMMOBILISATIONS INCORPORELLES',8,0),(822,'IMMOBILISATIONS CORPORELLES','IMMOBILISATIONS CORPORELLES',8,0),(826,'IMMOBILISATIONS FINANCIERES','IMMOBILISATIONS FINANCIERES',8,0),(831,'CHARGES H.A.O. CONSTATEES','CHARGES H.A.O. CONSTATEES',8,0),(834,'PERTES SUR CREANCES H.A.O.','PERTES SUR CREANCES H.A.O.',8,0),(835,'DONS ET LIBERALITES ACCORDES','DONS ET LIBERALITES ACCORDES',8,0),(836,'ABANDONS DE CREANCES CONSENTIS','ABANDONS DE CREANCES CONSENTIS',8,0),(839,'CHARGES PROVISIONNEES H.A.O.','CHARGES PROVISIONNEES H.A.O.',8,0),(841,'PRODUITS H.A.O. CONSTATES','PRODUITS H.A.O. CONSTATES',8,0),(845,'DONS ET LIBERALITES OBTENUS','DONS ET LIBERALITES OBTENUS',8,0),(846,'ABANDONS DE CREANCES OBTENUS','ABANDONS DE CREANCES OBTENUS',8,0),(848,'TRANSFERTS DE CHARGES H.A.O.','TRANSFERTS DE CHARGES H.A.O.',8,0),(849,'REPRISES DES CHARGES PROVISIONNEES H.A.O.','REPRISES DES CHARGES PROVISIONNEES H.A.O.',8,0),(851,'DOTATIONS AUX PROVISIONS REGLEMENTEES','DOTATIONS AUX PROVISIONS REGLEMENTEES',8,0),(852,'DOTATIONS AUX AMORTISSEMENTS H.A.O.','DOTATIONS AUX AMORTISSEMENTS H.A.O.',8,0),(853,'DOTATIONS AUX PROVISIONS POUR DEPRECIATION H.A.O.','DOTATIONS AUX PROVISIONS POUR DEPRECIATION H.A.O.',8,0),(854,'DOTATIONS AUX PROVISIONS POUR RISQUES ET CHARGES H.A.O.','DOTATIONS AUX PROVISIONS POUR RISQUES ET CHARGES H.A.O.',8,0),(858,'AUTRES DOTATIONS H.A.O.','AUTRES DOTATIONS H.A.O.',8,0),(861,'REPRISES DE PROVISIONS REGLEMENTEES','REPRISES DE PROVISIONS REGLEMENTEES',8,0),(862,'REPRISES D\'AMORTISSEMENTS','REPRISES D\'AMORTISSEMENTS',8,0),(863,'REPRISES DE PROVISIONS POUR DEPRECIATION H.A.O.','REPRISES DE PROVISIONS POUR DEPRECIATION H.A.O.',8,0),(864,'REPRISES DE PROVISIONS POUR RISQUES ET CHARGES H.A.O.','REPRISES DE PROVISIONS POUR RISQUES ET CHARGES H.A.O.',8,0),(865,'REPRISES DE SUBVENTIONS D\'INVESTISSEMENT','REPRISES DE SUBVENTIONS D\'INVESTISSEMENT',8,0),(868,'AUTRES REPRISES H.A.O.','AUTRES REPRISES H.A.O.',8,0),(871,'PARTICIPATION LEGALE AUX BENEFICES ','PARTICIPATION LEGALE AUX BENEFICES ',8,0),(874,'PARTICIPATION CONTRACTUELLE AUX BENEFICES','PARTICIPATION CONTRACTUELLE AUX BENEFICES',8,0),(878,'AUTRES PARTICIPATIONS','AUTRES PARTICIPATIONS',8,0),(881,'ETAT','ETAT',8,0),(884,'COLLECTIVITES PUBLIQUES','COLLECTIVITES PUBLIQUES',8,0),(886,'GROUPE','GROUPE',8,0),(888,'AUTRES','AUTRES',8,0),(891,'IMPOTS SUR LES BENEFICES DE L\'EXERCICE','IMPOTS SUR LES BENEFICES DE L\'EXERCICE',8,0),(892,'RAPPEL D\'IMPOTS SUR RESULTATS ANTERIEURS','RAPPEL D\'IMPOTS SUR RESULTATS ANTERIEURS',8,0),(895,'IMPOT MINIMUM FORFAITAIRE (I.M.F.)','IMPOT MINIMUM FORFAITAIRE (I.M.F.)',8,0),(899,'DEGREVEMENTS ET ANNULATIONS D\'IMPOTS SUR RESULTATS ANTERIEURS','DEGREVEMENTS ET ANNULATIONS D\'IMPOTS SUR RESULTATS ANTERIEURS',8,0),(901,'ENGAGEMENTS DE FINANCEMENT OBTENUS','ENGAGEMENTS DE FINANCEMENT OBTENUS',9,0),(902,'ENGAGEMENTS DE GARANTIE OBTENUS','ENGAGEMENTS DE GARANTIE OBTENUS',9,0),(903,'ENGAGEMENTS RECIPROQUES','ENGAGEMENTS RECIPROQUES',9,0),(904,'AUTRES ENGAGEMENTS OBTENUS','AUTRES ENGAGEMENTS OBTENUS',9,0),(905,'ENGAGEMENTS DE FINANCEMENT ACCORDES','ENGAGEMENTS DE FINANCEMENT ACCORDES',9,0),(906,'ENGAGEMENTS DE GARANTIE ACCORDES','ENGAGEMENTS DE GARANTIE ACCORDES',9,0),(907,'ENGAGEMENTS RECIPROQUES','ENGAGEMENTS RECIPROQUES',9,0),(908,'AUTRES ENGAGEMENTS ACCORDES','AUTRES ENGAGEMENTS ACCORDES',9,0),(1011,'Capital souscrit, non appelé','Capital souscrit, non appelé',1,0),(1012,'Capital souscrit, appelé, non versé','Capital souscrit, appelé, non versé',1,0),(1013,'Capital souscrit, appelé, versé, non amorti','Capital souscrit, appelé, versé, non amorti',1,0),(1014,'Capital souscrit, appelé, versé, amorti','Capital souscrit, appelé, versé, amorti',1,0),(1018,'Capital souscrit soumis à des conditions particulières','Capital souscrit soumis à des conditions particulières',1,0),(1021,'Dotation initiale','Dotation initiale',1,0),(1022,'Dotations complémentaires','Dotations complémentaires',1,0),(1028,'Autres dotations','Autres dotations',1,0),(1041,'Apports temporaires','Apports temporaires',1,0),(1042,'Opérations courantes','Opérations courantes',1,0),(1043,'Rémunérations, impôts et autres charges personnelles','Rémunérations, impôts et autres charges personnelles',1,0),(1047,'Prélèvements d\'autoconsommation','Prélèvements d\'autoconsommation',1,0),(1048,'Autres prélèvements','Autres prélèvements',1,0),(1051,'Primes d\'émission','Primes d\'émission',1,0),(1052,'Primes d\'apport','Primes d\'apport',1,0),(1053,'Primes de fusion','Primes de fusion',1,0),(1054,'Primes de conversion','Primes de conversion',1,0),(1058,'Autres primes','Autres primes',1,0),(1061,'Ecarts de réévaluation légale','Ecarts de réévaluation légale',1,0),(1062,'Ecarts de réévaluation libre','Ecarts de réévaluation libre',1,0),(1131,'Réserves de plus-values nettes à long terme','Réserves de plus-values nettes à long terme',1,0),(1133,'Réserves consécutives à l\'octroi de subventions d\'investissement','Réserves consécutives à l\'octroi de subventions d\'investissement',1,0),(1138,'Autres réserves réglementées','Autres réserves réglementées',1,0),(1181,'Réserves facultatives','Réserves facultatives',1,0),(1188,'Réserves diverses','Réserves diverses',1,0),(1291,'Perte nette à reporter','Perte nette à reporter',1,0),(1292,'Perte-Amortissements réputés différés','Perte-Amortissements réputés différés',1,0),(1301,'Résultat en instance d\'affectation : Bénéfice','Résultat en instance d\'affectation : Bénéfice',1,0),(1309,'Résultat en instance d\'affectation : Perte','Résultat en instance d\'affectation : Perte',1,0),(1321,'Marge brute sur marchandises','Marge brute sur marchandises',1,0),(1322,'Marge brute sur matières','Marge brute sur matières',1,0),(1411,'Etat','Etat',1,0),(1412,'Régions','Régions',1,0),(1413,'Départements','Départements',1,0),(1414,'Communes et collectivités publiques décentralisées','Communes et collectivités publiques décentralisées',1,0),(1415,'Entreprises publiques ou mixtes','Entreprises publiques ou mixtes',1,0),(1416,'Entreprises et organismes privés','Entreprises et organismes privés',1,0),(1417,'Organismes internationaux','Organismes internationaux',1,0),(1418,'Autres','Autres',1,0),(1531,'Fond National','Fond National',1,0),(1532,'Prélèvement pour le Budget','Prélèvement pour le Budget',1,0),(1551,'Reconstitution des gisements miniers et pétroliers','Reconstitution des gisements miniers et pétroliers',1,0),(1561,'Hausse de prix','Hausse de prix',1,0),(1562,'Fluctuation des cours','Fluctuation des cours',1,0),(1611,'Emprunts obligataires ordinaires','Emprunts obligataires ordinaires',1,0),(1612,'Emprunts obligatoires convertibles','Emprunts obligatoires convertibles',1,0),(1618,'Autres emprunts obligataires','Autres emprunts obligataires',1,0),(1651,'Dépôts','Dépôts',1,0),(1652,'Cautionnements','Cautionnements',1,0),(1661,'Intérêts courus sur emprunts obligataires','Intérêts courus sur emprunts obligataires',1,0),(1662,'Intérêts courus sur emprunts et dettes auprès des établissements de crédit','Intérêts courus sur emprunts et dettes auprès des établissements de crédit',1,0),(1663,'Intérêts courus sur avances reçues de l\'Etat','Intérêts courus sur avances reçues de l\'Etat',1,0),(1664,'Intérêts courus sur avances reçues et comptes courants bloqués','Intérêts courus sur avances reçues et comptes courants bloqués',1,0),(1665,'Intérêts courus sur dépôts et cautionnements recçus','Intérêts courus sur dépôts et cautionnements recçus',1,0),(1667,'Intérêts courus sur avances assorties de conditions particulières','Intérêts courus sur avances assorties de conditions particulières',1,0),(1668,'Intérêts courus sur autres emprunts et dettes','Intérêts courus sur autres emprunts et dettes',1,0),(1671,'Avances bloquées pour augmentation du capital','Avances bloquées pour augmentation du capital',1,0),(1672,'Avances conditionnées par l\'Etat','Avances conditionnées par l\'Etat',1,0),(1673,'Avances conditionnées par les autres organismes africains','Avances conditionnées par les autres organismes africains',1,0),(1674,'Avances conditionnées par les organismes internationaux','Avances conditionnées par les organismes internationaux',1,0),(1676,'Droits du concédant exigibles en nature','Droits du concédant exigibles en nature',1,0),(1681,'Rentes viagères capitalisées','Rentes viagères capitalisées',1,0),(1682,'Billets de fonds','Billets de fonds',1,0),(1683,'Dettes consécutives à des titres empruntés','Dettes consécutives à des titres empruntés',1,0),(1684,'Dettes du concédant exigibles en nature','Dettes du concédant exigibles en nature',1,0),(1685,'Emprunts participatifs','Emprunts participatifs',1,0),(1686,'Participation des travailleurs aux bénéfices','Participation des travailleurs aux bénéfices',1,0),(1762,'Intérêts courus sur emprunts équivalents de crédit - bail immobilier','Intérêts courus sur emprunts équivalents de crédit - bail immobilier',1,0),(1763,'Intérêts courus sur emprunts équivalents de crédit - bail mobilier','Intérêts courus sur emprunts équivalents de crédit - bail mobilier',1,0),(1768,'Intérêts courus sur emprunts équivalents d\'autres contrats','Intérêts courus sur emprunts équivalents d\'autres contrats',1,0),(1811,'Dettes liées à des participations (groupe)','Dettes liées à des participations (groupe)',1,0),(1812,'Dettes liées à des participations (hors groupe)','Dettes liées à des participations (hors groupe)',1,0),(1971,'Provisions pour grosses réparations','Provisions pour grosses réparations',1,0),(1981,'Provisions pour amendes et pénalités','Provisions pour amendes et pénalités',1,0),(1982,'Provisions pour renouvellement des immobilisations (entreprises concessionnaires)','Provisions pour renouvellement des immobilisations (entreprises concessionnaires)',1,0),(1983,'Provisions de propre assureur','Provisions de propre assureur',1,0),(1988,'Autres provisions financières pour risques et charges','Autres provisions financières pour risques et charges',1,0),(2011,'Frais de constitution','Frais de constitution',2,0),(2012,'Frais de prospection','Frais de prospection',2,0),(2013,'Frais de publicité et de lancement','Frais de publicité et de lancement',2,0),(2014,'Frais de fonctionnement antérieurs au démarrage','Frais de fonctionnement antérieurs au démarrage',2,0),(2015,'Frais de modification du capital (fusions, scissions, transformations)','Frais de modification du capital (fusions, scissions, transformations)',2,0),(2016,'Frais d\'entrée à la Bourse','Frais d\'entrée à la Bourse',2,0),(2017,'Frais de restructuration','Frais de restructuration',2,0),(2018,'Frais divers d\'établissement','Frais divers d\'établissement',2,0),(2021,'Charges différées','Charges différées',2,0),(2022,'Frais d\'acquisition d\'immobilisations','Frais d\'acquisition d\'immobilisations',2,0),(2026,'Frais d\'émission des emprunts','Frais d\'émission des emprunts',2,0),(2028,'Charges à étaler','Charges à étaler',2,0),(2061,'Obligations ordinaires','Obligations ordinaires',2,0),(2062,'Obligations convertibles','Obligations convertibles',2,0),(2068,'Autres emprunts obligataires','Autres emprunts obligataires',2,0),(2191,'Frais de recherche et de développement','Frais de recherche et de développement',2,0),(2193,'Logiciels','Logiciels',2,0),(2198,'Autres droits et valeurs incorporels','Autres droits et valeurs incorporels',2,0),(2211,'Terrains d\'exploitation agricole','Terrains d\'exploitation agricole',2,0),(2212,'Terrains d\'exploitation forestière','Terrains d\'exploitation forestière',2,0),(2218,'Autres terrains','Autres terrains',2,0),(2221,'Terrains à bâtir','Terrains à bâtir',2,0),(2228,'Autres terrains nus','Autres terrains nus',2,0),(2231,'pour bâtiments industriels et agricoles','pour bâtiments industriels et agricoles',2,0),(2232,'pour bâtiments administratifs et commerciaux','pour bâtiments administratifs et commerciaux',2,0),(2234,'pour bâtiments affectés aux autres opérations professionnelles','pour bâtiments affectés aux autres opérations professionnelles',2,0),(2235,'pour bâtiments affectés aux autres opérations non professionnelles','pour bâtiments affectés aux autres opérations non professionnelles',2,0),(2238,'Autres terrains bâtis','Autres terrains bâtis',2,0),(2241,'Plantation d\'arbres et d\'arbustes','Plantation d\'arbres et d\'arbustes',2,0),(2248,'Autres travaux','Autres travaux',2,0),(2251,'Carrières','Carrières',2,0),(2261,'Parkings','Parkings',2,0),(2281,'Terrains des immeubles de rapport','Terrains des immeubles de rapport',2,0),(2285,'Terrains des logements affectés au personnel','Terrains des logements affectés au personnel',2,0),(2288,'Autres terrains','Autres terrains',2,0),(2291,'Terrains agricoles et forestiers','Terrains agricoles et forestiers',2,0),(2292,'Terrains nus','Terrains nus',2,0),(2295,'Terrains de gisement','Terrains de gisement',2,0),(2298,'Autres terrains','Autres terrains',2,0),(2311,'Bâtimens industriels','Bâtimens industriels',2,0),(2312,'Bâtiments agricoles','Bâtiments agricoles',2,0),(2313,'Bâtiments administratifs et commerciaux','Bâtiments administratifs et commerciaux',2,0),(2314,'Bâtiments affectés au logement du personnel','Bâtiments affectés au logement du personnel',2,0),(2315,'Immeubles de rapport','Immeubles de rapport',2,0),(2321,'Bâtiments industriels','Bâtiments industriels',2,0),(2322,'Bâtiments agricoles','Bâtiments agricoles',2,0),(2323,'Bâtiments administratifs et commerciaux','Bâtiments administratifs et commerciaux',2,0),(2324,'Bâtiments affectés au logement du personnel','Bâtiments affectés au logement du personnel',2,0),(2325,'Immeubles de rapport','Immeubles de rapport',2,0),(2331,'Voies de terre','Voies de terre',2,0),(2332,'Voies de fer','Voies de fer',2,0),(2333,'Voies d\'eau','Voies d\'eau',2,0),(2334,'Barrages, Digues','Barrages, Digues',2,0),(2335,'Pistes d\'aérodrome','Pistes d\'aérodrome',2,0),(2338,'Autres','Autres',2,0),(2341,'Installations complexes spécialisées sur sol propre','Installations complexes spécialisées sur sol propre',2,0),(2342,'Installations complexes spécialisées sur sol d\'autrui','Installations complexes spécialisées sur sol d\'autrui',2,0),(2343,'Installations à caractère spécifique sur sol propre','Installations à caractère spécifique sur sol propre',2,0),(2344,'Installations à caractère spécifique sur sol d\'autrui','Installations à caractère spécifique sur sol d\'autrui',2,0),(2351,'Installations générales','Installations générales',2,0),(2358,'Autres','Autres',2,0),(2411,'Matériel industriel','Matériel industriel',2,0),(2412,'Outillage industriel','Outillage industriel',2,0),(2413,'Matériel commercial','Matériel commercial',2,0),(2414,'Outillage commercial','Outillage commercial',2,0),(2421,'Matériel agricole','Matériel agricole',2,0),(2422,'Outillage agricole','Outillage agricole',2,0),(2441,'Matériel de bureau','Matériel de bureau',2,0),(2442,'Matériel informatique','Matériel informatique',2,0),(2443,'Matériel bureautique','Matériel bureautique',2,0),(2444,'Mobilier de bureau','Mobilier de bureau',2,0),(2446,'Matériel et mobilier des immeubles de rapport','Matériel et mobilier des immeubles de rapport',2,0),(2447,'Matériel et mobilier des logements du personnel','Matériel et mobilier des logements du personnel',2,0),(2451,'Matériel automobile','Matériel automobile',2,0),(2452,'Matériel ferroviaire','Matériel ferroviaire',2,0),(2453,'Matériel fluvial, lagunaire','Matériel fluvial, lagunaire',2,0),(2454,'Matériel naval','Matériel naval',2,0),(2455,'Matériel aérien','Matériel aérien',2,0),(2456,'Matériel hippomobile','Matériel hippomobile',2,0),(2458,'Autres (vélo, mobylette, moto)','Autres (vélo, mobylette, moto)',2,0),(2461,'Cheptel, animaux de trait','Cheptel, animaux de trait',2,0),(2462,'Cheptel, animaux reproducteurs','Cheptel, animaux reproducteurs',2,0),(2463,'Animaux de garde','Animaux de garde',2,0),(2465,'Plantations agricoles','Plantations agricoles',2,0),(2468,'Autres','Autres',2,0),(2481,'Collections et oeuvres d\'art','Collections et oeuvres d\'art',2,0),(2491,'Matériel et outillage industriel et commercial','Matériel et outillage industriel et commercial',2,0),(2492,'Matériel et outillage agricole','Matériel et outillage agricole',2,0),(2493,'Matériel d\'emballage récupérable et identifiable','Matériel d\'emballage récupérable et identifiable',2,0),(2494,'Matériel de transport','Matériel de transport',2,0),(2496,'Immobilisations animales et agricoles','Immobilisations animales et agricoles',2,0),(2497,'Agencements et aménagements du matériel','Agencements et aménagements du matériel',2,0),(2498,'Autres matériels','Autres matériels',2,0),(2711,'Prêts participatifs','Prêts participatifs',2,0),(2712,'Prêts aux associés','Prêts aux associés',2,0),(2713,'Billets de fonds','Billets de fonds',2,0),(2714,'Titres prêtés','Titres prêtés',2,0),(2721,'Prêts immobiliers','Prêts immobiliers',2,0),(2722,'Prêts mobiliers et d\'installation','Prêts mobiliers et d\'installation',2,0),(2728,'Autres prêts (frais d\'études...)','Autres prêts (frais d\'études...)',2,0),(2731,'Retenues de garantie','Retenues de garantie',2,0),(2733,'Fonds réglementé','Fonds réglementé',2,0),(2738,'Autres','Autres',2,0),(2741,'Titres immobilisés de l\'activité de portefeuille (T.I.A.P.)','Titres immobilisés de l\'activité de portefeuille (T.I.A.P.)',2,0),(2742,'Titres participatifs','Titres participatifs',2,0),(2743,'Certificats d\'investissement','Certificats d\'investissement',2,0),(2744,'Parts de fonds commun de placement (F.C.P.)','Parts de fonds commun de placement (F.C.P.)',2,0),(2748,'Autres titres immobilisés','Autres titres immobilisés',2,0),(2751,'Dépôts pour loyers d\'avance','Dépôts pour loyers d\'avance',2,0),(2752,'Dépôts pour l\'électricité','Dépôts pour l\'électricité',2,0),(2753,'Dépôts pour l\'eau','Dépôts pour l\'eau',2,0),(2754,'Dépôts pour le gaz','Dépôts pour le gaz',2,0),(2755,'Dépôts pour le téléphone, le télex, la télécopie','Dépôts pour le téléphone, le télex, la télécopie',2,0),(2756,'Cautionnements sur marchés publics','Cautionnements sur marchés publics',2,0),(2757,'Cautionnements sur autres opérations','Cautionnements sur autres opérations',2,0),(2758,'Autres dépôts et cautionnements','Autres dépôts et cautionnements',2,0),(2761,'Prêts et créances non commerciales','Prêts et créances non commerciales',2,0),(2762,'Prêts au personnel','Prêts au personnel',2,0),(2763,'Créances sur l\'Etat','Créances sur l\'Etat',2,0),(2764,'Titres immobilisés','Titres immobilisés',2,0),(2765,'Dépôts et cautionnements versés','Dépôts et cautionnements versés',2,0),(2767,'Créances rattachées à des participations','Créances rattachées à des participations',2,0),(2768,'Immobilisations financières diverses','Immobilisations financières diverses',2,0),(2771,'Créances rattachées à des participations (groupe)','Créances rattachées à des participations (groupe)',2,0),(2772,'Créances rattachées à des participtations (hors groupe)','Créances rattachées à des participtations (hors groupe)',2,0),(2773,'Créances rattachées à des sociétés en participation','Créances rattachées à des sociétés en participation',2,0),(2774,'Avances à des Groupements d\'intérêt économique (G.I.E.)','Avances à des Groupements d\'intérêt économique (G.I.E.)',2,0),(2781,'Créances diverses groupe','Créances diverses groupe',2,0),(2782,'Créances divers hors groupe','Créances divers hors groupe',2,0),(2785,'Or et métaux précieux','Or et métaux précieux',2,0),(2811,'Amortissements des frais de recherche et de développement','Amortissements des frais de recherche et de développement',2,0),(2812,'Amortissements des brevets, licences, concessions et droits similaires','Amortissements des brevets, licences, concessions et droits similaires',2,0),(2813,'Amortissements des logiciels','Amortissements des logiciels',2,0),(2814,'Amortissements des marques','Amortissements des marques',2,0),(2815,'Amortissements du fonds commercial','Amortissements du fonds commercial',2,0),(2816,'Amortissements du droit au bail','Amortissements du droit au bail',2,0),(2817,'Amortissements des investissements de création','Amortissements des investissements de création',2,0),(2818,'Amortissements des autres droits et valeurs incorporels','Amortissements des autres droits et valeurs incorporels',2,0),(2821,'Amortissements des terrains agricoles et forestiers','Amortissements des terrains agricoles et forestiers',2,0),(2824,'Amortissements des travaux de mise en valeur des terrains','Amortissements des travaux de mise en valeur des terrains',2,0),(2825,'Amortissements des terrains de gisement','Amortissements des terrains de gisement',2,0),(2831,'Amortissements des bâtiments industriels, agricoles, administratifs et commerciaux sur sol propre','Amortissements des bâtiments industriels, agricoles, administratifs et commerciaux sur sol propre',2,0),(2832,'Amortissements des bâtiments industriels, agricoles, administratifs et commerciaux sur sol d\'autrui','Amortissements des bâtiments industriels, agricoles, administratifs et commerciaux sur sol d\'autrui',2,0),(2833,'Amortissements des ouvrages d\'infrastructure','Amortissements des ouvrages d\'infrastructure',2,0),(2834,'Amortissements des installations techniques','Amortissements des installations techniques',2,0),(2835,'Amortissements des aménagements de bureaux','Amortissements des aménagements de bureaux',2,0),(2837,'Amortissements des bâtiments industriels, agricoles et commerciaux mis en concession','Amortissements des bâtiments industriels, agricoles et commerciaux mis en concession',2,0),(2838,'Amortissements des autres installations et agencements','Amortissements des autres installations et agencements',2,0),(2841,'Amortissements du matériel et outillage industriel et commercial','Amortissements du matériel et outillage industriel et commercial',2,0),(2842,'Amortissements du matériel et outillage agricole','Amortissements du matériel et outillage agricole',2,0),(2843,'Amortissements du matériel d\'emballage récupérable et identifiable','Amortissements du matériel d\'emballage récupérable et identifiable',2,0),(2844,'Amortissements du matériel et mobilier','Amortissements du matériel et mobilier',2,0),(2845,'Amortissements du matériel de transport','Amortissements du matériel de transport',2,0),(2846,'Amortissements des immobilisations animales et agricoles','Amortissements des immobilisations animales et agricoles',2,0),(2847,'Amortissements des agencements et aménagements du matériel','Amortissements des agencements et aménagements du matériel',2,0),(2848,'Amortissements des autres matériels','Amortissements des autres matériels',2,0),(2912,'Provisions pour dépréciation des brevets, licences, concessions et droits similaires ','Provisions pour dépréciation des brevets, licences, concessions et droits similaires ',2,0),(2913,'Provisions pour dépréciation des logiciels','Provisions pour dépréciation des logiciels',2,0),(2914,'Provisions pour dépréciation des marques ','Provisions pour dépréciation des marques ',2,0),(2915,'Provisions pour dépréciation du fonds commercial','Provisions pour dépréciation du fonds commercial',2,0),(2916,'Provisions pour dépréciation du droit au bail','Provisions pour dépréciation du droit au bail',2,0),(2917,'Provisions pour dépréciation des investissements de création','Provisions pour dépréciation des investissements de création',2,0),(2918,'Provisions pour dépréciation des autres droits et valeurs incorporels','Provisions pour dépréciation des autres droits et valeurs incorporels',2,0),(2919,'Provisions pour dépréciation des immobilisations incorporelles en cours','Provisions pour dépréciation des immobilisations incorporelles en cours',2,0),(2921,'Provisions pour dépréciation des terrains agricoles et forestiers','Provisions pour dépréciation des terrains agricoles et forestiers',2,0),(2922,'Provisions pour dépréciation des terrains nus','Provisions pour dépréciation des terrains nus',2,0),(2923,'Provisions pour dépréciation des terrains bâtis','Provisions pour dépréciation des terrains bâtis',2,0),(2924,'Provisions pour dépréciation des travaux de mise en valeur des terrains','Provisions pour dépréciation des travaux de mise en valeur des terrains',2,0),(2925,'Provisions pour dépréciation des terrains de gisement','Provisions pour dépréciation des terrains de gisement',2,0),(2926,'Provisions pour dépréciation des terrains aménagés','Provisions pour dépréciation des terrains aménagés',2,0),(2927,'Provisions pour dépréciation des terrains mis en concession','Provisions pour dépréciation des terrains mis en concession',2,0),(2928,'Provisions pour dépréciation des autres terrains','Provisions pour dépréciation des autres terrains',2,0),(2929,'Provisions pour dépréciation des aménagements de terrains en cours','Provisions pour dépréciation des aménagements de terrains en cours',2,0),(2931,'Provisions pour dépréciation des bâtiments industriels, agricoles, administratifs et commerciaux sur sol propre','Provisions pour dépréciation des bâtiments industriels, agricoles, administratifs et commerciaux sur sol propre',2,0),(2932,'Provisions pour dépréciation des bâtiments industriels, agricoles, administratifs et commerciaux sur sol d\'autrui','Provisions pour dépréciation des bâtiments industriels, agricoles, administratifs et commerciaux sur sol d\'autrui',2,0),(2933,'Provisions pour dépréciation des ouvrages d\'infrastructures','Provisions pour dépréciation des ouvrages d\'infrastructures',2,0),(2934,'Provisions pour dépréciation des installations techniques','Provisions pour dépréciation des installations techniques',2,0),(2935,'Provisions pour dépréciation des aménagements de bureaux','Provisions pour dépréciation des aménagements de bureaux',2,0),(2937,'Provisions pour dépréciation des bâtiments industriels, agricoles et commerciaux mis en concession','Provisions pour dépréciation des bâtiments industriels, agricoles et commerciaux mis en concession',2,0),(2938,'Provisions pour dépréciation des autres installations et agencements','Provisions pour dépréciation des autres installations et agencements',2,0),(2939,'Provisions pour dépréciation des bâtiments et installations en cours','Provisions pour dépréciation des bâtiments et installations en cours',2,0),(2941,'Provisions pour dépréciation du matériel et outillage industriel et commercial','Provisions pour dépréciation du matériel et outillage industriel et commercial',2,0),(2942,'Provisions pour dépréciation du matériel et outillage agricole','Provisions pour dépréciation du matériel et outillage agricole',2,0),(2943,'Provisions pour dépréciation du matériel d\'emballage récupérable et identifiable','Provisions pour dépréciation du matériel d\'emballage récupérable et identifiable',2,0),(2944,'Provisions pour dépréciation du matériel et mobilier','Provisions pour dépréciation du matériel et mobilier',2,0),(2945,'Provisions pour dépréciation du matériel de transport','Provisions pour dépréciation du matériel de transport',2,0),(2946,'Provisions pour dépréciation des immobilisations animales et agricoles','Provisions pour dépréciation des immobilisations animales et agricoles',2,0),(2947,'Provisions pour dépréciation des agencements et aménagements du matériel','Provisions pour dépréciation des agencements et aménagements du matériel',2,0),(2948,'Provisions pour dépréciation des autres matériels','Provisions pour dépréciation des autres matériels',2,0),(2949,'Provisions pour dépréciation de matériel en cours','Provisions pour dépréciation de matériel en cours',2,0),(2951,'Provisions pour dépréciation des avances et acomptes versés sur immobilisations corporelles','Provisions pour dépréciation des avances et acomptes versés sur immobilisations corporelles',2,0),(2952,'Provisions pour dépréciation des avances et acomptes versés sur immobilisations corporelles','Provisions pour dépréciation des avances et acomptes versés sur immobilisations corporelles',2,0),(2961,'Provisions pour dépréciation des titres de participation dans les sociétés sous contrôle exclusif','Provisions pour dépréciation des titres de participation dans les sociétés sous contrôle exclusif',2,0),(2962,'Provisions pour dépréciation des titres de participation dans les sociétés sous contrôle conjoint','Provisions pour dépréciation des titres de participation dans les sociétés sous contrôle conjoint',2,0),(2963,'Provisions pour dépréciation des titres de participation dans les sociétés conférant une influence notable','Provisions pour dépréciation des titres de participation dans les sociétés conférant une influence notable',2,0),(2965,'Provisions pour dépréciation des participations dans les organismes professionnels','Provisions pour dépréciation des participations dans les organismes professionnels',2,0),(2966,'Provisions pour dépréciation des parts dans des GIE','Provisions pour dépréciation des parts dans des GIE',2,0),(2968,'Provisions pour dépréciation des autres titres de participation','Provisions pour dépréciation des autres titres de participation',2,0),(2971,'Provisions pour dépréciation des prêts et créances non commerciales','Provisions pour dépréciation des prêts et créances non commerciales',2,0),(2972,'Provisions pour dépréciation des prêts au personnel','Provisions pour dépréciation des prêts au personnel',2,0),(2973,'Provisions pour dépréciation des créances sur l\'Etat','Provisions pour dépréciation des créances sur l\'Etat',2,0),(2974,'Provisions pour dépréciation des titres immobilisés','Provisions pour dépréciation des titres immobilisés',2,0),(2975,'Provisions pour dépréciation des dépôts et cautionnements versés','Provisions pour dépréciation des dépôts et cautionnements versés',2,0),(2977,'Provisions pour dépréciation des créances rattachées à des participations et avances à des GIE ','Provisions pour dépréciation des créances rattachées à des participations et avances à des GIE ',2,0),(2978,'Provisions pour dépréciation des créances financières diverses','Provisions pour dépréciation des créances financières diverses',2,0),(3111,'Marchandises A1','Marchandises A1',3,0),(3112,'Marchandises A2','Marchandises A2',3,0),(3121,'Marchandises B1','Marchandises B1',3,0),(3122,'Marchandises B2','Marchandises B2',3,0),(3351,'Emballages perdus','Emballages perdus',3,0),(3352,'Emballages récupérables non identifiables','Emballages récupérables non identifiables',3,0),(3353,'Emballages à usage mixte','Emballages à usage mixte',3,0),(3358,'Autres emballages','Autres emballages',3,0),(3411,'Produits en cours P1','Produits en cours P1',3,0),(3412,'Produits en cours P2','Produits en cours P2',3,0),(3421,'Travaux en cours T1','Travaux en cours T1',3,0),(3422,'Travaux en cours T2','Travaux en cours T2',3,0),(3431,'Produits intermédiaires A','Produits intermédiaires A',3,0),(3432,'Produits intermédiaires B','Produits intermédiaires B',3,0),(3441,'Produits résiduels A','Produits résiduels A',3,0),(3442,'Produits résiduels B','Produits résiduels B',3,0),(3511,'Etudes en cours E1','Etudes en cours E1',3,0),(3512,'Etudes en cours E2','Etudes en cours E2',3,0),(3711,'Produits intermédiaires A','Produits intermédiaires A',3,0),(3712,'Produits intermédiaires B','Produits intermédiaires B',3,0),(3721,'Déchets ','Déchets ',3,0),(3722,'Rebuts','Rebuts',3,0),(3723,'Matières et Récupération','Matières et Récupération',3,0),(3871,'Stock en consignation ','Stock en consignation ',3,0),(3872,'Stock en dépôt','Stock en dépôt',3,0),(4011,'Fournisseurs','Fournisseurs',4,0),(4012,'Fournisseurs Groupe','Fournisseurs Groupe',4,0),(4013,'Fournisseurs sou-traitants','Fournisseurs sou-traitants',4,0),(4017,'Fournisseur, retenues de garantie','Fournisseur, retenues de garantie',4,0),(4021,'Fournisseurs, Effets à payer','Fournisseurs, Effets à payer',4,0),(4022,'Fournisseurs - Groupe, Effets à payer','Fournisseurs - Groupe, Effets à payer',4,0),(4023,'Fournisseurs sous-traitants, Effets à payer','Fournisseurs sous-traitants, Effets à payer',4,0),(4081,'Fournisseurs','Fournisseurs',4,0),(4082,'Fournisseurs - Groupe','Fournisseurs - Groupe',4,0),(4083,'Fournisseurs sous-traitants','Fournisseurs sous-traitants',4,0),(4086,'Fournisseurs, intérêts courus','Fournisseurs, intérêts courus',4,0),(4091,'Fournisseurs avances et acomptes versés','Fournisseurs avances et acomptes versés',4,0),(4092,'Fournisseurs - Groupe avances et acomptes versés','Fournisseurs - Groupe avances et acomptes versés',4,0),(4093,'Fournisseurs sous-traitants avances et acomptes versés','Fournisseurs sous-traitants avances et acomptes versés',4,0),(4094,'Fournisseurs créances pour emballages et matériels à rendre','Fournisseurs créances pour emballages et matériels à rendre',4,0),(4098,'Rabais, Remises, Ristournes et autres avoirs à obtenir','Rabais, Remises, Ristournes et autres avoirs à obtenir',4,0),(4111,'Clients','Clients',4,1),(4112,'Clients - Groupe','Clients - Groupe',4,0),(4114,'Clients, Etat et Collectivités publiques ','Clients, Etat et Collectivités publiques ',4,0),(4115,'Clients, organismes internationaux','Clients, organismes internationaux',4,0),(4117,'Clients, retenues de garantie','Clients, retenues de garantie',4,0),(4118,'Clients, dégrèvement de Taxes sur la Valeur Ajoutée (T.V.A.)','Clients, dégrèvement de Taxes sur la Valeur Ajoutée (T.V.A.)',4,0),(4121,'Clients, Effets à recevoir','Clients, Effets à recevoir',4,0),(4122,'Clients - Groupe, Effets à recevoir','Clients - Groupe, Effets à recevoir',4,0),(4124,'Etat et Collectivités publiques, Effets à recevoir','Etat et Collectivités publiques, Effets à recevoir',4,0),(4125,'Organismes Internationaux, Effets à recevoir','Organismes Internationaux, Effets à recevoir',4,0),(4141,'Créances en compte','Créances en compte',4,0),(4142,'Effets à recevoir','Effets à recevoir',4,0),(4161,'Créances litigieuses','Créances litigieuses',4,0),(4162,'Créances douteuses','Créances douteuses',4,0),(4181,'Clients, factures à établir','Clients, factures à établir',4,0),(4186,'Clients, intérêts courus','Clients, intérêts courus',4,0),(4191,'Clients, avances et acomptes reçus','Clients, avances et acomptes reçus',4,0),(4192,'Clients - Groupe, avances et acomptes reçus','Clients - Groupe, avances et acomptes reçus',4,0),(4194,'Clients, dettes pour emballages et matériels consignés','Clients, dettes pour emballages et matériels consignés',4,0),(4198,'Rabais, Remises, Ristournes et autres avoirs à accorder','Rabais, Remises, Ristournes et autres avoirs à accorder',4,0),(4211,'Personnel, avances','Personnel, avances',4,0),(4212,'Personnel, acomptes','Personnel, acomptes',4,0),(4213,'Frais avancés et fournitures au personnel','Frais avancés et fournitures au personnel',4,0),(4231,'Personnel, oppositions','Personnel, oppositions',4,0),(4232,'Personnel, saisies-arrêts','Personnel, saisies-arrêts',4,0),(4233,'Personnel, avis à tiers détenteur','Personnel, avis à tiers détenteur',4,0),(4241,'Assistance médicale','Assistance médicale',4,0),(4242,'Allocations familiales','Allocations familiales',4,0),(4245,'Organismes sociaux rattachés à l\'entreprise','Organismes sociaux rattachés à l\'entreprise',4,0),(4248,'Autres oeuvres sociales internes','Autres oeuvres sociales internes',4,0),(4251,'Délégués du personnel','Délégués du personnel',4,0),(4252,'Syndicats et Comités d\'entreprises, d\'Etablissement','Syndicats et Comités d\'entreprises, d\'Etablissement',4,0),(4258,'Autres représentants du personnel','Autres représentants du personnel',4,0),(4281,'Dettes provisionnées pour congés à payer','Dettes provisionnées pour congés à payer',4,0),(4286,'Autres Charges à payer','Autres Charges à payer',4,0),(4287,'Produits à recevoir','Produits à recevoir',4,0),(4311,'Prestations familiales','Prestations familiales',4,0),(4312,'Accidents de travail','Accidents de travail',4,0),(4313,'Caisse de retraite obligatoire','Caisse de retraite obligatoire',4,0),(4314,'Caisse de retraite facultative','Caisse de retraite facultative',4,0),(4318,'Autres cotisations sociales','Autres cotisations sociales',4,0),(4331,'Mutuelle','Mutuelle',4,0),(4381,'Charges sociales sur gratifications à payer','Charges sociales sur gratifications à payer',4,0),(4382,'Charges sociales sur congés à payer','Charges sociales sur congés à payer',4,0),(4386,'Autres charges à payer','Autres charges à payer',4,0),(4387,'Produits à recevoir','Produits à recevoir',4,0),(4421,'Impôts et taxes d\'Etat','Impôts et taxes d\'Etat',4,0),(4422,'Impôts et taxes pour les collectivités publiques','Taxe touristique',4,1),(4423,'Impôts et taxes recouvrables sur des obligataires','Impôts et taxes recouvrables sur des obligataires',4,0),(4424,'Impôts et taxes recouvrables sur des associés','Impôts et taxes recouvrables sur des associés',4,0),(4426,'Droits de douane','Droits de douane',4,0),(4428,'Autres impôts et taxes','Autres impôts et taxes',4,0),(4431,'T.V.A. facturée sur ventes','T.V.A. facturée sur ventes',4,0),(4432,'T.V.A. facturée sur prestations de services','Taxe collectée',4,1),(4433,'T.V.A. facturée sur travaux','T.V.A. facturée sur travaux',4,0),(4434,'T.V.A. facturée sur prodution livrée à soi-même','T.V.A. facturée sur prodution livrée à soi-même',4,0),(4435,'T.V.A. sur factures à établir','T.V.A. sur factures à établir',4,0),(4441,'Etat, T.V.A. due','Taxe déductible',4,1),(4449,'Etat, crédit de T.V.A. à reporter','Etat, crédit de T.V.A. à reporter',4,0),(4451,'T.V.A. récupérable sur immobilisations','T.V.A. récupérable sur immobilisations',4,0),(4452,'T.V.A. récupérable sur achats','T.V.A. récupérable sur achats',4,0),(4453,'T.V.A. récupérable sur transport','T.V.A. récupérable sur transport',4,0),(4454,'T.V.A. récupérable sur services extérieurs et autres charges','T.V.A. récupérable sur services extérieurs et autres charges',4,0),(4455,'T.V.A. récupérable sur factures non parvenues','T.V.A. récupérable sur factures non parvenues',4,0),(4456,'T.V.A. transférée par d\'autres entreprises','T.V.A. transférée par d\'autres entreprises',4,0),(4471,'Impôt Général sur le revenu','Impôt Général sur le revenu',4,0),(4472,'Impôts sur salaires','Impôts sur salaires',4,0),(4473,'Contribution nationale','Contribution nationale',4,0),(4474,'Contribution nationale de solidarité','Contribution nationale de solidarité',4,0),(4478,'Autres impôts et contributions','Autres impôts et contributions',4,0),(4486,'Charges à payer','Charges à payer',4,0),(4487,'Produits à recevoir','Produits à recevoir',4,0),(4491,'Etat, obligations cautionnées','Etat, obligations cautionnées',4,0),(4492,'Etat, avances et acomptes versés sur impôts','Etat, avances et acomptes versés sur impôts',4,0),(4493,'Etat, fonds de dotation à recevoir','Etat, fonds de dotation à recevoir',4,0),(4494,'Etat, subventions d\'équipement à recevoir','Etat, subventions d\'équipement à recevoir',4,0),(4495,'Etat, subventions d\'exploitation à recevoir','Etat, subventions d\'exploitation à recevoir',4,0),(4496,'Etat, subventions d\'équilibre à recevoir','Etat, subventions d\'équilibre à recevoir',4,0),(4499,'Etat, fonds réglementé provisionné','Etat, fonds réglementé provisionné',4,0),(4581,'Organismes internationaux, fonds de dotation à recevoir','Organismes internationaux, fonds de dotation à recevoir',4,0),(4582,'Organismes internationaux, subventions à recevoir','Organismes internationaux, subventions à recevoir',4,0),(4611,'Associés apports en nature','Associés apports en nature',4,0),(4612,'Associés apports en numéraire','Associés apports en numéraire',4,0),(4613,'Actionnaires, capital souscrit appelé non versé','Actionnaires, capital souscrit appelé non versé',4,0),(4614,'Associés, capital appelé non versé','Associés, capital appelé non versé',4,0),(4615,'Associés, versements reçus sur augmentation de capital','Associés, versements reçus sur augmentation de capital',4,0),(4616,'Associés, versements anticipés','Associés, versements anticipés',4,0),(4617,'Actionnaires défaillants','Actionnaires défaillants',4,0),(4618,'Associés, autres apports','Associés, autres apports',4,0),(4619,'Associés, capital à rembourser','Associés, capital à rembourser',4,0),(4621,'Principal','Principal',4,0),(4626,'Intérêts courus','Intérêts courus',4,0),(4711,'Débiteurs divers','Débiteurs divers',4,0),(4712,'Créditeurs divers','Créditeurs divers',4,0),(4726,'Titres de participation','Titres de participation',4,0),(4727,'Titres immobilisés','Titres immobilisés',4,0),(4728,'Titres de placement','Titres de placement',4,0),(4746,'Charges','Charges',4,0),(4747,'Produits','Produits',4,0),(4781,'Diminution des créances','Diminution des créances',4,0),(4782,'Augmentation des dettes','Augmentation des dettes',4,0),(4788,'Différences compensées par couverture de charge','Différences compensées par couverture de charge',4,0),(4791,'Augmentation des créances','Augmentation des créances',4,0),(4792,'Diminution des dettes','Diminution des dettes',4,0),(4798,'Différences compensées par couverture de change','Différences compensées par couverture de change',4,0),(4811,'Immobilisations incorporelles','Immobilisations incorporelles',4,0),(4812,'Immobilisations corporelles','Immobilisations corporelles',4,0),(4817,'Retenues de garantie','Retenues de garantie',4,0),(4818,'Factures non parvenues','Factures non parvenues',4,0),(4851,'En compte','En compte',4,0),(4852,'Effets à recevoir','Effets à recevoir',4,0),(4857,'Retenues de garantie','Retenues de garantie',4,0),(4858,'Factures à établir','Factures à établir',4,0),(4911,'Créances litigieuses','Créances litigieuses',4,0),(4912,'Créances douteuses','Créances douteuses',4,0),(4962,'Associés, comptes courants','Associés, comptes courants',4,0),(4963,'Associés, opérations faites en commun','Associés, opérations faites en commun',4,0),(4966,'Groupe, comptes courants','Groupe, comptes courants',4,0),(4981,'Créances sur cessions d\'immobilisations','Créances sur cessions d\'immobilisations',4,0),(4982,'Créances sur cessions de titres de placement','Créances sur cessions de titres de placement',4,0),(4983,'Autres créances H.A.O.','Autres créances H.A.O.',4,0),(4991,'Sur opérations d\'exploitation','Sur opérations d\'exploitation',4,0),(4998,'Sur opérations H.A.O.','Sur opérations H.A.O.',4,0),(5011,'Titres du Trésor à court terme','Titres du Trésor à court terme',5,0),(5012,'Titres d\'organismes financiers','Titres d\'organismes financiers',5,0),(5013,'Bons de caisse à court terme','Bons de caisse à court terme',5,0),(5021,'Actions propres ','Actions propres ',5,0),(5022,'Actions cotées','Actions cotées',5,0),(5023,'Actions non cotées','Actions non cotées',5,0),(5024,'Actions démembrées (certificats d\'investissement; droits de vote)','Actions démembrées (certificats d\'investissement; droits de vote)',5,0),(5025,'Autres titres conférant un droit de propriété','Autres titres conférant un droit de propriété',5,0),(5031,'Obligations émises par la société et rachetées par elle','Obligations émises par la société et rachetées par elle',5,0),(5032,'Obligations cotées','Obligations cotées',5,0),(5033,'Obligations non cotées','Obligations non cotées',5,0),(5035,'Autres titres conférant un droit de créance','Autres titres conférant un droit de créance',5,0),(5042,'Bons de souscription d\'actions','Bons de souscription d\'actions',5,0),(5043,'Bons de souscription d\'obligations','Bons de souscription d\'obligations',5,0),(5061,'Titres du Trésor et bons de caisse à court terme','Titres du Trésor et bons de caisse à court terme',5,0),(5062,'Actions','Actions',5,0),(5063,'Obligations','Obligations',5,0),(5181,'Warents','Warents',5,0),(5182,'Billets de fonds','Billets de fonds',5,0),(5185,'Chèques de voyage','Chèques de voyage',5,0),(5186,'Coupons échus','Coupons échus',5,0),(5187,'Intérêts échus des obligations','Intérêts échus des obligations',5,0),(5211,'Banque X','Banque X',5,0),(5212,'Banque Y','Banque Y',5,0),(5711,'en unités monétaires légales','en unités monétaires légales',5,0),(5712,'en devises','en devises',5,0),(5721,'en unités monétaires légales','en unités monétaires légales',5,0),(5722,'en devises','en devises',5,0),(5731,'en unités monétaires légales','en unités monétaires légales',5,0),(5732,'en devises','en devises',5,0),(6011,'dans la Région','dans la Région',6,0),(6012,'hors Région','hors Région',6,0),(6013,'aux entreprises du groupe dans la Région','aux entreprises du groupe dans la Région',6,0),(6014,'aux entreprises du groupe hors Région','aux entreprises du groupe hors Région',6,0),(6019,'Rabais, Remises et Ristournes obtenues (non ventilés)','Rabais, Remises et Ristournes obtenues (non ventilés)',6,0),(6021,'dans la Région','dans la Région',6,0),(6022,'hors Région','hors Région',6,0),(6023,'aux entreprises du groupe dans la Région','aux entreprises du groupe dans la Région',6,0),(6024,'aux entreprises du groupe hors Région','aux entreprises du groupe hors Région',6,0),(6029,'Rabais, Remises et Ristournes obtenus (non ventilés)','Rabais, Remises et Ristournes obtenus (non ventilés)',6,0),(6031,'Variations des stocks de marchandises','Variations des stocks de marchandises',6,0),(6032,'Variations des stocks de matières premières et fournitures liées','Variations des stocks de matières premières et fournitures liées',6,0),(6033,'Variations des stocks d\'autres approvisionnements','Variations des stocks d\'autres approvisionnements',6,0),(6041,'Matières consommables','Matières consommables',6,0),(6042,'Matières combustibles ','Matières combustibles ',6,0),(6043,'Produits d\'entretien','Produits d\'entretien',6,0),(6044,'Fournitures d\'atelier et d\'usine','Fournitures d\'atelier et d\'usine',6,0),(6046,'Fournitures de magasin','Fournitures de magasin',6,0),(6047,'Fournitures de bureau','Fournitures de bureau',6,0),(6049,'Rabais, Remises et Ristournes obtenus (non ventilés)','Rabais, Remises et Ristournes obtenus (non ventilés)',6,0),(6051,'Fournitures non stockables - Eau','Fournitures non stockables - Eau',6,0),(6052,'Fournitures non stockables - Electricité','Fournitures non stockables - Electricité',6,0),(6053,'Fournitures non stockables - Autres énergies','Fournitures non stockables - Autres énergies',6,0),(6054,'Fournitures d\'entretien non stockables','Fournitures d\'entretien non stockables',6,0),(6055,'Fournitures de bureau non stockables','Fournitures de bureau non stockables',6,0),(6056,'Achats de petit matériel et outillage','Achats de petit matériel et outillage',6,0),(6057,'Achats d\'études et prestations de services','Achats d\'études et prestations de services',6,0),(6058,'Achats de travaux, matériels et équipements','Achats de travaux, matériels et équipements',6,0),(6059,'Rabais, Remises et Ristournes obtenus (non ventilés)','Rabais, Remises et Ristournes obtenus (non ventilés)',6,0),(6081,'Emballages perdus','Emballages perdus',6,0),(6082,'Emballages récupérables non identifiables','Emballages récupérables non identifiables',6,0),(6083,'Emballages à usage mixte','Emballages à usage mixte',6,0),(6089,'Rabais, Remises et Ristournes obtenues (non ventilés)','Rabais, Remises et Ristournes obtenues (non ventilés)',6,0),(6181,'Voyages et déplacements ','Voyages et déplacements ',6,0),(6182,'Transports entre établissements ou chantiers ','Transports entre établissements ou chantiers ',6,0),(6183,'Transports administratifs','Transports administratifs',6,0),(6221,'Locations de terrains','Locations de terrains',6,0),(6222,'Locations de bâtiments','Locations de bâtiments',6,0),(6223,'Locations de matériels et outillages ','Locations de matériels et outillages ',6,0),(6224,'Malis sur emballages','Malis sur emballages',6,0),(6225,'Locations d\'emballages','Locations d\'emballages',6,0),(6228,'Locations et charges locatives diverses','Locations et charges locatives diverses',6,0),(6232,'Crédit-bail immobilier','Crédit-bail immobilier',6,0),(6233,'Crédit-bail mobilier','Crédit-bail mobilier',6,0),(6235,'Contrats assimilés','Contrats assimilés',6,0),(6241,'Entretien et réparations des biens immobiliers','Entretien et réparations des biens immobiliers',6,0),(6242,'Entretien et réparations des biens mobiliers','Entretien et réparations des biens mobiliers',6,0),(6243,'Maintenance','Maintenance',6,0),(6248,'Autres entretiens et réparations','Autres entretiens et réparations',6,0),(6251,'Assurances multirisques','Assurances multirisques',6,0),(6252,'Assurances matériel de transport','Assurances matériel de transport',6,0),(6253,'Assurances risques d\'exploitation','Assurances risques d\'exploitation',6,0),(6254,'Assurances responsabilité du producteur','Assurances responsabilité du producteur',6,0),(6255,'Assurances insolvabilité clients ','Assurances insolvabilité clients ',6,0),(6256,'Assurances transporst sur achats','Assurances transporst sur achats',6,0),(6257,'Assurances transport sur ventes','Assurances transport sur ventes',6,0),(6258,'Autres primes d\'assurances','Autres primes d\'assurances',6,0),(6261,'Etudes et recherches','Etudes et recherches',6,0),(6265,'Documentation générale','Documentation générale',6,0),(6266,'Documentation technique','Documentation technique',6,0),(6271,'Annonces, insertions','Annonces, insertions',6,0),(6272,'Catalogues, imprimés publicitaires','Catalogues, imprimés publicitaires',6,0),(6273,'Echantillons','Echantillons',6,0),(6274,'Foires et expositions ','Foires et expositions ',6,0),(6275,'Publications','Publications',6,0),(6276,'Cadeaux à la clientèle','Cadeaux à la clientèle',6,0),(6277,'Frais de colloques, séminaires, conférences','Frais de colloques, séminaires, conférences',6,0),(6278,'Autres charges de publicité et relations publiques','Autres charges de publicité et relations publiques',6,0),(6281,'Frais de téléphone','Frais de téléphone',6,0),(6282,'Frais de télex','Frais de télex',6,0),(6283,'Frais de télécopie','Frais de télécopie',6,0),(6288,'Autres frais de télécommunications','Autres frais de télécommunications',6,0),(6311,'Frais sur titres (achat, vente, garde)','Frais sur titres (achat, vente, garde)',6,0),(6312,'Frais sur effets','Frais sur effets',6,0),(6313,'Location de coffres','Location de coffres',6,0),(6315,'Commissions sur cartes de crédit','Commissions sur cartes de crédit',6,0),(6316,'Frais d\'émission d\'emprunts','Frais d\'émission d\'emprunts',6,0),(6318,'Autres frais bancaires','Autres frais bancaires',6,0),(6321,'Commissions et courtages sur achats ','Commissions et courtages sur achats ',6,0),(6322,'Commissions et courtages sur ventes','Commissions et courtages sur ventes',6,0),(6323,'Rémunérations des transitaires','Rémunérations des transitaires',6,0),(6324,'Honoraires ','Honoraires ',6,0),(6325,'Frais d\'actes et de contentieux','Frais d\'actes et de contentieux',6,0),(6328,'Divers frais','Divers frais',6,0),(6342,'Redevances pour brevets, licences, concessions et droits similaires','Redevances pour brevets, licences, concessions et droits similaires',6,0),(6343,'Redevances pour logiciels','Redevances pour logiciels',6,0),(6344,'Redevances pour marques','Redevances pour marques',6,0),(6351,'Cotisations','Cotisations',6,0),(6358,'Concours divers','Concours divers',6,0),(6371,'Personnel intérimaire','Personnel intérimaire',6,0),(6372,'Personnel détaché ou prêté à l\'entreprise','Personnel détaché ou prêté à l\'entreprise',6,0),(6381,'Frais de recrutement du personnel','Frais de recrutement du personnel',6,0),(6382,'Frais de déménagement','Frais de déménagement',6,0),(6383,'Réceptions ','Réceptions ',6,0),(6384,'Missions','Missions',6,0),(6411,'Impôts fonciers et taxes annexes','Impôts fonciers et taxes annexes',6,0),(6412,'Patentes, licences et taxes annexes','Patentes, licences et taxes annexes',6,0),(6413,'Taxes sur appointements et salaires','Taxes sur appointements et salaires',6,0),(6414,'Taxes d\'apprentissage','Taxes d\'apprentissage',6,0),(6415,'Formation professionnelle continue','Formation professionnelle continue',6,0),(6418,'Autres impôts et taxes directs','Autres impôts et taxes directs',6,0),(6461,'Droits de mutation','Droits de mutation',6,0),(6462,'Droits de timbre','Droits de timbre',6,0),(6463,'Taxes sur les véhicules de société','Taxes sur les véhicules de société',6,0),(6464,'Vignettes','Vignettes',6,0),(6468,'Autres droits','Autres droits',6,0),(6471,'Pénalités d\'assiette, impôts directs','Pénalités d\'assiette, impôts directs',6,0),(6472,'Pénalités d\'assiette, impôts indirects','Pénalités d\'assiette, impôts indirects',6,0),(6473,'Pénalités de recouvrement, impôts directs','Pénalités de recouvrement, impôts directs',6,0),(6474,'Pénalités de recouvrement, impôts indirects','Pénalités de recouvrement, impôts indirects',6,0),(6478,'Autres amendes pénales et fiscales','Autres amendes pénales et fiscales',6,0),(6511,'Clients','Clients',6,0),(6515,'Autres débiteurs','Autres débiteurs',6,0),(6521,'Quote-part transférée de bénéfices (comptabilité du gérant)','Quote-part transférée de bénéfices (comptabilité du gérant)',6,0),(6525,'Pertes imputées par transfert (comptabilité des associés non gérants)','Pertes imputées par transfert (comptabilité des associés non gérants)',6,0),(6581,'Jetons de présence et autres rémunérations d\'administrateurs','Jetons de présence et autres rémunérations d\'administrateurs',6,0),(6582,'Dons','Dons',6,0),(6583,'Mécénat','Mécénat',6,0),(6591,'sur risques à court terme','sur risques à court terme',6,0),(6593,'sur stocks','sur stocks',6,0),(6594,'sur créances','sur créances',6,0),(6598,'Autres charges provisionnées','Autres charges provisionnées',6,0),(6611,'Appointements salaires et commissions','Appointements salaires et commissions',6,0),(6612,'Primes et gratifications','Primes et gratifications',6,0),(6613,'Congés payés','Congés payés',6,0),(6614,'Indemnités de préavis, de licenciement et de recherche d\'embauche','Indemnités de préavis, de licenciement et de recherche d\'embauche',6,0),(6615,'Indemnités de maladie versées aux travailleurs','Indemnités de maladie versées aux travailleurs',6,0),(6616,'Supplément familial','Supplément familial',6,0),(6617,'Avantages en nature','Avantages en nature',6,0),(6618,'Autres rémunérations directes','Autres rémunérations directes',6,0),(6621,'Appointements salaires et commissions','Appointements salaires et commissions',6,0),(6622,'Primes et gratifications ','Primes et gratifications ',6,0),(6623,'Congés payés','Congés payés',6,0),(6624,'Indemnités de préavis, de licenciement et de recherche d\'embauche','Indemnités de préavis, de licenciement et de recherche d\'embauche',6,0),(6625,'Indemnités de maladie versées aux travailleurs','Indemnités de maladie versées aux travailleurs',6,0),(6626,'Supplément familial','Supplément familial',6,0),(6627,'Avantages en nature','Avantages en nature',6,0),(6628,'Autres rémunérations directes','Autres rémunérations directes',6,0),(6631,'Indemnités de logement','Indemnités de logement',6,0),(6632,'Indemnités de représentation','Indemnités de représentation',6,0),(6633,'Indemnités d\'exploitation','Indemnités d\'exploitation',6,0),(6638,'Autres indemnités et avantages divers','Autres indemnités et avantages divers',6,0),(6641,'Charges sociales sur rémunération du personnel national','Charges sociales sur rémunération du personnel national',6,0),(6642,'Charges sociales sur rémunération du personnel non national','Charges sociales sur rémunération du personnel non national',6,0),(6661,'Rémunération du travail de l\'exploitant','Rémunération du travail de l\'exploitant',6,0),(6662,'Charges sociales','Charges sociales',6,0),(6671,'Personnel intérimaire','Personnel intérimaire',6,0),(6672,'Personnel détaché ou prêté à l\'entreprise','Personnel détaché ou prêté à l\'entreprise',6,0),(6681,'Versements aux Syndicats et Comités d\'entreprise, d\'établissement','Versements aux Syndicats et Comités d\'entreprise, d\'établissement',6,0),(6682,'Versements aux Comités d\'hygiène et de sécurité','Versements aux Comités d\'hygiène et de sécurité',6,0),(6683,'Versements aux autres oeuvres sociales','Versements aux autres oeuvres sociales',6,0),(6684,'Médecine du travail et pharmacie','Médecine du travail et pharmacie',6,0),(6711,'Emprunts obligataires','Emprunts obligataires',6,0),(6712,'Emprunts auprès des établissements de crédit','Emprunts auprès des établissements de crédit',6,0),(6713,'Dettes liées à des participations','Dettes liées à des participations',6,0),(6721,'Intérêts dans loyers de crédit-bail immobilier','Intérêts dans loyers de crédit-bail immobilier',6,0),(6722,'Intérêts dans loyers de crédit-bail mobilier','Intérêts dans loyers de crédit-bail mobilier',6,0),(6723,'Intérêts dans loyers des autres contrats','Intérêts dans loyers des autres contrats',6,0),(6741,'Avances reçues et dépôts créditeurs ','Avances reçues et dépôts créditeurs ',6,0),(6742,'Comptes courants bloqués','Comptes courants bloqués',6,0),(6743,'Intérêts sur obligations cautionnées','Intérêts sur obligations cautionnées',6,0),(6744,'Intérêts sur dettes commerciales','Intérêts sur dettes commerciales',6,0),(6745,'Intérêts bancaires et sur opérations de trésorerie et d\'escompte','Intérêts bancaires et sur opérations de trésorerie et d\'escompte',6,0),(6748,'Intérêts sur dettes diverses','Intérêts sur dettes diverses',6,0),(6781,'sur rentes viagères','sur rentes viagères',6,0),(6782,'sur opérations financières ','sur opérations financières ',6,0),(6784,'sur instruments de trésorerie','sur instruments de trésorerie',6,0),(6791,'sur risques financiers','sur risques financiers',6,0),(6795,'sur titres de placement','sur titres de placement',6,0),(6798,'Autres charges provisionnées financières','Autres charges provisionnées financières',6,0),(6811,'Dotations aux amortissements des charges immobilisées','Dotations aux amortissements des charges immobilisées',6,0),(6812,'Dotations aux amortissements des immobilisations incorporelles','Dotations aux amortissements des immobilisations incorporelles',6,0),(6813,'Dotations aux amortissements des immobilisations corporelles','Dotations aux amortissements des immobilisations corporelles',6,0),(6872,'Dotations aux amortissements des primes de remboursements des obligations','Dotations aux amortissements des primes de remboursements des obligations',6,0),(6878,'Autres dotations aux amortissements à caractère financier','Autres dotations aux amortissements à caractère financier',6,0),(6911,'pour risques et charges','pour risques et charges',6,0),(6912,'pour grosses réparations ','pour grosses réparations ',6,0),(6913,'pour dépréciation des immobilisations incorporelles','pour dépréciation des immobilisations incorporelles',6,0),(6914,'pour dépréciation des immobilisations corporelles','pour dépréciation des immobilisations corporelles',6,0),(6971,'pour risques et charges','pour risques et charges',6,0),(6972,'pour dépréciation des immobilisations financières','pour dépréciation des immobilisations financières',6,0),(7011,'dans la Région','dans la Région',7,0),(7012,'hors Région','hors Région',7,0),(7013,'aux entreprises du groupe dans la Région','aux entreprises du groupe dans la Région',7,0),(7014,'aux entreprises du groupe hors Région','aux entreprises du groupe hors Région',7,0),(7021,'dans la Région','dans la Région',7,0),(7022,'hors Région','hors Région',7,0),(7023,'aux entreprises du groupe dans la Région','aux entreprises du groupe dans la Région',7,0),(7024,'aux entreprises du groupe hors Région','aux entreprises du groupe hors Région',7,0),(7031,'dans la Région','dans la Région',7,0),(7032,'hors Région','hors Région',7,0),(7033,'aux entreprises du groupe dans la Région','aux entreprises du groupe dans la Région',7,0),(7034,'aux entreprises du groupe hors Région','aux entreprises du groupe hors Région',7,0),(7041,'dans la Région','dans la Région',7,0),(7042,'hors Région','hors Région',7,0),(7043,'aux entreprises du groupe dans la Région','aux entreprises du groupe dans la Région',7,0),(7044,'aux entreprises du groupe hors Région','aux entreprises du groupe hors Région',7,0),(7051,'dans la Région','dans la Région',7,0),(7052,'hors Région','hors Région',7,0),(7053,'aux entreprises du groupe dans la Région','aux entreprises du groupe dans la Région',7,0),(7054,'aux entreprises du groupe hors Région','aux entreprises du groupe hors Région',7,0),(7061,'dans la Région','dans la Région',7,0),(7062,'hors Région','hors Région',7,0),(7063,'aux entreprises du groupe dans la Région','aux entreprises du groupe dans la Région',7,0),(7064,'aux entreprises du groupe hors Région','aux entreprises du groupe hors Région',7,0),(7071,'Ports, emballages perdus et autres frais facturés','Ports, emballages perdus et autres frais facturés',7,0),(7072,'Commissions et courtages','Commissions et courtages',7,0),(7073,'Locations','Location de chambre',7,1),(7074,'Bonis sur reprises et cessions d\'emballages','Bonis sur reprises et cessions d\'emballages',7,0),(7075,'Mise à disposition de personnel','Mise à disposition de personnel',7,0),(7076,'Redevances pour brevets, logiciels, marques et droits similaires','Redevances pour brevets, logiciels, marques et droits similaires',7,0),(7077,'Services exploités dans l\'intérêt du personnel','Services exploités dans l\'intérêt du personnel',7,0),(7078,'Autres produits accessoires','Autres produits accessoires',7,0),(7181,'Versées par l\'Etat et les collectivités publiques','Versées par l\'Etat et les collectivités publiques',7,0),(7182,'Versées par les organismes internationaux','Versées par les organismes internationaux',7,0),(7183,'Versées par des tiers','Versées par des tiers',7,0),(7341,'Produits en cours','Produits en cours',7,0),(7342,'Travaux en cours ','Travaux en cours ',7,0),(7351,'Etudes en cours','Etudes en cours',7,0),(7352,'Prestations de services en cours','Prestations de services en cours',7,0),(7371,'Produits intermédiaires','Produits intermédiaires',7,0),(7372,'Produits résiduels','Produits résiduels',7,0),(7521,'Quote-part transférée de pertes (comptabilité du gérant)','Quote-part transférée de pertes (comptabilité du gérant)',7,0),(7525,'Bénéfices attribués par transfert (comptabilité des associés non gérants)','Bénéfices attribués par transfert (comptabilité des associés non gérants)',7,0),(7581,'Jetons de présence et autres rémunérations d\'administrateurs','Jetons de présence et autres rémunérations d\'administrateurs',7,0),(7582,'Indemnités d\'assurances reçues','Indemnités d\'assurances reçues',7,0),(7591,'sur risques à court terme','sur risques à court terme',7,0),(7593,'sur stocks','sur stocks',7,0),(7594,'sur créances','sur créances',7,0),(7598,'sur autres charges provisionnées','sur autres charges provisionnées',7,0),(7781,'sur rentes viagères ','sur rentes viagères ',7,0),(7782,'sur opérations financières ','sur opérations financières ',7,0),(7784,'sur instruments de trésorerie','sur instruments de trésorerie',7,0),(7791,'sur risques financiers ','sur risques financiers ',7,0),(7795,'sur titres de placement','sur titres de placement',7,0),(7798,'autres charges provisionnées financières ','autres charges provisionnées financières ',7,0),(7911,'pour risques et charges','pour risques et charges',7,0),(7912,'pour grosses réparations','pour grosses réparations',7,0),(7913,'pour dépréciation des immobilisations incorporelles','pour dépréciation des immobilisations incorporelles',7,0),(7914,'pour dépréciation des immobilisations corporelles','pour dépréciation des immobilisations corporelles',7,0),(7971,'pour risques et charges','pour risques et charges',7,0),(7972,'pour dépréciation des immobilisations financières','pour dépréciation des immobilisations financières',7,0),(8911,'Activités exercées dans l\'Etat','Activités exercées dans l\'Etat',8,0),(8912,'Activités exercées dans les autres Etats de la Région','Activités exercées dans les autres Etats de la Région',8,0),(8913,'Activités exercées hors Région','Activités exercées hors Région',8,0),(8991,'Dégrèvements ','Dégrèvements ',8,0),(8994,'Annulations pour pertes rétroactives','Annulations pour pertes rétroactives',8,0),(9011,'Crédits confirmés obtenus ','Crédits confirmés obtenus ',9,0),(9012,'Emprunts restant à encaisser','Emprunts restant à encaisser',9,0),(9013,'Facilités de financement renouvelables','Facilités de financement renouvelables',9,0),(9014,'Facilités d\'émission','Facilités d\'émission',9,0),(9018,'Autres engagements de financement obtenus','Autres engagements de financement obtenus',9,0),(9021,'Avals obtenus','Avals obtenus',9,0),(9022,'Cautions, garanties obtenues','Cautions, garanties obtenues',9,0),(9023,'Hypothèques obtenues','Hypothèques obtenues',9,0),(9024,'Effets endossés par des tiers','Effets endossés par des tiers',9,0),(9028,'Autres garanties obtenues','Autres garanties obtenues',9,0),(9031,'Achats de marchandises à terme','Achats de marchandises à terme',9,0),(9032,'Achats à terme de devises','Achats à terme de devises',9,0),(9033,'Commandes fermes des clients','Commandes fermes des clients',9,0),(9038,'Autres engagements réciproques','Autres engagements réciproques',9,0),(9041,'Abandons de créances conditionnels','Abandons de créances conditionnels',9,0),(9043,'Ventes avec clause de réserve de propriété','Ventes avec clause de réserve de propriété',9,0),(9048,'Divers engagements obtenus','Divers engagements obtenus',9,0),(9051,'Crédits accordés non décaissés','Crédits accordés non décaissés',9,0),(9058,'Autres engagements de financement accordés','Autres engagements de financement accordés',9,0),(9061,'Avals accordés','Avals accordés',9,0),(9062,'Cautions, garanties accordées','Cautions, garanties accordées',9,0),(9063,'Hypothèques accordées','Hypothèques accordées',9,0),(9064,'Effets endossés par l\'entreprise','Effets endossés par l\'entreprise',9,0),(9068,'Autres garanties accordées','Autres garanties accordées',9,0),(9071,'Ventes de marchandises à terme','Ventes de marchandises à terme',9,0),(9072,'Ventes à terme de devises ','Ventes à terme de devises ',9,0),(9073,'Commandes fermes aux fournisseurs ','Commandes fermes aux fournisseurs ',9,0),(9078,'Autres engagements réciproques','Autres engagements réciproques',9,0),(9081,'Annnulations conditionnelles de dettes','Annnulations conditionnelles de dettes',9,0),(9082,'Engagements de retraite','Engagements de retraite',9,0),(9083,'Achats avec clause de réserve de propriété','Achats avec clause de réserve de propriété',9,0),(9088,'Divers engagements accordés','Divers engagements accordés',9,0);
/*!40000 ALTER TABLE `plan_comptable_syscohada` ENABLE KEYS */;
UNLOCK TABLES;

--
-- Table structure for table `prix_chambre_ttc`
--

DROP TABLE IF EXISTS `prix_chambre_ttc`;
/*!40101 SET @saved_cs_client     = @@character_set_client */;
/*!40101 SET character_set_client = utf8 */;
CREATE TABLE `prix_chambre_ttc` (
  `idPrixTTC` int(11) NOT NULL AUTO_INCREMENT,
  `idProfile` int(11) NOT NULL,
  `idTypeChambre` int(11) NOT NULL,
  `PrixTTC` int(11) NOT NULL,
  PRIMARY KEY (`idPrixTTC`)
) ENGINE=InnoDB AUTO_INCREMENT=100 DEFAULT CHARSET=latin1;
/*!40101 SET character_set_client = @saved_cs_client */;

--
-- Dumping data for table `prix_chambre_ttc`
--

LOCK TABLES `prix_chambre_ttc` WRITE;
/*!40000 ALTER TABLE `prix_chambre_ttc` DISABLE KEYS */;
INSERT INTO `prix_chambre_ttc` VALUES (1,1,1,10000),(2,1,2,15000),(47,1,3,50000),(48,1,4,30000),(49,2,1,6000),(50,2,2,12000),(51,2,3,60000),(52,2,4,40000),(53,3,1,18000),(54,3,2,23000),(55,3,3,70000),(56,3,4,50000),(57,4,1,40000),(58,4,2,70000),(59,4,3,100000),(60,4,4,80000),(61,5,1,50000),(62,5,2,80000),(63,5,3,120000),(64,5,4,100000),(65,8,1,55000),(66,8,2,85000),(67,8,3,125000),(68,8,4,105000),(69,1,0,10000),(70,9,1,70000),(71,9,2,100000),(72,9,3,140000),(73,9,4,170000),(74,1,5,39000),(75,2,5,0),(76,3,5,0),(77,4,5,0),(78,5,5,0),(79,8,5,0),(80,9,5,0),(81,1,6,0),(82,2,6,0),(83,3,6,0),(84,4,6,0),(85,5,6,0),(86,8,6,0),(87,9,6,0),(88,10,2,0),(89,10,4,0),(90,10,1,0),(91,10,5,0),(92,10,6,0),(93,10,3,0),(94,11,2,0),(95,11,4,0),(96,11,1,0),(97,11,5,0),(98,11,6,0),(99,11,3,0);
/*!40000 ALTER TABLE `prix_chambre_ttc` ENABLE KEYS */;
UNLOCK TABLES;

--
-- Table structure for table `profiles_client`
--

DROP TABLE IF EXISTS `profiles_client`;
/*!40101 SET @saved_cs_client     = @@character_set_client */;
/*!40101 SET character_set_client = utf8 */;
CREATE TABLE `profiles_client` (
  `IdProfile` int(11) NOT NULL AUTO_INCREMENT,
  `Profile` varchar(225) NOT NULL,
  `Disponible` tinyint(1) NOT NULL DEFAULT '1',
  `idTypeClient` int(11) NOT NULL,
  PRIMARY KEY (`IdProfile`)
) ENGINE=InnoDB AUTO_INCREMENT=12 DEFAULT CHARSET=latin1;
/*!40101 SET character_set_client = @saved_cs_client */;

--
-- Dumping data for table `profiles_client`
--

LOCK TABLES `profiles_client` WRITE;
/*!40000 ALTER TABLE `profiles_client` DISABLE KEYS */;
INSERT INTO `profiles_client` VALUES (1,'Adolescent',1,1),(2,'Adulte',1,1),(3,'Vieillard',1,1),(4,'Banque',1,2),(5,'Cabinet d\'audit',1,2),(8,'Pasteur',1,3),(9,'Homme d\'affaire',1,1),(10,'ONG Info',1,4),(11,'ONG Santé',1,4);
/*!40000 ALTER TABLE `profiles_client` ENABLE KEYS */;
UNLOCK TABLES;

--
-- Table structure for table `recevoir_occup`
--

DROP TABLE IF EXISTS `recevoir_occup`;
/*!40101 SET @saved_cs_client     = @@character_set_client */;
/*!40101 SET character_set_client = utf8 */;
CREATE TABLE `recevoir_occup` (
  `NumRecevoir` int(11) NOT NULL AUTO_INCREMENT,
  `NumOccupation` int(11) NOT NULL,
  `MatriculeRecepteur` varchar(10) NOT NULL,
  `CodeClient` int(11) NOT NULL,
  `Date` datetime NOT NULL,
  PRIMARY KEY (`NumRecevoir`),
  KEY `CodeClient` (`CodeClient`),
  KEY `MatriculeRecepteur` (`MatriculeRecepteur`),
  KEY `NumOccupation` (`NumOccupation`)
) ENGINE=InnoDB AUTO_INCREMENT=160 DEFAULT CHARSET=latin1;
/*!40101 SET character_set_client = @saved_cs_client */;

--
-- Dumping data for table `recevoir_occup`
--

LOCK TABLES `recevoir_occup` WRITE;
/*!40000 ALTER TABLE `recevoir_occup` DISABLE KEYS */;
INSERT INTO `recevoir_occup` VALUES (1,1,'RECEPT01',8,'2012-06-12 09:28:01'),(2,2,'RECEPT01',2,'2012-06-16 11:08:02'),(3,3,'RECEPT01',7,'2012-06-17 15:20:15'),(5,5,'RECEPT01',3,'2012-06-20 18:46:00'),(6,6,'RECEPT01',1,'2012-06-20 19:26:12'),(7,7,'RECEPT01',2,'2012-06-21 02:10:51'),(8,8,'RECEPT01',6,'2012-06-21 02:35:40'),(9,9,'RECEPT01',1,'2012-06-22 08:51:38'),(10,10,'RECEPT01',5,'2012-06-22 08:54:36'),(11,11,'RECEPT01',5,'2012-06-22 09:00:17'),(12,12,'RECEPT01',6,'2012-06-22 09:18:45'),(13,13,'RECEPT01',9,'2012-06-22 16:09:18'),(14,14,'RECEPT01',2,'2012-06-22 20:13:07'),(15,15,'RECEPT01',5,'2012-06-23 20:51:59'),(16,16,'RECEPT01',9,'2012-06-26 20:46:44'),(17,17,'RECEPT01',5,'2012-06-26 20:46:54'),(18,18,'RECEPT01',6,'2012-06-29 11:15:25'),(19,19,'RECEPT01',2,'2012-06-29 11:15:25'),(20,20,'RECEPT01',3,'2012-06-29 13:06:03'),(21,21,'RECEPT01',6,'2012-06-29 13:23:47'),(22,22,'RECEPT01',5,'2012-06-29 13:37:02'),(23,23,'RECEPT01',9,'2012-06-29 13:37:25'),(24,24,'RECEPT01',4,'2012-06-29 13:39:06'),(25,25,'RECEPT01',1,'2012-06-29 14:14:12'),(26,26,'RECEPT01',2,'2012-06-29 14:18:55'),(27,27,'RECEPT01',4,'2012-06-29 14:21:44'),(28,28,'RECEPT01',1,'2012-06-29 15:14:51'),(29,29,'RECEPT01',6,'2012-06-29 15:33:44'),(30,30,'RECEPT01',9,'2012-06-29 15:33:44'),(31,31,'RECEPT01',4,'2012-06-29 17:25:02'),(32,32,'RECEPT01',6,'2012-06-29 17:34:00'),(33,33,'RECEPT01',1,'2012-06-29 17:34:00'),(34,34,'RECEPT01',2,'2012-06-29 17:34:00'),(35,35,'RECEPT01',5,'2012-06-29 17:34:00'),(36,36,'RECEPT01',3,'2012-06-29 17:34:00'),(37,37,'RECEPT01',5,'2012-07-02 16:36:53'),(38,38,'RECEPT01',4,'2012-07-02 21:17:14'),(39,39,'RECEPT01',3,'2012-07-02 21:20:11'),(40,40,'RECEPT01',6,'2012-07-02 21:20:39'),(41,41,'RECEPT01',9,'2012-07-02 21:20:51'),(42,42,'RECEPT01',7,'2012-07-02 22:35:45'),(43,43,'RECEPT01',8,'2012-07-02 22:35:57'),(44,44,'RECEPT01',10,'2012-07-02 22:36:07'),(45,45,'RECEPT01',2,'2012-07-02 22:36:22'),(46,46,'RECEPT01',12,'2012-07-02 22:43:16'),(47,47,'RECEPT01',15,'2012-07-07 15:30:53'),(48,48,'RECEPT01',14,'2012-07-09 22:59:31'),(49,49,'RECEPT01',13,'2012-07-09 22:59:31'),(50,50,'RECEPT01',12,'2012-07-09 22:59:31'),(51,51,'RECEPT01',9,'2012-07-10 14:39:49'),(52,52,'RECEPT01',15,'2012-07-10 16:50:41'),(53,53,'RECEPT02',9,'2012-07-11 15:18:21'),(54,54,'RECEPT02',16,'2012-07-11 18:14:26'),(55,55,'RECEPT02',5,'2012-07-13 03:58:43'),(56,56,'RECEPT02',17,'2012-07-13 21:18:26'),(57,57,'RECEPT01',18,'2012-07-16 11:21:17'),(58,58,'RECEPT01',18,'2012-07-16 17:30:55'),(59,59,'RECEPT01',6,'2012-07-16 17:30:55'),(60,60,'RECEPT01',5,'2012-07-16 17:30:55'),(61,61,'RECEPT01',12,'2012-07-16 17:30:55'),(62,62,'RECEPT01',16,'2012-07-16 17:30:55'),(63,63,'RECEPT01',17,'2012-07-16 17:30:55'),(64,64,'RECEPT01',3,'2012-07-16 17:30:55'),(65,65,'RECEPT01',1,'2012-07-18 21:53:26'),(66,66,'RECEPT01',4,'2012-07-18 21:53:26'),(67,67,'RECEPT01',13,'2012-07-18 21:53:26'),(68,68,'RECEPT01',14,'2012-07-18 21:53:26'),(69,69,'RECEPT01',15,'2012-07-18 21:53:26'),(70,70,'RECEPT01',1,'2012-07-18 21:56:33'),(71,71,'RECEPT01',17,'2012-07-18 21:56:33'),(72,72,'RECEPT01',0,'2012-07-18 21:56:33'),(73,73,'RECEPT01',6,'2012-07-18 21:56:33'),(74,74,'RECEPT01',18,'2012-07-18 21:58:45'),(75,75,'RECEPT01',2,'2012-07-18 21:59:51'),(76,76,'RECEPT01',19,'2012-07-19 22:34:50'),(77,77,'RECEPT01',20,'2012-07-19 22:40:32'),(78,78,'RECEPT01',4,'2012-07-24 13:58:35'),(79,79,'RECEPT01',5,'2012-07-26 19:53:44'),(80,80,'RECEPT01',1,'2012-07-29 04:06:35'),(81,81,'RECEPT01',13,'2012-07-31 17:01:05'),(82,82,'RECEPT01',6,'2012-07-31 17:01:05'),(83,83,'RECEPT01',5,'2012-07-31 17:01:05'),(84,84,'RECEPT01',9,'2012-07-31 17:01:05'),(85,85,'RECEPT01',1,'2012-07-31 17:17:37'),(86,86,'RECEPT01',21,'2012-08-03 12:31:22'),(87,87,'RECEPT01',16,'2012-08-04 16:12:31'),(88,88,'RECEPT01',15,'2012-08-04 16:17:58'),(89,89,'RECEPT01',13,'2012-08-04 16:19:07'),(90,90,'RECEPT01',12,'2012-08-04 16:19:29'),(91,91,'RECEPT01',14,'2012-08-04 16:19:47'),(92,92,'RECEPT01',3,'2012-08-04 16:19:57'),(93,93,'RECEPT01',20,'2012-08-04 20:52:18'),(94,94,'RECEPT01',1,'2012-08-11 09:33:29'),(95,95,'RECEPT01',20,'2012-08-11 15:04:02'),(96,96,'RECEPT01',17,'2012-08-11 15:07:26'),(97,97,'RECEPT01',21,'2012-08-11 15:10:22'),(98,98,'RECEPT01',18,'2012-08-11 15:13:55'),(99,99,'RECEPT01',13,'2012-08-11 15:33:03'),(100,100,'RECEPT01',15,'2012-08-11 15:38:27'),(101,101,'RECEPT01',3,'2012-08-11 15:42:13'),(102,102,'RECEPT01',12,'2012-08-11 15:45:49'),(103,103,'RECEPT01',6,'2012-08-11 15:45:49'),(104,104,'RECEPT01',4,'2012-08-11 15:48:45'),(105,105,'RECEPT01',9,'2012-08-11 16:09:59'),(106,106,'RECEPT01',14,'2012-08-11 16:12:36'),(107,107,'RECEPT01',8,'2012-08-11 16:24:45'),(108,108,'RECEPT01',7,'2012-08-11 16:29:53'),(109,109,'RECEPT01',14,'2012-08-11 18:19:46'),(110,110,'RECEPT01',18,'2012-08-11 18:47:07'),(111,111,'RECEPT01',18,'2012-08-11 18:51:06'),(112,112,'RECEPT01',3,'2012-08-11 18:54:40'),(113,113,'RECEPT01',21,'2012-08-11 19:08:36'),(114,114,'RECEPT01',7,'2012-08-11 19:13:21'),(115,115,'RECEPT01',8,'2012-08-11 19:16:27'),(116,116,'RECEPT01',1,'2012-08-11 19:18:52'),(117,117,'RECEPT01',1,'2012-08-11 19:20:48'),(118,118,'RECEPT01',20,'2012-08-11 19:27:29'),(119,119,'RECEPT01',17,'2012-08-11 19:43:28'),(120,120,'RECEPT01',6,'2012-08-11 21:13:52'),(121,121,'RECEPT01',20,'2012-08-11 21:16:54'),(122,122,'RECEPT01',14,'2012-08-11 21:20:51'),(123,123,'RECEPT01',18,'2012-08-14 10:15:52'),(124,124,'RECEPT01',22,'2012-08-17 22:24:57'),(125,125,'RECEPT01',23,'2012-08-17 22:24:57'),(126,126,'RECEPT01',3,'2012-08-17 22:24:57'),(127,127,'RECEPT01',18,'2012-08-17 22:24:57'),(128,128,'RECEPT01',7,'2012-08-17 22:24:57'),(129,129,'RECEPT01',24,'2012-08-18 23:14:07'),(130,130,'RECEPT01',13,'2012-08-18 23:14:07'),(131,131,'RECEPT01',9,'2012-08-18 23:20:49'),(132,132,'RECEPT01',1,'2012-08-18 23:21:21'),(133,133,'RECEPT01',1,'2012-12-01 18:56:52'),(134,134,'RECEPT01',1,'2013-05-23 14:23:08'),(135,135,'RECEPT01',6,'2013-05-23 14:24:04'),(136,136,'RECEPT01',18,'2013-05-23 14:24:27'),(137,137,'RECEPT01',20,'2013-05-24 05:43:47'),(138,138,'RECEPT01',3,'2013-05-24 05:44:13'),(139,139,'RECEPT01',15,'2013-05-24 05:45:12'),(140,140,'RECEPT01',22,'2013-05-24 05:45:49'),(141,141,'RECEPT01',13,'2013-10-23 12:37:38'),(142,142,'RECEPT01',2,'2013-10-23 12:38:37'),(143,143,'RECEPT01',20,'2013-10-23 12:39:08'),(144,144,'RECEPT01',27,'2013-10-23 15:36:01'),(145,145,'RECEPT01',28,'2013-10-24 16:03:14'),(146,146,'RECEPT01',24,'2013-10-24 16:12:32'),(148,148,'RECEPT01',29,'2013-10-24 17:32:38'),(149,149,'RECEPT01',30,'2013-10-24 17:33:46'),(150,150,'RECEPT01',31,'2013-10-24 17:34:01'),(151,151,'RECEPT01',32,'2013-10-24 17:34:30'),(152,152,'RECEPT01',33,'2013-10-24 17:34:36'),(153,153,'RECEPT01',1,'2013-10-26 14:15:22'),(154,154,'RECEPT01',34,'2013-10-26 19:37:59'),(155,155,'RECEPT01',35,'2013-10-26 19:40:47'),(156,156,'RECEPT01',36,'2013-10-26 19:41:13'),(157,157,'RECEPT01',37,'2013-10-27 22:25:56'),(158,158,'RECEPT01',38,'2013-10-27 22:26:02'),(159,159,'RECEPT01',39,'2013-10-27 22:26:07');
/*!40000 ALTER TABLE `recevoir_occup` ENABLE KEYS */;
UNLOCK TABLES;

--
-- Table structure for table `recu_initial`
--

DROP TABLE IF EXISTS `recu_initial`;
/*!40101 SET @saved_cs_client     = @@character_set_client */;
/*!40101 SET character_set_client = utf8 */;
CREATE TABLE `recu_initial` (
  `IdRecuInitial` int(11) NOT NULL AUTO_INCREMENT,
  `IdService` int(11) NOT NULL,
  `Type` varchar(50) NOT NULL,
  `Initial` varchar(15) NOT NULL,
  `Numero` int(11) NOT NULL DEFAULT '0',
  PRIMARY KEY (`IdRecuInitial`)
) ENGINE=InnoDB AUTO_INCREMENT=11 DEFAULT CHARSET=latin1;
/*!40101 SET character_set_client = @saved_cs_client */;

--
-- Dumping data for table `recu_initial`
--

LOCK TABLES `recu_initial` WRITE;
/*!40000 ALTER TABLE `recu_initial` DISABLE KEYS */;
INSERT INTO `recu_initial` VALUES (1,3,'Réçu de payement de location','RREC',142),(2,4,'Réçu de payement de restauration','RRES',89),(3,3,'Réçu d\'avance sur location','RRECA',22),(4,3,'Réçu de dépôt sur compte client','RCPTD',13),(5,3,'Reçu de restitution de montant de location','RRML',4),(6,3,'Reçu de restitution d\'avance sur location','RRAL',4),(7,4,'Reçu de retrait sur compte client','RRCC',0),(8,4,'Reçu de restitution de montant de restauration','RRMR',0),(9,4,'Reçu de payement de bar','RBAR',1),(10,4,'Recu de restitution de montant de bar','RRMB',0);
/*!40000 ALTER TABLE `recu_initial` ENABLE KEYS */;
UNLOCK TABLES;

--
-- Table structure for table `repas_complet_resto`
--

DROP TABLE IF EXISTS `repas_complet_resto`;
/*!40101 SET @saved_cs_client     = @@character_set_client */;
/*!40101 SET character_set_client = utf8 */;
CREATE TABLE `repas_complet_resto` (
  `IdRepasCResto` int(11) NOT NULL AUTO_INCREMENT,
  `CodeClient` int(11) NOT NULL DEFAULT '0',
  `DateArrivee` datetime NOT NULL,
  `DateDepart` datetime DEFAULT NULL,
  `DureeEnMinutes` int(11) NOT NULL DEFAULT '0',
  `TotalAPayer` int(11) NOT NULL DEFAULT '0',
  `MontantTotalEncaisse` int(11) NOT NULL DEFAULT '0',
  `IdTableResto` int(11) NOT NULL,
  `MatriculeCaissier` varchar(50) NOT NULL,
  `Facture` varchar(50) DEFAULT '',
  `FactureMiseAjour` tinyint(1) NOT NULL DEFAULT '0',
  `NumOccupation` int(11) NOT NULL DEFAULT '0',
  PRIMARY KEY (`IdRepasCResto`)
) ENGINE=InnoDB AUTO_INCREMENT=136 DEFAULT CHARSET=latin1;
/*!40101 SET character_set_client = @saved_cs_client */;

--
-- Dumping data for table `repas_complet_resto`
--

LOCK TABLES `repas_complet_resto` WRITE;
/*!40000 ALTER TABLE `repas_complet_resto` DISABLE KEYS */;
INSERT INTO `repas_complet_resto` VALUES (1,0,'2012-06-13 17:59:52','2012-06-13 18:00:35',0,4500,4500,4,'RESTO01','FRES11',0,0),(2,1,'2012-06-13 18:01:52','2012-06-13 18:02:23',0,4000,4000,7,'RESTO01','FRES12',0,0),(4,0,'2012-06-13 18:52:48','2012-06-13 21:49:29',176,5000,5000,3,'RESTO01','FRES13',0,0),(5,3,'2012-06-14 19:56:50','2012-06-14 19:58:07',1,4500,4500,4,'RESTO01','FRES14',0,0),(6,1,'2012-06-15 20:58:23','2012-06-15 22:28:58',90,4500,4500,4,'RESTO01','FRES15',0,0),(7,3,'2012-06-17 14:24:09','2012-06-17 14:32:06',7,9200,9200,5,'RESTO01','FRES16',0,0),(8,0,'2012-06-17 14:24:21','2012-06-17 14:33:46',9,4500,4500,7,'RESTO01','FRES17',0,0),(10,0,'2012-06-17 14:43:16','2012-06-17 14:45:25',1,5200,5200,2,'RESTO01','FRES18',0,0),(11,7,'2012-06-17 14:44:27','2012-06-17 16:27:06',102,5000,5000,6,'RESTO01','FRES20',0,0),(12,0,'2012-06-17 16:19:36','2012-06-17 16:20:13',0,9000,9000,4,'RESTO01','FRES19',0,0),(13,5,'2012-06-17 16:34:15','2012-06-17 16:34:49',0,4500,4500,4,'RESTO01','FRES21',0,0),(14,0,'2012-06-18 08:58:04','2012-06-22 16:24:03',6205,4500,4500,1,'RESTO01','FRES27',0,0),(15,9,'2012-06-22 16:24:06','2012-06-22 16:26:29',1,4500,4500,5,'RESTO01','FRES28',0,0),(16,1,'2012-06-22 16:34:12','2012-06-22 16:35:01',0,27500,27500,6,'RESTO01','FRES29',0,0),(20,1,'2012-06-26 09:10:32','2012-06-26 10:10:20',59,12850,12850,1,'RESTO01','FRES32',0,0),(21,3,'2012-06-26 10:06:35','2012-06-26 10:12:43',6,11700,0,4,'RESTO01','FRES33',0,0),(22,1,'2012-06-26 10:56:18','2012-06-26 11:20:02',23,4500,4500,4,'RESTO01','FRES35',0,0),(23,0,'2012-06-26 11:09:49','2012-06-26 11:19:54',9,4500,4500,2,'RESTO01','FRES34',0,0),(25,0,'2012-06-26 11:27:27','2012-06-26 11:28:14',0,4500,4500,3,'RESTO01','FRES36',0,0),(27,1,'2012-06-26 20:40:42','2012-06-26 20:42:24',1,8000,8000,3,'RESTO01','FRES37',0,0),(29,5,'2012-06-29 17:48:06','2012-06-29 17:48:52',0,5200,5200,5,'RESTO01','FRES38',0,0),(30,5,'2012-07-04 09:57:46','2012-07-04 10:00:57',2,12700,12700,1,'RESTO01','FRES39',0,37),(31,6,'2012-07-04 10:15:18','2012-07-04 10:16:03',0,12200,12200,4,'RESTO01','FRES40',0,18),(32,4,'2012-07-04 10:56:29','2012-07-04 10:57:18',0,4500,4500,6,'RESTO01','FRES41',0,38),(33,3,'2012-07-04 10:59:02','2012-07-04 10:59:39',0,5700,5700,8,'RESTO01','FRES42',0,39),(34,2,'2012-07-05 09:07:13','2012-07-05 09:11:30',4,6500,6500,4,'RESTO01','FRES43',0,45),(35,9,'2012-07-05 09:09:25','2012-07-05 09:11:17',1,4500,4500,6,'RESTO01','FRES44',0,41),(36,8,'2012-07-05 09:14:16','2012-07-05 09:17:19',2,5700,5700,2,'RESTO01','FRES45',0,43),(37,0,'2012-07-09 19:39:03','2012-07-09 19:39:19',0,12000,12000,2,'RESTO01','FRES46',0,0),(38,0,'2012-07-09 19:53:01','2012-07-09 23:54:56',241,5700,5700,5,'RESTO01','FRES47',0,0),(41,0,'2012-07-10 00:38:21','2012-07-10 00:49:10',10,19000,19000,3,'RESTO01','FRES49',0,0),(42,14,'2012-07-10 09:52:37','2012-07-10 12:15:56',143,5200,0,6,'RESTO01','FRES50',0,0),(43,0,'2012-07-10 10:36:15','2012-07-10 12:16:04',99,5200,5200,7,'RESTO01','FRES51',0,0),(44,0,'2012-07-10 12:16:14','2012-07-10 15:44:58',208,6000,6000,7,'RESTO01','FRES53',0,0),(45,0,'2012-07-10 12:16:18','2012-07-10 15:20:23',183,12000,12000,4,'RESTO01','FRES52',0,0),(46,12,'2012-07-10 12:25:02','2012-07-10 12:29:22',3,11200,11200,1,'RESTO01','FRES54',0,50),(47,0,'2012-07-10 12:26:09','2012-07-10 15:44:48',197,5000,5000,6,'RESTO01','FRES55',0,0),(48,12,'2012-07-10 15:45:02','2012-07-10 17:14:44',89,2600,2600,3,'RESTO01','FRES57',0,50),(49,15,'2012-07-10 15:45:04','2012-07-10 17:15:33',90,5850,5850,1,'RESTO01','FRES56',0,52),(50,0,'2012-07-10 17:15:39','2012-07-11 11:11:04',1075,4500,4500,5,'RESTO01','FRES59',0,0),(51,0,'2012-07-10 17:15:43','2012-07-11 11:20:51',1085,5700,5700,3,'RESTO01','FRES58',0,0),(52,0,'2012-07-11 12:06:57','2012-07-11 14:30:39',143,11000,11000,1,'RESTO01','FRES60',0,0),(53,0,'2012-07-11 14:30:45','2012-07-11 18:37:47',246,15000,15000,5,'RESTO01','FRES61',0,0),(54,0,'2012-07-12 14:12:32','2012-07-12 14:13:47',1,5200,5200,5,'RESTO01','FRES62',0,0),(55,5,'2012-07-13 07:04:29','2012-07-13 07:09:55',4,5900,5900,4,'RESTO01','FRES63',0,55),(56,0,'2012-07-13 21:06:51','2012-07-13 22:21:55',74,8200,8200,7,'RESTO01','FRES64',0,0),(57,18,'2012-07-16 11:33:58','2012-07-16 11:35:54',2,11500,11500,1,'RESTO01','FRES65',0,57),(58,4,'2012-07-16 12:43:59','2012-07-16 12:50:06',6,11700,7000,6,'RESTO01','FRES66',0,0),(59,0,'2012-07-17 13:28:57','2012-07-17 14:08:26',39,4000,4000,1,'RESTO01','FRES67',0,0),(60,18,'2012-07-18 11:18:27','2012-07-18 11:43:24',24,9000,9000,4,'RESTO01','FRES68',0,57),(61,12,'2012-07-18 11:43:33','2012-07-18 13:17:26',93,10600,10600,1,'RESTO01','FRES69',0,61),(62,17,'2012-07-18 11:43:34','2012-07-18 12:17:54',33,2700,2700,7,'RESTO01','FRES70',0,63),(63,0,'2012-07-18 13:17:45','2012-07-18 19:28:49',370,5500,5500,2,'RESTO01','FRES71',0,0),(64,13,'2012-07-18 19:29:50','2012-07-19 07:17:16',707,6500,6500,4,'RESTO01','FRES72',0,67),(65,0,'2012-07-19 07:24:51','2012-07-19 07:35:29',10,9700,9700,8,'RESTO01','FRES73',0,0),(66,17,'2012-07-19 08:40:59','2012-07-19 08:48:03',7,13500,13500,7,'RESTO01','FRES74',0,71),(67,17,'2012-07-19 08:49:21','2012-07-19 08:50:41',1,27000,27000,6,'RESTO01','FRES75',0,71),(68,1,'2012-07-19 08:59:47','2012-07-19 09:01:24',1,14100,14100,8,'RESTO01','FRES76',0,65),(69,1,'2012-07-19 22:49:34','2012-07-19 22:52:17',2,4500,4500,7,'RESTO01','FRES77',0,70),(70,3,'2012-07-23 11:45:12','2012-07-23 11:59:07',13,3000,3000,1,'RESTO01','FRES78',0,0),(71,0,'2012-07-23 11:47:45','2012-07-23 23:10:58',683,20200,20200,2,'RESTO01','FRES79',0,0),(73,0,'2012-07-26 04:03:31','2012-07-26 04:26:56',23,3500,3500,5,'RESTO01','FRES80',0,0),(74,0,'2012-07-26 08:22:29','2012-07-26 17:09:35',526,17500,17500,1,'RESTO01','FRES81',0,0),(77,0,'2012-07-30 13:22:41','2012-07-30 14:08:32',45,6000,6000,5,'RESTO01','FRES82',0,0),(79,0,'0000-00-00 00:00:00',NULL,29284299,0,0,0,'','',0,0),(80,0,'0000-00-00 00:00:00',NULL,29284299,0,0,0,'','',0,0),(81,0,'0000-00-00 00:00:00',NULL,29284299,0,0,0,'','',0,0),(83,0,'0000-00-00 00:00:00',NULL,29284299,0,0,0,'','',0,0),(84,0,'0000-00-00 00:00:00',NULL,29284300,0,0,0,'','',0,0),(85,0,'0000-00-00 00:00:00',NULL,29284301,0,0,0,'','',0,0),(86,0,'0000-00-00 00:00:00',NULL,29284302,0,0,0,'','',0,0),(87,0,'0000-00-00 00:00:00',NULL,29284303,0,0,0,'','',0,0),(88,0,'0000-00-00 00:00:00',NULL,29284304,0,0,0,'','',0,0),(89,0,'0000-00-00 00:00:00',NULL,29284305,0,0,0,'','',0,0),(90,0,'0000-00-00 00:00:00',NULL,29284306,0,0,0,'','',0,0),(91,0,'0000-00-00 00:00:00',NULL,29284307,0,0,0,'','',0,0),(92,0,'0000-00-00 00:00:00',NULL,29284308,0,0,0,'','',0,0),(93,0,'0000-00-00 00:00:00',NULL,29284310,0,0,0,'','',0,0),(94,0,'0000-00-00 00:00:00',NULL,29284310,0,0,0,'','',0,0),(95,0,'0000-00-00 00:00:00',NULL,29284310,0,0,0,'','',0,0),(96,0,'0000-00-00 00:00:00',NULL,29284310,0,0,0,'','',0,0),(97,0,'0000-00-00 00:00:00',NULL,29284310,0,0,0,'','',0,0),(98,0,'0000-00-00 00:00:00',NULL,29284310,0,0,0,'','',0,0),(99,0,'0000-00-00 00:00:00',NULL,29284310,0,0,0,'','',0,0),(100,0,'0000-00-00 00:00:00',NULL,29284310,0,0,0,'','',0,0),(101,0,'0000-00-00 00:00:00',NULL,29284310,0,0,0,'','',0,0),(102,0,'0000-00-00 00:00:00',NULL,29284310,0,0,0,'','',0,0),(103,0,'0000-00-00 00:00:00',NULL,29284310,0,0,0,'','',0,0),(104,0,'0000-00-00 00:00:00',NULL,29284310,0,0,0,'','',0,0),(105,0,'0000-00-00 00:00:00',NULL,29284310,0,0,0,'','',0,0),(106,0,'0000-00-00 00:00:00',NULL,29284311,0,0,0,'','',0,0),(107,0,'2012-07-31 17:04:17','2012-07-31 17:05:40',1,47800,47800,3,'RESTO01','FRES83',0,0),(108,20,'2012-08-04 20:58:36','2012-08-04 21:37:26',38,3000,3000,10,'RESTO01','FRES84',0,93),(109,20,'2012-08-04 21:09:59','2012-08-04 21:38:48',28,2000,0,1,'RESTO01','FRES85',0,93),(110,0,'2012-08-25 18:22:10','2012-08-25 18:24:38',1,2200,2200,4,'RESTO01','FRES86',0,0),(111,0,'2012-12-03 13:50:11','2012-12-03 13:50:37',0,7000,7000,6,'RESTO01','FRES88',0,0),(112,6,'2013-01-25 08:29:10','2013-01-25 08:41:34',11,10300,10300,7,'RESTO01','FRES89',0,0),(113,0,'2013-05-18 23:12:40','2013-05-18 23:29:01',16,8800,8800,1,'RESTO01','FRES90',0,0),(114,0,'2013-05-18 23:21:21','2013-05-23 14:28:54',6667,2500,2500,3,'RESTO01','FRES91',0,0),(115,0,'2013-05-23 14:29:51','2013-05-23 14:30:14',0,3500,3500,3,'RESTO01','FRES92',0,0),(118,0,'2013-05-24 05:49:22','2013-05-24 05:49:33',0,3500,3500,1,'RESTO01','FRES93',0,0),(119,0,'2013-05-24 05:49:39','2013-05-24 05:49:55',0,2500,2500,4,'RESTO01','FRES94',0,0),(120,0,'2013-05-24 05:50:05','2013-05-24 05:50:29',0,5300,5300,3,'RESTO01','FRES95',0,0),(121,0,'2013-08-03 13:41:32','2013-08-03 14:41:18',59,1600,1600,3,'RESTO01','FRES96',0,0),(122,0,'2013-08-03 13:42:15','2013-08-03 14:41:23',59,8900,8900,7,'RESTO01','FRES97',0,0),(123,0,'2013-10-23 12:45:06','2013-10-23 21:44:34',538,2800,2800,5,'RESTO01','FRES98',0,0),(124,27,'2013-10-23 15:38:16','2013-10-23 15:43:14',4,5200,0,1,'RESTO01','FRES99',0,144),(125,0,'2013-10-25 22:08:27','2013-10-25 22:33:33',25,7200,7200,2,'RESTO01','FRES100',0,0),(126,0,'2013-10-25 22:10:12','2013-10-25 22:33:43',23,3500,3500,4,'RESTO01','FRES101',0,0),(127,30,'2013-10-26 12:08:04','2013-10-26 12:09:51',0,2000,0,2,'RESTO01','FRES102',0,149),(129,0,'2013-10-26 13:38:38','2013-10-26 13:38:56',0,8900,8900,9,'RESTO01','FBAR1',0,0),(130,33,'2013-10-26 13:39:57','2013-10-26 13:40:36',0,2000,0,12,'RESTO01','FBAR2',0,152),(131,31,'2013-10-26 18:59:02','2013-10-26 19:00:25',1,5000,0,14,'RESTO01','FBAR3',0,150),(132,0,'2013-10-26 19:22:11','2013-10-27 19:52:34',1470,4700,4700,3,'RESTO01','FRES104',0,0),(133,24,'2013-10-26 19:24:24','2013-10-27 19:52:43',1468,3200,0,5,'RESTO01','FRES105',0,146),(134,35,'2013-10-26 19:41:48','2013-10-27 19:52:26',1450,1500,0,2,'RESTO01','FRES106',0,155),(135,36,'2013-10-26 19:43:25','2013-10-27 19:51:53',1447,9800,0,6,'RESTO01','FRES107',0,156);
/*!40000 ALTER TABLE `repas_complet_resto` ENABLE KEYS */;
UNLOCK TABLES;

--
-- Table structure for table `reservation`
--

DROP TABLE IF EXISTS `reservation`;
/*!40101 SET @saved_cs_client     = @@character_set_client */;
/*!40101 SET character_set_client = utf8 */;
CREATE TABLE `reservation` (
  `NumReservation` int(11) NOT NULL AUTO_INCREMENT,
  `DateDemande` datetime NOT NULL,
  `DateOccupation` datetime NOT NULL,
  `DureeOccupation` int(11) NOT NULL,
  `Cout` int(11) NOT NULL DEFAULT '0',
  `Avance` int(11) NOT NULL DEFAULT '0',
  `CodeClient` int(11) NOT NULL,
  `IdGroupe` int(11) NOT NULL DEFAULT '0',
  `IdProfile` int(11) NOT NULL DEFAULT '0',
  PRIMARY KEY (`NumReservation`)
) ENGINE=InnoDB AUTO_INCREMENT=101 DEFAULT CHARSET=latin1;
/*!40101 SET character_set_client = @saved_cs_client */;

--
-- Dumping data for table `reservation`
--

LOCK TABLES `reservation` WRITE;
/*!40000 ALTER TABLE `reservation` DISABLE KEYS */;
INSERT INTO `reservation` VALUES (1,'2012-06-08 02:46:08','2012-06-08 12:00:00',2,20000,10000,2,0,0),(2,'2012-06-16 12:02:44','2012-06-17 12:00:00',3,36000,0,1,0,0),(3,'2012-06-16 12:47:11','2012-06-16 12:00:00',3,30000,0,3,0,0),(4,'2012-06-17 15:22:03','2012-06-18 12:00:00',3,54000,0,10,0,0),(5,'2012-06-20 18:58:32','2012-06-21 18:58:11',4,0,0,6,0,0),(6,'2012-06-20 19:27:51','2012-06-21 19:27:09',4,200000,200000,5,0,0),(9,'2012-06-20 20:13:43','2012-06-21 20:13:18',3,30000,0,6,0,0),(10,'2012-06-20 20:13:43','2012-06-21 20:13:18',5,50000,0,9,0,0),(11,'2012-06-20 20:14:37','2012-06-22 20:14:16',3,30000,0,3,0,0),(12,'2012-06-20 20:14:37','2012-06-22 20:14:16',4,40000,0,2,0,0),(13,'2012-06-20 21:52:51','2012-06-23 21:52:48',3,40000,0,5,0,0),(14,'2012-06-21 01:37:05','2012-06-24 12:00:00',2,20000,0,5,0,0),(15,'2012-06-21 01:37:05','2012-06-26 12:00:00',2,20000,20000,5,0,0),(16,'2012-06-21 01:37:57','2012-06-25 12:00:00',1,30000,0,3,0,0),(17,'2012-06-21 02:10:03','2012-06-23 12:00:00',3,200000,0,5,0,0),(18,'2012-06-21 12:12:00','2012-06-29 12:00:00',3,50000,0,2,0,0),(19,'2012-06-21 14:31:43','2012-06-30 12:00:00',2,30000,10000,1,0,0),(20,'2012-06-22 09:16:36','2012-06-26 12:00:00',3,30000,10000,9,0,0),(21,'2012-06-22 19:37:14','2012-06-22 12:00:00',2,0,0,5,0,0),(23,'2012-06-29 12:53:59','2012-06-29 12:00:00',2,100000,0,3,0,0),(24,'2012-06-29 13:23:33','2012-06-29 12:00:00',2,120000,0,6,0,0),(25,'2012-06-29 13:25:37','2012-06-29 12:00:00',2,30000,0,4,0,0),(26,'2012-06-29 13:36:24','2012-06-29 12:00:00',2,20000,0,9,0,0),(27,'2012-06-29 14:13:58','2012-06-29 12:00:00',2,20000,0,1,0,0),(28,'2012-06-29 14:18:46','2012-06-29 12:00:00',3,30000,0,2,0,0),(29,'2012-06-29 14:21:37','2012-06-29 12:00:00',2,20000,0,4,0,0),(30,'2012-06-29 17:24:23','2012-06-29 12:00:00',3,150000,0,4,0,0),(31,'2012-07-02 21:14:47','2012-07-02 12:00:00',4,40000,0,4,4,0),(32,'2012-07-02 21:14:47','2012-07-02 12:00:00',4,40000,0,3,4,0),(33,'2012-07-02 21:14:47','2012-07-02 12:00:00',4,24000,0,6,4,0),(34,'2012-07-02 21:14:47','2012-07-02 12:00:00',4,40000,0,9,4,0),(35,'2012-07-02 22:34:42','2012-07-02 12:00:00',4,24000,0,7,4,0),(36,'2012-07-02 22:34:42','2012-07-02 12:00:00',4,160000,0,8,4,0),(37,'2012-07-02 22:34:42','2012-07-02 12:00:00',4,24000,0,10,4,0),(38,'2012-07-02 22:34:42','2012-07-02 12:00:00',4,40000,0,2,4,0),(39,'2012-07-10 14:41:07','2012-07-10 12:00:00',3,18000,0,3,0,0),(40,'2012-07-10 14:41:07','2012-07-10 12:00:00',3,18000,0,5,0,0),(41,'2012-07-10 14:41:52','2012-07-10 12:00:00',2,12000,0,15,0,0),(42,'2012-07-12 11:28:48','2012-07-13 12:00:00',3,30000,0,16,5,1),(43,'2012-07-12 11:28:48','2012-07-13 12:00:00',3,30000,0,15,5,1),(44,'2012-07-12 11:28:48','2012-07-13 12:00:00',3,30000,0,13,5,1),(45,'2012-07-12 11:28:48','2012-07-13 12:00:00',3,30000,0,12,5,1),(46,'2012-07-12 11:28:48','2012-07-13 12:00:00',3,45000,0,3,5,1),(47,'2012-07-12 20:10:26','2012-07-12 12:00:00',1,120000,0,16,5,4),(48,'2012-07-12 20:10:26','2012-07-12 12:00:00',1,120000,0,15,5,4),(49,'2012-07-12 20:10:26','2012-07-12 12:00:00',1,120000,0,13,5,4),(50,'2012-07-12 20:10:26','2012-07-12 12:00:00',1,120000,0,12,5,4),(51,'2012-07-12 20:11:19','2012-07-12 12:00:00',1,120000,0,14,5,4),(52,'2012-07-12 20:11:19','2012-07-12 12:00:00',1,120000,0,3,5,4),(53,'2012-07-13 21:19:47','2012-07-14 12:00:00',4,825000,0,16,0,8),(54,'2012-07-16 10:24:06','2012-07-17 12:00:00',1,18000,0,1,6,2),(55,'2012-07-16 10:24:06','2012-07-17 12:00:00',1,18000,0,4,6,2),(56,'2012-07-16 10:24:06','2012-07-17 12:00:00',1,18000,0,13,6,2),(57,'2012-07-16 10:24:06','2012-07-17 12:00:00',1,18000,0,14,6,2),(58,'2012-07-16 10:24:06','2012-07-17 12:00:00',1,18000,0,15,6,2),(59,'2012-07-24 13:59:05','2012-07-24 12:00:00',3,30000,0,6,0,1),(60,'2012-08-03 11:39:45','2012-08-03 12:00:00',1,0,0,16,5,4),(61,'2012-08-03 12:19:22','2012-08-03 12:00:00',2,110000,60000,21,0,8),(62,'2012-08-04 16:07:54','2012-08-04 12:00:00',3,120000,0,16,5,4),(63,'2012-08-04 16:09:56','2012-08-04 12:00:00',3,120000,0,15,5,4),(64,'2012-08-04 16:09:56','2012-08-04 12:00:00',3,120000,0,12,5,4),(65,'2012-08-04 16:09:56','2012-08-04 12:00:00',3,120000,0,13,5,4),(66,'2012-08-04 16:09:56','2012-08-04 12:00:00',3,120000,0,14,5,4),(67,'2012-08-04 16:09:56','2012-08-04 12:00:00',3,120000,0,3,5,4),(68,'2012-08-18 23:20:26','2012-08-18 12:00:00',2,80000,0,9,13,4),(69,'2013-05-18 23:01:07','2013-05-20 12:00:00',3,30000,20000,25,0,1),(70,'2013-05-23 14:26:06','2013-05-25 12:00:00',3,30000,20000,13,0,1),(71,'2013-05-23 14:26:06','2013-05-25 12:00:00',3,30000,20000,23,0,1),(72,'2013-05-23 14:26:06','2013-05-25 12:00:00',3,30000,0,9,0,1),(73,'2013-05-24 05:46:51','2013-05-25 12:00:00',2,20000,20000,25,0,1),(74,'2013-10-23 12:36:27','2013-10-26 12:00:00',3,30000,15000,1,0,1),(75,'2013-10-23 12:37:02','2013-10-27 12:00:00',3,30000,0,23,0,1),(76,'2013-10-23 15:22:18','2013-10-26 12:00:00',3,18000,9000,26,0,2),(77,'2013-10-23 15:31:16','2013-10-23 12:00:00',1,0,0,16,0,1),(78,'2013-10-24 11:39:31','2013-10-24 12:00:00',3,18000,9000,28,0,2),(79,'2013-10-24 16:58:14','2013-10-25 12:00:00',3,120000,0,30,14,4),(80,'2013-10-24 16:58:14','2013-10-25 12:00:00',3,120000,0,31,14,4),(81,'2013-10-24 16:58:14','2013-10-25 12:00:00',3,120000,0,29,14,4),(82,'2013-10-24 16:59:23','2013-10-25 12:00:00',3,120000,0,32,14,4),(83,'2013-10-24 16:59:23','2013-10-25 12:00:00',3,120000,0,33,14,4),(90,'2013-10-24 17:17:38','2013-10-24 12:00:00',3,120000,0,29,14,4),(91,'2013-10-24 17:17:38','2013-10-24 12:00:00',3,120000,0,30,14,4),(92,'2013-10-24 17:17:38','2013-10-24 12:00:00',3,120000,0,31,14,4),(93,'2013-10-24 17:17:38','2013-10-24 12:00:00',3,120000,0,32,14,4),(94,'2013-10-24 17:17:38','2013-10-24 12:00:00',3,120000,0,33,14,4),(95,'2013-10-26 19:36:43','2013-10-26 12:00:00',3,210000,0,34,15,4),(96,'2013-10-26 19:36:43','2013-10-26 12:00:00',3,210000,0,35,15,4),(97,'2013-10-26 19:36:43','2013-10-26 12:00:00',3,210000,0,36,15,4),(98,'2013-10-27 22:01:40','2013-10-27 12:00:00',2,240000,0,37,16,5),(99,'2013-10-27 22:01:40','2013-10-27 12:00:00',2,240000,0,38,16,5),(100,'2013-10-27 22:01:40','2013-10-27 12:00:00',2,240000,0,39,16,5);
/*!40000 ALTER TABLE `reservation` ENABLE KEYS */;
UNLOCK TABLES;

--
-- Table structure for table `service_entreprise`
--

DROP TABLE IF EXISTS `service_entreprise`;
/*!40101 SET @saved_cs_client     = @@character_set_client */;
/*!40101 SET character_set_client = utf8 */;
CREATE TABLE `service_entreprise` (
  `Id_se` int(11) NOT NULL AUTO_INCREMENT,
  `Nom` varchar(160) NOT NULL,
  PRIMARY KEY (`Id_se`)
) ENGINE=InnoDB AUTO_INCREMENT=5 DEFAULT CHARSET=latin1;
/*!40101 SET character_set_client = @saved_cs_client */;

--
-- Dumping data for table `service_entreprise`
--

LOCK TABLES `service_entreprise` WRITE;
/*!40000 ALTER TABLE `service_entreprise` DISABLE KEYS */;
INSERT INTO `service_entreprise` VALUES (1,'Administration'),(2,'Comptabilité'),(3,'Réception'),(4,'Restaurant');
/*!40000 ALTER TABLE `service_entreprise` ENABLE KEYS */;
UNLOCK TABLES;

--
-- Table structure for table `table_resto`
--

DROP TABLE IF EXISTS `table_resto`;
/*!40101 SET @saved_cs_client     = @@character_set_client */;
/*!40101 SET character_set_client = utf8 */;
CREATE TABLE `table_resto` (
  `IdTableResto` int(11) NOT NULL AUTO_INCREMENT,
  `Nom` varchar(50) NOT NULL,
  `Occupee` tinyint(1) NOT NULL DEFAULT '0',
  `Supprime` tinyint(1) NOT NULL DEFAULT '0',
  `Bar` tinyint(1) NOT NULL DEFAULT '0',
  PRIMARY KEY (`IdTableResto`)
) ENGINE=InnoDB AUTO_INCREMENT=18 DEFAULT CHARSET=latin1;
/*!40101 SET character_set_client = @saved_cs_client */;

--
-- Dumping data for table `table_resto`
--

LOCK TABLES `table_resto` WRITE;
/*!40000 ALTER TABLE `table_resto` DISABLE KEYS */;
INSERT INTO `table_resto` VALUES (1,'Table 1',0,0,0),(2,'Table 2',0,0,0),(3,'Table 3',0,0,0),(4,'Table 4',0,0,0),(5,'Table 5',0,0,0),(6,'Table 6',0,0,0),(7,'Table 7',0,0,0),(8,'Table 8',0,0,0),(9,'Table 1',0,0,1),(10,'Table 2',0,0,1),(11,'Table 3',0,0,1),(12,'Table 4',0,0,1),(13,'Table 5',0,0,1),(14,'Table 6',0,0,1),(15,'Table 7',0,0,1),(16,'Table 8',0,0,1),(17,'bouaké',0,1,1);
/*!40000 ALTER TABLE `table_resto` ENABLE KEYS */;
UNLOCK TABLES;

--
-- Table structure for table `taux`
--

DROP TABLE IF EXISTS `taux`;
/*!40101 SET @saved_cs_client     = @@character_set_client */;
/*!40101 SET character_set_client = utf8 */;
CREATE TABLE `taux` (
  `idTaux` int(11) NOT NULL AUTO_INCREMENT,
  `Nom` varchar(30) NOT NULL,
  `Valeur` float NOT NULL,
  PRIMARY KEY (`idTaux`)
) ENGINE=InnoDB AUTO_INCREMENT=3 DEFAULT CHARSET=latin1;
/*!40101 SET character_set_client = @saved_cs_client */;

--
-- Dumping data for table `taux`
--

LOCK TABLES `taux` WRITE;
/*!40000 ALTER TABLE `taux` DISABLE KEYS */;
INSERT INTO `taux` VALUES (1,'TVA',0.18),(2,'Taxe touristique',0.04);
/*!40000 ALTER TABLE `taux` ENABLE KEYS */;
UNLOCK TABLES;

--
-- Table structure for table `type_categorie_menu`
--

DROP TABLE IF EXISTS `type_categorie_menu`;
/*!40101 SET @saved_cs_client     = @@character_set_client */;
/*!40101 SET character_set_client = utf8 */;
CREATE TABLE `type_categorie_menu` (
  `IdTypeCatMenu` int(11) NOT NULL AUTO_INCREMENT,
  `Libelle` varchar(50) NOT NULL,
  PRIMARY KEY (`IdTypeCatMenu`)
) ENGINE=InnoDB AUTO_INCREMENT=3 DEFAULT CHARSET=latin1;
/*!40101 SET character_set_client = @saved_cs_client */;

--
-- Dumping data for table `type_categorie_menu`
--

LOCK TABLES `type_categorie_menu` WRITE;
/*!40000 ALTER TABLE `type_categorie_menu` DISABLE KEYS */;
INSERT INTO `type_categorie_menu` VALUES (1,'Nourriture'),(2,'Boisson');
/*!40000 ALTER TABLE `type_categorie_menu` ENABLE KEYS */;
UNLOCK TABLES;

--
-- Table structure for table `types_de_chambre`
--

DROP TABLE IF EXISTS `types_de_chambre`;
/*!40101 SET @saved_cs_client     = @@character_set_client */;
/*!40101 SET character_set_client = utf8 */;
CREATE TABLE `types_de_chambre` (
  `idTypeChambre` int(11) NOT NULL AUTO_INCREMENT,
  `Type` varchar(225) NOT NULL,
  `Disponible` tinyint(1) NOT NULL DEFAULT '1',
  PRIMARY KEY (`idTypeChambre`)
) ENGINE=InnoDB AUTO_INCREMENT=7 DEFAULT CHARSET=latin1;
/*!40101 SET character_set_client = @saved_cs_client */;

--
-- Dumping data for table `types_de_chambre`
--

LOCK TABLES `types_de_chambre` WRITE;
/*!40000 ALTER TABLE `types_de_chambre` DISABLE KEYS */;
INSERT INTO `types_de_chambre` VALUES (1,'Chambre ventilée',1),(2,'Chambre climatisée',1),(3,'Suite',1),(4,'Chambre Junior',1),(5,'Chambre VIP',1),(6,'Chambre VIP Top',1);
/*!40000 ALTER TABLE `types_de_chambre` ENABLE KEYS */;
UNLOCK TABLES;

--
-- Table structure for table `types_de_client`
--

DROP TABLE IF EXISTS `types_de_client`;
/*!40101 SET @saved_cs_client     = @@character_set_client */;
/*!40101 SET character_set_client = utf8 */;
CREATE TABLE `types_de_client` (
  `idTypeClient` int(11) NOT NULL AUTO_INCREMENT,
  `Type` varchar(100) NOT NULL,
  `Disponible` tinyint(1) NOT NULL DEFAULT '1',
  PRIMARY KEY (`idTypeClient`)
) ENGINE=InnoDB AUTO_INCREMENT=5 DEFAULT CHARSET=latin1;
/*!40101 SET character_set_client = @saved_cs_client */;

--
-- Dumping data for table `types_de_client`
--

LOCK TABLES `types_de_client` WRITE;
/*!40000 ALTER TABLE `types_de_client` DISABLE KEYS */;
INSERT INTO `types_de_client` VALUES (1,'Particulier',1),(2,'Société',1),(3,'Eglise',1),(4,'ONG',1);
/*!40000 ALTER TABLE `types_de_client` ENABLE KEYS */;
UNLOCK TABLES;
/*!40103 SET TIME_ZONE=@OLD_TIME_ZONE */;

/*!40101 SET SQL_MODE=@OLD_SQL_MODE */;
/*!40014 SET FOREIGN_KEY_CHECKS=@OLD_FOREIGN_KEY_CHECKS */;
/*!40014 SET UNIQUE_CHECKS=@OLD_UNIQUE_CHECKS */;
/*!40101 SET CHARACTER_SET_CLIENT=@OLD_CHARACTER_SET_CLIENT */;
/*!40101 SET CHARACTER_SET_RESULTS=@OLD_CHARACTER_SET_RESULTS */;
/*!40101 SET COLLATION_CONNECTION=@OLD_COLLATION_CONNECTION */;
/*!40111 SET SQL_NOTES=@OLD_SQL_NOTES */;

-- Dump completed on 2013-10-28  9:59:58
